title,author,binding,in_stock,category,product_url,price_idr,original_price_idr,discount_percent,isbn,publisher,publication_date,pages,language,weight,review_count
Days at the Morisaki Bookshop,"Yagisawa, Satoshi",Paperback,1,Fiction & Literature,http://www.periplus.com/p/9781786583239/days-at-the-morisaki-bookshop?path=1_32,258000.0,258000.0,0.0,9781786583239.0,Bonnier Books Ltd,04 July 2023,160.0,English UK / Other,0.17,4
The Housemaid,"McFadden, Freida",Paperback,1,Fiction & Literature,http://www.periplus.com/p/9781538742570/the-housemaid?path=1_32,258000.0,258000.0,0.0,9781538742570.0,Grand Central Publishing,-,336.0,English,0.27,4
Project Hail Mary,"Weir, Andy",Paperback,1,Fiction & Literature,http://www.periplus.com/p/9780593135228/project-hail-mary?path=1_32,248000.0,358000.0,31.0,9780593135228.0,Ballantine Books,-,496.0,English,0.34,1
Batman: Hush: DC Compact Comics Edition,"Loeb, Jeph",Paperback,1,Fiction & Literature,http://www.periplus.com/p/9781779527264/batman-hush-dc-compact-comics-edition?path=1_32,198000.0,198000.0,0.0,9781779527264.0,DC Comics,-,312.0,English,0.36,1
Strange Pictures,Uketsu,Paperback,1,Fiction & Literature,http://www.periplus.com/p/9780063433083/strange-pictures?path=1_32,360000.0,360000.0,0.0,9780063433083.0,Harpervia,-,240.0,English,0.23,5
Strange Houses,Uketsu,Paperback,1,Fiction & Literature,http://www.periplus.com/p/9780063433151/strange-houses?path=1_32,360000.0,360000.0,0.0,9780063433151.0,Harpervia,-,208.0,English,0.2,3
Madonna in a Fur Coat,"Ali, Sabahattin",Paperback,1,Fiction & Literature,http://www.periplus.com/p/9780241422267/madonna-in-a-fur-coat?path=1_32,225000.0,225000.0,0.0,9780241422267.0,Penguin Books Ltd,04 March 2021,192.0,English,0.15,1
Watchmen: DC Compact Comics Edition,"Moore, Alan",Paperback,1,Fiction & Literature,http://www.periplus.com/p/9781779527325/watchmen-dc-compact-comics-edition?path=1_32,198000.0,198000.0,0.0,9781779527325.0,DC Comics,-,416.0,English,0.54,0
An Offer from a Gentleman [Tv Tie-In]: Benedict's ...,"Quinn, Julia",Paperback,1,Fiction & Literature,http://www.periplus.com/p/9780063484948/an-offer-from-a-gentleman-tv-tie-in-benedict-s-story-the-inspiration-for-bridgerton-season-four?path=1_32,188000.0,238000.0,21.0,9780063484948.0,Avon Books,-,480.0,English,0.37,3
"Jujutsu Kaisen, Vol. 26","Akutami, Gege",Paperback,1,Fiction & Literature,http://www.periplus.com/p/9781974754977/jujutsu-kaisen-vol-26?path=1_32,238000.0,238000.0,0.0,9781974754977.0,Viz Media,-,192.0,English,0.18,0
There are Rivers in the Sky,"Shafak, Elif",Paperback,1,Fiction & Literature,http://www.periplus.com/p/9780241988749/there-are-rivers-in-the-sky?path=1_32,250000.0,250000.0,0.0,9780241988749.0,Penguin Books Ltd,03 April 2025,496.0,English UK / Other,0.34,3
Good Material,"Alderton, Dolly",Paperback,1,Fiction & Literature,http://www.periplus.com/p/9780241993163/good-material?path=1_32,250000.0,250000.0,0.0,9780241993163.0,Penguin Books Ltd,01 August 2024,352.0,English UK / Other,0.25,1
The Seven Year Slip,"Poston, Ashley",Paperback,1,Fiction & Literature,http://www.periplus.com/p/9780593336502/the-seven-year-slip?path=1_32,205000.0,290000.0,29.0,9780593336502.0,Berkley Books,-,368.0,English,0.34,2
I Decided to Live as Me,Unknown Author,Paperback,1,Fiction & Literature,http://www.periplus.com/p/9780593994917/i-decided-to-live-as-me?path=1_32,268000.0,268000.0,0.0,9780593994917.0,PRHUS,-,272.0,English,0.8,1
Supergirl: Woman of Tomorrow: DC Compact Comics,"King, Tom",Paperback,1,Fiction & Literature,http://www.periplus.com/p/9781799506904/supergirl-woman-of-tomorrow-dc-compact-comics?path=1_32,198000.0,198000.0,0.0,9781799506904.0,DC Comics,-,216.0,English,0.25,2
Happy Place,Emily Henry,Paperback,1,Fiction & Literature,http://www.periplus.com/p/9780593817704/happy-place?path=1_32,235000.0,235000.0,0.0,9780593817704.0,Penguin LLC US; 1st edition,05 March 2024,405.0,English,0.5,0
All The Lovers In The Night,"Kawakami, Mieko",Paperback,1,Fiction & Literature,http://www.periplus.com/p/9781509898299/all-the-lovers-in-the-night?path=1_32,265000.0,265000.0,0.0,9781509898299.0,Pan Macmillan,11 May 2023,224.0,English,0.16,1
Superman: Birthright: DC Compact Comics Edition,"Waid, Mark",Paperback,1,Fiction & Literature,http://www.periplus.com/p/9781799501916/superman-birthright-dc-compact-comics-edition?path=1_32,198000.0,228000.0,13.0,9781799501916.0,DC Comics,-,312.0,English,0.36,0
What You Are Looking for Is in the Library,"Aoyama, Michiko",Paperback,1,Fiction & Literature,http://www.periplus.com/p/9781804994139/what-you-are-looking-for-is-in-the-library?path=1_32,250000.0,250000.0,0.0,9781804994139.0,Penguin Books,20 June 2024,0.0,English,0.0,3
Everything I Know About Love,"Alderton, Dolly",Paperback,1,Fiction & Literature,http://www.periplus.com/p/9780241982105/everything-i-know-about-love?path=1_32,275000.0,275000.0,0.0,9780241982105.0,Penguin Books Ltd,07 February 2019,384.0,English UK / Other,0.27,0
Days at the Torunka Café,"Yagisawa, Satoshi",Paperback,1,Fiction & Literature,http://www.periplus.com/p/9780063445857/days-at-the-torunka-caf?path=1_32,258000.0,258000.0,0.0,9780063445857.0,Harper Perennial,-,240.0,English,0.18,0
All-Star Superman: DC Compact Comics Edition,"Morrison, Grant",Paperback,1,Fiction & Literature,http://www.periplus.com/p/9781779527257/all-star-superman-dc-compact-comics-edition?path=1_32,198000.0,198000.0,0.0,9781779527257.0,DC Comics,-,296.0,English,0.39,0
The Boyfriend,"McFadden, Freida",Paperback,1,Fiction & Literature,http://www.periplus.com/p/9781728296227/the-boyfriend?path=1_32,255000.0,255000.0,0.0,9781728296227.0,Poisoned Pen Press,-,368.0,English,0.34,0
The Housemaid Is Watching,"McFadden, Freida",Paperback,1,Fiction & Literature,http://www.periplus.com/p/9781464280245/the-housemaid-is-watching?path=1_32,238000.0,238000.0,0.0,9781464280245.0,Poisoned Pen Press,-,416.0,English,0.34,5
Every Summer After,"Fortune, Carley",Paperback,1,Fiction & Literature,http://www.periplus.com/p/9780593438534/every-summer-after?path=1_32,205000.0,334000.0,39.0,9780593438534.0,Berkley Books,-,336.0,English,0.28,1
Batman: Arkham Asylum: DC Compact Comics,"Morrison, Grant",Paperback,1,Fiction & Literature,http://www.periplus.com/p/9781799506997/batman-arkham-asylum-dc-compact-comics?path=1_32,198000.0,198000.0,0.0,9781799506997.0,DC Comics,-,144.0,English,0.14,0
Strange Houses,Uketsu,Paperback,1,Fiction & Literature,http://www.periplus.com/p/9781805335375/strange-houses?path=1_32,395000.0,395000.0,0.0,9781805335375.0,Pushkin Press,03 July 2025,208.0,English,0.22,1
"Jujutsu Kaisen, Vol. 25","Akutami, Gege",Paperback,1,Fiction & Literature,http://www.periplus.com/p/9781974751884/jujutsu-kaisen-vol-25?path=1_32,238000.0,238000.0,0.0,9781974751884.0,Viz Media,-,208.0,English,0.18,3
Jane Eyre,"Brontë, Charlotte",Paperback,1,Fiction & Literature,http://www.periplus.com/p/9780141441146/jane-eyre?path=1_32,225000.0,225000.0,0.0,9780141441146.0,Penguin Classics,01 November 2006,624.0,English,0.44,0
The Tenant,"McFadden, Freida",Paperback,1,Fiction & Literature,http://www.periplus.com/p/9781464227318/the-tenant?path=1_32,255000.0,255000.0,0.0,9781464227318.0,Poisoned Pen Press,-,368.0,English,0.29,1
People We Meet on Vacation,"Henry, Emily",Paperback,1,Fiction & Literature,http://www.periplus.com/p/9781984806758/people-we-meet-on-vacation?path=1_32,235000.0,235000.0,0.0,9781984806758.0,Berkley Books,11 May 2021,400.0,English,0.36,2
Onyx Storm,"Yarros, Rebecca",Paperback,1,Fiction & Literature,http://www.periplus.com/p/9780349437071/onyx-storm?path=1_32,255000.0,365000.0,30.0,9780349437071.0,"Little, Brown",21 January 2025,0.0,English,0.64,0
The Midnight Library: A GMA Book Club Pick,"Haig, Matt",Paperback,1,Fiction & Literature,http://www.periplus.com/p/9780525559498/the-midnight-library-a-gma-book-club-pick?path=1_32,248000.0,248000.0,0.0,9780525559498.0,Penguin Books,-,304.0,English,0.23,0
Pablo and Splash: Roman Holiday,"Dempsey, Sheena",Paperback,1,Fiction & Literature,http://www.periplus.com/p/9781526662859/pablo-and-splash-roman-holiday?path=1_32,200000.0,200000.0,0.0,9781526662859.0,Bloomsbury Publishing PLC,31 July 2025,240.0,English UK / Other,0.48,0
Love Poems,"Kaur, Rupi",Hardcover,1,Fiction & Literature,http://www.periplus.com/p/9798881606343/love-poems?path=1_32,398000.0,398000.0,0.0,9798881606343.0,Andrews McMeel Publishing,-,144.0,English,0.27,0
Sunrise on the Reaping,"Collins, Suzanne",Hardcover,1,Fiction & Literature,http://www.periplus.com/p/9780702340574/sunrise-on-the-reaping?path=1_32,515000.0,515000.0,0.0,9780702340574.0,Scholastic,18 March 2025,416.0,English UK / Other,0.69,1
Never Lie,"McFadden, Freida",Paperback,1,Fiction & Literature,http://www.periplus.com/p/9781728296166/never-lie?path=1_32,255000.0,325000.0,22.0,9781728296166.0,Poisoned Pen Press,-,304.0,English,0.27,2
The Surrogate Mother,"McFadden, Freida",Paperback,1,Fiction & Literature,http://www.periplus.com/p/9781464227301/the-surrogate-mother?path=1_32,255000.0,255000.0,0.0,9781464227301.0,Poisoned Pen Press,-,320.0,English,0.28,0
Blue Lock 19,"Kaneshiro, Muneyuki",Paperback,1,Fiction & Literature,http://www.periplus.com/p/9781646517985/blue-lock-19?path=1_32,245000.0,245000.0,0.0,9781646517985.0,Kodansha Comics,-,208.0,English,0.25,1
Not Quite Dead Yet tpb US,by Holly Jackson,Paperback,1,Fiction & Literature,http://www.periplus.com/p/9798217091591/not-quite-dead-yet-tpb-us?path=1_32,365000.0,365000.0,0.0,9798217091591.0,PRHUS,22 July 2025,0.0,English,0.5,0
Letters from a Stoic,"Seneca, Lucius Annaeus",Paperback,1,Fiction & Literature,http://www.periplus.com/p/9780008425050/letters-from-a-stoic?path=1_32,82000.0,82000.0,0.0,9780008425050.0,William Collins,17 September 2020,256.0,English,0.16,1
"Solo Leveling, Vol. 14 (Comic): Side Stories 1",-,Paperback,1,Fiction & Literature,http://www.periplus.com/p/9798400904646/solo-leveling-vol-14-comic-side-stories-1?path=1_32,445000.0,445000.0,0.0,9798400904646.0,Ize Press,-,312.0,English,0.52,0
"Jujutsu Kaisen, Vol. 27","Akutami, Gege",Paperback,1,Fiction & Literature,http://www.periplus.com/p/9781974755592/jujutsu-kaisen-vol-27?path=1_32,238000.0,238000.0,0.0,9781974755592.0,Viz Media,-,192.0,English,0.16,0
"Love Bullet, Vol. 1",Inee,Paperback,1,Fiction & Literature,http://www.periplus.com/p/9798855430301/love-bullet-vol-1?path=1_32,285000.0,285000.0,0.0,9798855430301.0,Yen Press,-,196.0,English,0.2,2
Family Happiness,"Tolstoy, Leo",Paperback,1,Fiction & Literature,http://www.periplus.com/p/9780241746936/family-happiness?path=1_32,138000.0,138000.0,0.0,9780241746936.0,Penguin Books Ltd,17 April 2025,144.0,English UK / Other,0.09,0
Almond (Nomad Edition),"Sohn, Won-Pyung",Paperback,1,Fiction & Literature,http://www.periplus.com/p/9780063469228/almond-nomad-edition?path=1_32,258000.0,258000.0,0.0,9780063469228.0,Harpervia,-,352.0,English,0.38,0
The Housemaid,Freida McFadden,Paperback,1,Fiction & Literature,http://www.periplus.com/p/9781538780015/the-housemaid?path=1_32,238000.0,238000.0,0.0,9781538780015.0,Hachette US,11 November 2025,336.0,English,0.18,3
Meditations,"Aurelius, Marcus",Paperback,1,Fiction & Literature,http://www.periplus.com/p/9780008425029/meditations?path=1_32,82000.0,82000.0,0.0,9780008425029.0,HarperCollins Publishers,17 September 2020,256.0,English,0.09,2
Killer Instinct,"Barnes, Jennifer Lynn",Paperback,1,Fiction & Literature,http://www.periplus.com/p/9780316540728/killer-instinct?path=1_32,258000.0,258000.0,0.0,9780316540728.0,"Little, Brown Books for Young Readers",-,400.0,English,0.34,0
Picking Daisies on Sundays,"Cincotti, Liana",Paperback,0,Fiction & Literature,http://www.periplus.com/p/9798396490833/picking-daisies-on-sundays?path=1_32,347000.0,347000.0,0.0,9798396490833.0,Independently Published,-,326.0,English,0.38,0
Babel: Or the Necessity of Violence: An Arcane History...,"Kuang, R. F.",Paperback,1,Fiction & Literature,http://www.periplus.com/p/9780063021433/babel-or-the-necessity-of-violence-an-arcane-history-of-the-oxford-translators-revolution?path=1_32,238000.0,238000.0,0.0,9780063021433.0,Harper Voyager,-,560.0,English,0.41,1
Loved One,"Muharrar, Aisha",Hardcover,1,Fiction & Literature,http://www.periplus.com/p/9780593655849/loved-one?path=1_32,575000.0,575000.0,0.0,9780593655849.0,Viking,-,336.0,English,0.5,0
"One Piece (Omnibus Edition), Vol. 35: Includes Vols...","Oda, Eiichiro",Paperback,1,Fiction & Literature,http://www.periplus.com/p/9781974755899/one-piece-omnibus-edition-vol-35-includes-vols-103-104-and-105?path=1_32,338000.0,338000.0,0.0,9781974755899.0,Viz Media,-,600.0,English,0.36,0
In Ghostly Japan pb,"by Lafcadio Hearn (Author), Michael Dyla",Paperback,1,Fiction & Literature,http://www.periplus.com/p/9784805318553/in-ghostly-japan-pb?path=1_32,228000.0,228000.0,0.0,9784805318553.0,Periplus / Tuttle,04 May 2021,192.0,English,1.05,0
We'll Prescribe You a Cat,"Ishida, Syou",Hardcover,1,Fiction & Literature,http://www.periplus.com/p/9781529936711/we-ll-prescribe-you-a-cat?path=1_32,308000.0,308000.0,0.0,9781529936711.0,Transworld Publishers Ltd,05 September 2024,256.0,English,0.31,0
Fantastic Four: Solve Everything [Marvel Premier Collection...,"Hickman, Jonathan",Paperback,1,Fiction & Literature,http://www.periplus.com/p/9781302964870/fantastic-four-solve-everything-marvel-premier-collection?path=1_32,298000.0,298000.0,0.0,9781302964870.0,Marvel Universe,-,344.0,English,0.54,0
The Perfect Son,"McFadden, Freida",Paperback,1,Fiction & Literature,http://www.periplus.com/p/9781464227295/the-perfect-son?path=1_32,238000.0,238000.0,0.0,9781464227295.0,Poisoned Pen Press,-,320.0,English,0.25,2
Out of the Woods,"Bonam-Young, Hannah",Paperback,0,Fiction & Literature,http://www.periplus.com/p/9780593871867/out-of-the-woods?path=1_32,372000.0,372000.0,0.0,9780593871867.0,Dell,-,336.0,English,0.24,0
We'll Prescribe You a Cat,"Ishida, Syou",Hardcover,1,Fiction & Literature,http://www.periplus.com/p/9780593818749/we-ll-prescribe-you-a-cat?path=1_32,305000.0,305000.0,0.0,9780593818749.0,Berkley Books,-,304.0,English,0.31,0
Don't Be In Love,"Cincotti, Liana",Paperback,1,Fiction & Literature,http://www.periplus.com/p/9798335570060/don-t-be-in-love?path=1_32,480000.0,480000.0,0.0,9798335570060.0,Independently Published,-,352.0,English,0.41,0
All in,"Barnes, Jennifer Lynn",Paperback,1,Fiction & Literature,http://www.periplus.com/p/9780316540841/all-in?path=1_32,250000.0,250000.0,0.0,9780316540841.0,"Little, Brown Books for Young Readers",-,400.0,English,0.36,0
Better Than the Movies,"Painter, Lynn",Paperback,1,Fiction & Literature,http://www.periplus.com/p/9781534467637/better-than-the-movies?path=1_32,258000.0,258000.0,0.0,9781534467637.0,Simon & Schuster Books for Young Readers,-,384.0,English,0.3,1
Case File Compendium: Bing an Ben (Novel) Vol. 2,Rou Bao Bu Chi Rou,Paperback,0,Fiction & Literature,http://www.periplus.com/p/9781685797737/case-file-compendium-bing-an-ben-novel-vol-2?path=1_32,413000.0,413000.0,0.0,9781685797737.0,Seven Seas,-,436.0,English,0.53,3
Batman: Gotham by Gaslight: DC Compact Comics Edition...,"Augustyn, Brian",Paperback,1,Fiction & Literature,http://www.periplus.com/p/9781799506652/batman-gotham-by-gaslight-dc-compact-comics-edition?path=1_32,198000.0,198000.0,0.0,9781799506652.0,DC Comics,-,120.0,English,0.14,0
In Your Dreams,"Adams, Sarah",Paperback,1,Fiction & Literature,http://www.periplus.com/p/9780593723715/in-your-dreams?path=1_32,228000.0,228000.0,0.0,9780593723715.0,Dell,-,368.0,English,0.28,3
On the Calculation of Volume I,"Balle, Solvej",Paperback,1,Fiction & Literature,http://www.periplus.com/p/9780571383375/on-the-calculation-of-volume-i?path=1_32,325000.0,325000.0,0.0,9780571383375.0,Faber & Faber,10 April 2025,192.0,English UK / Other,0.21,0
"Solo Leveling, Vol. 13 (Comic)",-,Paperback,1,Fiction & Literature,http://www.periplus.com/p/9798400902598/solo-leveling-vol-13-comic?path=1_32,398000.0,398000.0,0.0,9798400902598.0,Ize Press,01 August 2025,296.0,English,0.5,0
Intermezzo,"Rooney, Sally",Paperback,1,Fiction & Literature,http://www.periplus.com/p/9780374608538/intermezzo?path=1_32,278000.0,338000.0,18.0,9780374608538.0,"Farrar, Straus and Giroux",-,432.0,English,0.45,0
Wuthering Heights,"Brontë, Emily",Paperback,1,Fiction & Literature,http://www.periplus.com/p/9780141439556/wuthering-heights?path=1_32,185000.0,189000.0,2.0,9780141439556.0,Penguin Classics,31 December 2002,416.0,English,0.29,1
The House Across the Lake,"Sager, Riley",Paperback,1,Fiction & Literature,http://www.periplus.com/p/9780593183212/the-house-across-the-lake?path=1_32,235000.0,235000.0,0.0,9780593183212.0,Penguin Publishing Group,-,384.0,English,0.32,3
Heaven Official's Blessing: Tian Guan CI Fu (Deluxe...,Mo Xiang Tong Xiu,Hardcover,0,Fiction & Literature,http://www.periplus.com/p/9798888433201/heaven-official-s-blessing-tian-guan-ci-fu-deluxe-hardcover-novel-vol-1?path=1_32,620000.0,620000.0,0.0,9798888433201.0,Seven Seas,-,420.0,English,0.82,1
"Musashi: Book One - Earth, Water & Fire - The Novel...","Yoshikawa, Eiji",Paperback,1,Fiction & Literature,http://www.periplus.com/p/9784805318416/musashi-book-one-earth-water-and-fire-the-novel-new-unabridged-translation?path=1_32,358000.0,358000.0,0.0,9784805318416.0,Tuttle Publishing,-,576.0,English,0.61,0
The Full Moon Coffee Shop : THE #1 INTERNATIONALLY...,"Mochizuki, Mai",Paperback,1,Fiction & Literature,http://www.periplus.com/p/9781914240942/the-full-moon-coffee-shop-the-1-internationally-bestselling-healing-series?path=1_32,315000.0,315000.0,0.0,9781914240942.0,Octopus Publishing Group,08 May 2025,272.0,English UK / Other,0.2,0
"Jujutsu Kaisen, Vol. 29","Akutami, Gege",Paperback,1,Fiction & Literature,http://www.periplus.com/p/9781974762019/jujutsu-kaisen-vol-29?path=1_32,238000.0,238000.0,0.0,9781974762019.0,Viz Media,-,192.0,English,0.16,0
The Poppy War,"Kuang, R. F.",Paperback,0,Fiction & Literature,http://www.periplus.com/p/9780063429147/the-poppy-war?path=1_32,207000.0,207000.0,0.0,9780063429147.0,Harper Voyager,-,640.0,English,0.33,1
"Kagurabachi, Vol. 1","Hokazono, Takeru",Paperback,1,Fiction & Literature,http://www.periplus.com/p/9781974747245/kagurabachi-vol-1?path=1_32,238000.0,238000.0,0.0,9781974747245.0,Viz Media,-,216.0,English,0.18,2
Whispering Rooms,"Kondo, Marie",Paperback,1,Fiction & Literature,http://www.periplus.com/p/9781806170586/whispering-rooms?path=1_32,285000.0,288000.0,1.0,9781806170586.0,Bonnier Books Ltd,22 January 2026,224.0,English UK / Other,0.17,0
Problematic Summer Romance,"Hazelwood, Ali",Paperback,1,Fiction & Literature,http://www.periplus.com/p/9781408729885/problematic-summer-romance?path=1_32,215000.0,215000.0,0.0,9781408729885.0,"Little, Brown Book Group",27 May 2025,416.0,English UK / Other,0.29,3
"Chinese Myths & Legends: Tales of Gods, Heroes & Monsters...",-,Hardcover,1,Fiction & Literature,http://www.periplus.com/p/9781804178065/chinese-myths-and-legends-tales-of-gods-heroes-and-monsters?path=1_32,248000.0,248000.0,0.0,9781804178065.0,Flame Tree Collections,-,416.0,English,0.2,0
Next Time Will Be Our Turn,"Sutanto, Jesse Q.",Paperback,1,Fiction & Literature,http://www.periplus.com/p/9780593816875/next-time-will-be-our-turn?path=1_32,218000.0,218000.0,0.0,9780593816875.0,Berkley Books,-,352.0,English,0.25,0
Immortal Consequences: A Good Morning America YA Book...,"Marie, I. V.",Hardcover,1,Fiction & Literature,http://www.periplus.com/p/9780593898802/immortal-consequences-a-good-morning-america-ya-book-club-pick?path=1_32,385000.0,385000.0,0.0,9780593898802.0,Delacorte Press,-,512.0,English,0.64,0
Sunrise on the Reaping: Collector's Gift Edition (...,"Collins, Suzanne",Hardcover,1,Fiction & Literature,http://www.periplus.com/p/9798225019280/sunrise-on-the-reaping-collector-s-gift-edition-the-hunger-games?path=1_32,682000.0,682000.0,0.0,9798225019280.0,Scholastic Press,-,400.0,English,0.54,0
"Kagurabachi, Vol. 5","Hokazono, Takeru",Paperback,1,Fiction & Literature,http://www.periplus.com/p/9781974758913/kagurabachi-vol-5?path=1_32,225000.0,225000.0,0.0,9781974758913.0,Viz Media,04 December 2025,192.0,English,0.18,0
The Husky and His White Cat Shizun: Erha He Ta de ...,Rou Bao Bu Chi Rou,Paperback,1,Fiction & Literature,http://www.periplus.com/p/9798888434857/the-husky-and-his-white-cat-shizun-erha-he-ta-de-bai-mao-shizun-novel-vol-10?path=1_32,368000.0,368000.0,0.0,9798888434857.0,Seven Seas,-,380.0,English,0.48,2
The Jasad Heir,"Hashem, Sara",Paperback,1,Fiction & Literature,http://www.periplus.com/p/9780316477864/the-jasad-heir?path=1_32,398000.0,398000.0,0.0,9780316477864.0,Orbit,-,528.0,English,0.57,0
Blue Lock 20,"Kaneshiro, Muneyuki",Paperback,1,Fiction & Literature,http://www.periplus.com/p/9781646518265/blue-lock-20?path=1_32,245000.0,245000.0,0.0,9781646518265.0,Kodansha Comics,-,208.0,English,0.25,0
The Picture of Dorian Gray,"Wilde, Oscar",Paperback,1,Fiction & Literature,http://www.periplus.com/p/9780141439570/the-picture-of-dorian-gray?path=1_32,225000.0,225000.0,0.0,9780141439570.0,Penguin Classics,04 February 2003,304.0,English,0.22,2
Blue Lock 21,"Kaneshiro, Muneyuki",Paperback,1,Fiction & Literature,http://www.periplus.com/p/9781646519446/blue-lock-21?path=1_32,196000.0,245000.0,20.0,9781646519446.0,Kodansha Comics,-,208.0,English,0.25,0
Harley Quinn: Wild at Heart: DC Compact Comics Edition...,"Conner, Amanda",Paperback,1,Fiction & Literature,http://www.periplus.com/p/9781799503033/harley-quinn-wild-at-heart-dc-compact-comics-edition?path=1_32,185000.0,185000.0,0.0,9781799503033.0,DC Comics,-,392.0,English,0.45,0
The Count of Monte Cristo,"Dumas, Alexandre",Paperback,1,Fiction & Literature,http://www.periplus.com/p/9780140449266/the-count-of-monte-cristo?path=1_32,275000.0,286000.0,4.0,9780140449266.0,Penguin Group,27 May 2003,1312.0,English,0.89,5
Spider-Man: Fake Red,"Osawa, Yusuke",Paperback,1,Fiction & Literature,http://www.periplus.com/p/9781974738786/spider-man-fake-red?path=1_32,298000.0,298000.0,0.0,9781974738786.0,Viz Media,13 June 2023,328.0,English,0.29,1
Deep End,"Hazelwood, Ali",Paperback,1,Fiction & Literature,http://www.periplus.com/p/9780593550441/deep-end?path=1_32,250000.0,250000.0,0.0,9780593550441.0,Berkley Books,-,464.0,English,0.34,0
Michaelides- Silent Patient,"Michaelides, Alex",Paperback,1,Fiction & Literature,http://www.periplus.com/p/9781250762481/michaelides-silent-patient?path=1_32,200000.0,200000.0,0.0,9781250762481.0,Penguin LCC US,10 December 2019,0.0,English,0.5,2
Problematic Summer Romance,"Hazelwood, Ali",Paperback,1,Fiction & Literature,http://www.periplus.com/p/9798217187430/problematic-summer-romance?path=1_32,235000.0,235000.0,0.0,9798217187430.0,Berkley Books,-,416.0,English,0.31,2
Murder at the Black Cat Café,"Yokomizo, Seishi",Paperback,1,Fiction & Literature,http://www.periplus.com/p/9781805335511/murder-at-the-black-cat-caf?path=1_32,275000.0,275000.0,0.0,9781805335511.0,Pushkin Vertigo,-,224.0,English,0.21,0
Heaven Official's Blessing: Tian Guan CI Fu (Deluxe...,Mo Xiang Tong Xiu,Hardcover,1,Fiction & Literature,http://www.periplus.com/p/9798893736311/heaven-official-s-blessing-tian-guan-ci-fu-deluxe-hardcover-novel-vol-8?path=1_32,598000.0,598000.0,0.0,9798893736311.0,Seven Seas,-,388.0,English,0.73,0
Monkey King: Journey to the West,"Cheng'en, Wu",Paperback,1,Fiction & Literature,http://www.periplus.com/p/9780143138938/monkey-king-journey-to-the-west?path=1_32,295000.0,295000.0,0.0,9780143138938.0,Penguin Classics,06 May 2025,384.0,English,0.25,1
Remarkably Bright Creatures,"Van Pelt, Shelby",Paperback,1,Fiction & Literature,http://www.periplus.com/p/9780063204164/remarkably-bright-creatures?path=1_32,218000.0,218000.0,0.0,9780063204164.0,Ecco Press,-,384.0,English,0.32,0
The Do-Over,"Painter, Lynn",Paperback,1,Fiction & Literature,http://www.periplus.com/p/9781534478879/the-do-over?path=1_32,235000.0,235000.0,0.0,9781534478879.0,Simon & Schuster Books for Young Readers,-,320.0,English,0.2,0
Beauty is a Wound,"Kurniawan, Eka",Paperback,1,Fiction & Literature,http://www.periplus.com/p/9781805331964/beauty-is-a-wound?path=1_32,328000.0,328000.0,0.0,9781805331964.0,Pushkin Press,14 August 2025,480.0,English,0.36,0
Transformers Vol. 4: Conquer and Control,"Johnson, Daniel Warren",Paperback,1,Fiction & Literature,http://www.periplus.com/p/9781534332584/transformers-vol-4-conquer-and-control?path=1_32,325000.0,325000.0,0.0,9781534332584.0,Image Comics,-,144.0,English,0.29,0
Mate,"Hazelwood, Ali",Paperback,1,Fiction & Literature,http://www.periplus.com/p/9780593952580/mate?path=1_32,218000.0,218000.0,0.0,9780593952580.0,Berkley Books,-,464.0,English,0.36,0
"Omniscient Reader's Viewpoint, Vol. 1",Sleepy-C(3b2s Studio),Paperback,1,Fiction & Literature,http://www.periplus.com/p/9798400901065/omniscient-reader-s-viewpoint-vol-1?path=1_32,398000.0,450000.0,12.0,9798400901065.0,Ize Press,-,252.0,English,0.43,1
Martyr! (National Book Award Finalist),"Akbar, Kaveh",Paperback,1,Fiction & Literature,http://www.periplus.com/p/9780593685778/martyr-national-book-award-finalist?path=1_32,248000.0,248000.0,0.0,9780593685778.0,Vintage,-,352.0,English,0.27,2
"Chainsaw Man, Vol. 19","Fujimoto, Tatsuki",Paperback,1,Fiction & Literature,http://www.periplus.com/p/9781974758548/chainsaw-man-vol-19?path=1_32,191250.0,225000.0,15.0,9781974758548.0,Viz Media,06 November 2025,184.0,English,0.16,0
On Earth We're Briefly Gorgeous,"Vuong, Ocean",Paperback,1,Fiction & Literature,http://www.periplus.com/p/9780525562047/on-earth-we-re-briefly-gorgeous?path=1_32,248000.0,357000.0,31.0,9780525562047.0,Penguin Books,01 June 2021,256.0,English,0.2,2
The Apothecary Diaries 05 (Light Novel),"Hyuuga, Natsu",Paperback,1,Fiction & Literature,http://www.periplus.com/p/9781646093243/the-apothecary-diaries-05-light-novel?path=1_32,350000.0,350000.0,0.0,9781646093243.0,Square Enix Books,-,336.0,English,0.41,0
With Love from the Morisaki Bookshop,"Yagisawa, Satoshi",Hardcover,1,Fiction & Literature,http://www.periplus.com/p/9781786584960/with-love-from-the-morisaki-bookshop?path=1_32,395000.0,395000.0,0.0,9781786584960.0,Bonnier Books Ltd,07 November 2024,336.0,English UK / Other,0.44,0
The Best Short Stories of Edgar Allan Poe (Illustrated...,"Poe, Edgar Allan",Paperback,0,Fiction & Literature,http://www.periplus.com/p/9781420951509/the-best-short-stories-of-edgar-allan-poe-illustrated-by-harry-clarke-with-an-introduction-by-edmund-clarence-stedman?path=1_32,347000.0,347000.0,0.0,9781420951509.0,Digireads.com,17 June 2015,310.0,English,0.39,0
The Menu of Happiness :,"Kashiwai, Hisashi",Paperback,1,Fiction & Literature,http://www.periplus.com/p/9781035060733/the-menu-of-happiness?path=1_32,275000.0,275000.0,0.0,9781035060733.0,Pan Macmillan,09 October 2025,240.0,English,0.18,0
"Dandadan, Vol. 16","Tatsu, Yukinobu",Paperback,1,Fiction & Literature,http://www.periplus.com/p/9781974757930/dandadan-vol-16?path=1_32,174400.0,218000.0,20.0,9781974757930.0,Viz Media,15 January 2026,202.0,English,0.2,0
On the Calculation of Volume III,"Balle, Solvej",Paperback,1,Fiction & Literature,http://www.periplus.com/p/9780571383429/on-the-calculation-of-volume-iii?path=1_32,258000.0,318000.0,19.0,9780571383429.0,Faber & Faber,20 November 2025,208.0,English UK / Other,0.23,0
Spectacular: A Caraval Holiday Novella,"Garber, Stephanie",Paperback,1,Fiction & Literature,http://www.periplus.com/p/9781250370990/spectacular-a-caraval-holiday-novella?path=1_32,151200.0,245000.0,38.0,9781250370990.0,Flatiron Books,-,224.0,English,0.45,0
The Travelling Cat Chronicles and The Goodbye Cat :,"Arikawa, Hiro",Hardcover,1,Fiction & Literature,http://www.periplus.com/p/9781529959871/the-travelling-cat-chronicles-and-the-goodbye-cat?path=1_32,450000.0,453000.0,1.0,9781529959871.0,Transworld Publishers Ltd,06 November 2025,512.0,English,0.59,0
Theo of Golden,"Levi, Allen",Paperback,1,Fiction & Literature,http://www.periplus.com/p/9781668236512/theo-of-golden?path=1_32,398000.0,398000.0,0.0,9781668236512.0,Atria Books,-,400.0,English,0.32,0
We Solve Murders,"Osman, Richard",Hardcover,0,Fiction & Literature,http://www.periplus.com/p/9780593653227/we-solve-murders?path=1_32,620000.0,620000.0,0.0,9780593653227.0,Pamela Dorman Books,-,400.0,English,0.59,0
White Nights,"Dostoyevsky, Fyodor",Paperback,1,Fiction & Literature,http://www.periplus.com/p/9780241252086/white-nights?path=1_32,125000.0,125000.0,0.0,9780241252086.0,"Penguin Books, Limited (UK)",03 March 2016,128.0,English,0.0,5
The Hunger Games Deluxe :,"Collins, Suzanne",Paperback,1,Fiction & Literature,http://www.periplus.com/p/9780702342387/the-hunger-games-deluxe?path=1_32,325000.0,325000.0,0.0,9780702342387.0,Scholastic,04 February 2025,384.0,English UK / Other,0.33,0
"Dragon Ball Super, Vol. 23","Toriyama, Akira",Paperback,1,Fiction & Literature,http://www.periplus.com/p/9781974752812/dragon-ball-super-vol-23?path=1_32,182750.0,215000.0,15.0,9781974752812.0,Viz Media,-,192.0,English,0.16,0
Stars of Chaos: Sha Po Lang (Novel) Vol. 1,Priest,Paperback,1,Fiction & Literature,http://www.periplus.com/p/9781638589310/stars-of-chaos-sha-po-lang-novel-vol-1?path=1_32,179000.0,360000.0,50.0,9781638589310.0,Seven Seas,-,444.0,English,0.67,1
Breasts and Eggs,"Kawakami, Mieko",Paperback,1,Fiction & Literature,http://www.periplus.com/p/9781529074413/breasts-and-eggs?path=1_32,282000.0,282000.0,0.0,9781529074413.0,Pan Macmillan,10 June 2021,432.0,English,0.29,1
Batman: The Long Halloween: DC Compact Comics Edition...,"Loeb, Jeph",Paperback,1,Fiction & Literature,http://www.periplus.com/p/9781799502883/batman-the-long-halloween-dc-compact-comics-edition?path=1_32,198000.0,198000.0,0.0,9781799502883.0,DC Comics,-,376.0,English,0.43,1
Skeleton Crew: Stories,"King, Stephen",Paperback,1,Fiction & Literature,http://www.periplus.com/p/9781668096666/skeleton-crew-stories?path=1_32,218000.0,218000.0,0.0,9781668096666.0,Pocket Books,-,784.0,English,0.39,0
The Scum Villain's Self-Saving System: Ren Zha Fanpai...,Mo Xiang Tong Xiu,Paperback,1,Fiction & Literature,http://www.periplus.com/p/9781638582533/the-scum-villain-s-self-saving-system-ren-zha-fanpai-zijiu-xitong-novel-vol-3?path=1_32,189000.0,368000.0,49.0,9781638582533.0,Seven Seas,-,408.0,English,0.6,0
Blue Lock 18,"Kaneshiro, Muneyuki",Paperback,1,Fiction & Literature,http://www.periplus.com/p/9781646517558/blue-lock-18?path=1_32,164500.0,235000.0,30.0,9781646517558.0,Kodansha Comics,-,208.0,English,0.24,3
Quicksilver,"Hart, Callie",Paperback,1,Fiction & Literature,http://www.periplus.com/p/9781538774199/quicksilver?path=1_32,397000.0,397000.0,0.0,9781538774199.0,Grand Central Publishing,-,624.0,English,0.64,0
Stars of Chaos: Sha Po Lang (Novel) Vol. 2,Priest,Paperback,0,Fiction & Literature,http://www.periplus.com/p/9781638589358/stars-of-chaos-sha-po-lang-novel-vol-2?path=1_32,413000.0,413000.0,0.0,9781638589358.0,Seven Seas,-,412.0,English,0.58,0
"Jujutsu Kaisen, Vol. 23","Akutami, Gege",Paperback,1,Fiction & Literature,http://www.periplus.com/p/9781974746293/jujutsu-kaisen-vol-23?path=1_32,172000.0,228000.0,25.0,9781974746293.0,Viz Media,20 August 2024,192.0,English,0.25,0
Katabasis (Deluxe Limited Edition),"Kuang, R. F.",Hardcover,1,Fiction & Literature,http://www.periplus.com/p/9780063021471/katabasis-deluxe-limited-edition?path=1_32,645000.0,645000.0,0.0,9780063021471.0,Harper Voyager,-,560.0,English,0.98,0
The Healing Season of Pottery :,"Somin, Yeon",Paperback,1,Fiction & Literature,http://www.periplus.com/p/9781405966771/the-healing-season-of-pottery?path=1_32,230000.0,230000.0,0.0,9781405966771.0,Penguin Books Ltd,28 August 2025,272.0,English,0.2,0
The Husky and His White Cat Shizun: Erha He Ta de ...,Rou Bao Bu Chi Rou,Paperback,1,Fiction & Literature,http://www.periplus.com/p/9781685797751/the-husky-and-his-white-cat-shizun-erha-he-ta-de-bai-mao-shizun-novel-vol-7?path=1_32,368000.0,368000.0,0.0,9781685797751.0,Seven Seas,-,428.0,English,0.52,5
"Dandadan, Vol. 17","Tatsu, Yukinobu",Paperback,1,Fiction & Literature,http://www.periplus.com/p/9781974761982/dandadan-vol-17?path=1_32,185300.0,218000.0,15.0,9781974761982.0,Viz Media,-,202.0,English,0.18,0
The Strength of the Few,"Islington, James",Hardcover,1,Fiction & Literature,http://www.periplus.com/p/9781982141233/the-strength-of-the-few?path=1_32,625000.0,625000.0,0.0,9781982141233.0,S&s/Saga Press,-,736.0,English,0.88,0
Crime and Punishment: Newly Translated and Fully Annotated...,"Dostoevsky, Fyodor",Paperback,1,Fiction & Literature,http://www.periplus.com/p/9781847498830/crime-and-punishment-newly-translated-and-fully-annotated?path=1_32,205000.0,205000.0,0.0,9781847498830.0,Alma Books,25 October 2022,720.0,English,0.43,2
The Secret of Secrets,"Brown, Dan",Hardcover,1,Fiction & Literature,http://www.periplus.com/p/9780385546898/the-secret-of-secrets?path=1_32,428000.0,615000.0,30.0,9780385546898.0,Doubleday Books,09 September 2025,688.0,English,0.95,1
White Nights and Other Stories: New Translation,"Dostoevsky, Fyodor",Paperback,1,Fiction & Literature,http://www.periplus.com/p/9781847499318/white-nights-and-other-stories-new-translation?path=1_32,208000.0,208000.0,0.0,9781847499318.0,Alma Books,24 July 2025,576.0,English,0.44,0
Sounds Like Love,"Poston, Ashley",Paperback,1,Fiction & Literature,http://www.periplus.com/p/9780593641002/sounds-like-love?path=1_32,215000.0,215000.0,0.0,9780593641002.0,Penguin Publishing Group,-,384.0,English,0.29,0
The World of Avatar Updated Edition :,"Beecroft, Simon",Paperback,1,Fiction & Literature,http://www.periplus.com/p/9780241777183/the-world-of-avatar-updated-edition?path=1_32,425000.0,425000.0,0.0,9780241777183.0,Dorling Kindersley Ltd,06 November 2025,200.0,English UK / Other,0.62,0
A Hunger-Artist :,"Kafka, Franz",Paperback,0,Fiction & Literature,http://www.periplus.com/p/9780241746929/a-hunger-artist?path=1_32,157000.0,157000.0,0.0,9780241746929.0,Penguin Books Ltd,17 April 2025,144.0,English,0.09,0
"Chainsaw Man, Vol. 14","Fujimoto, Tatsuki",Paperback,1,Fiction & Literature,http://www.periplus.com/p/9781974743582/chainsaw-man-vol-14?path=1_32,218000.0,218000.0,0.0,9781974743582.0,Viz Media,06 February 2024,192.0,English,0.18,1
Funny Story,"Henry, Emily",Paperback,1,Fiction & Literature,http://www.periplus.com/p/9780593441213/funny-story?path=1_32,235000.0,343000.0,31.0,9780593441213.0,Berkley Books,-,416.0,English,0.32,0
"Kagurabachi, Vol. 2","Hokazono, Takeru",Paperback,0,Fiction & Literature,http://www.periplus.com/p/9781974752713/kagurabachi-vol-2?path=1_32,248000.0,248000.0,0.0,9781974752713.0,Viz Media,-,216.0,English,0.19,1
Self-Portraits: Stories,"Dazai, Osamu",Paperback,0,Fiction & Literature,http://www.periplus.com/p/9780811232265/self-portraits-stories?path=1_32,330000.0,330000.0,0.0,9780811232265.0,New Directions Publishing Corporation,-,256.0,English,0.25,0
Someone Who Will Love You in All Your Damaged Glory...,"Bob-Waksberg, Raphael",Paperback,1,Fiction & Literature,http://www.periplus.com/p/9780525432722/someone-who-will-love-you-in-all-your-damaged-glory-stories?path=1_32,385000.0,385000.0,0.0,9780525432722.0,Vintage,19 May 2020,256.0,English,0.25,1
Blue Lock 17,"Kaneshiro, Muneyuki",Paperback,1,Fiction & Literature,http://www.periplus.com/p/9781646516742/blue-lock-17?path=1_32,132300.0,242000.0,45.0,9781646516742.0,Kodansha Comics,-,208.0,English,0.24,0
Apple and Knife,"Paramaditha, Intan",Paperback,1,Fiction & Literature,http://www.periplus.com/p/9781529955644/apple-and-knife?path=1_32,229000.0,229000.0,0.0,9781529955644.0,Vintage Publishing,04 September 2025,192.0,English,0.14,0
"Chainsaw Man, Vol. 18","Fujimoto, Tatsuki",Paperback,1,Fiction & Literature,http://www.periplus.com/p/9781974754939/chainsaw-man-vol-18?path=1_32,191250.0,225000.0,15.0,9781974754939.0,Viz Media,-,192.0,English,0.16,0
Wednesday: A Novelization of Season One,"Mejia, Tehlor",Paperback,1,Fiction & Literature,http://www.periplus.com/p/9798217119301/wednesday-a-novelization-of-season-one?path=1_32,225000.0,225000.0,0.0,9798217119301.0,Random House Children's Books,-,368.0,English,0.26,0
Rosalina's Storybook,-,Hardcover,1,Fiction & Literature,http://www.periplus.com/p/9781506754901/rosalina-s-storybook?path=1_32,498000.0,498000.0,0.0,9781506754901.0,Dark Horse Books,-,112.0,English,0.42,0
"Dandadan, Vol. 15","Tatsu, Yukinobu",Paperback,1,Fiction & Literature,http://www.periplus.com/p/9781974757923/dandadan-vol-15?path=1_32,150500.0,215000.0,30.0,9781974757923.0,Viz Media,06 November 2025,200.0,English,0.18,0
Gachiakuta 9,"Urana, Kei",Paperback,1,Fiction & Literature,http://www.periplus.com/p/9798888772843/gachiakuta-9?path=1_32,204000.0,240000.0,15.0,9798888772843.0,Kodansha Comics,-,176.0,English,0.2,0
The Husky and His White Cat Shizun: Erha He Ta de ...,Rou Bao Bu Chi Rou,Paperback,0,Fiction & Literature,http://www.periplus.com/p/9798888434840/the-husky-and-his-white-cat-shizun-erha-he-ta-de-bai-mao-shizun-novel-vol-9?path=1_32,413000.0,413000.0,0.0,9798888434840.0,Seven Seas,-,404.0,English,0.5,2
Lost Souls Meet Under a Full Moon,"Tsujimura, Mizuki",Paperback,1,Fiction & Literature,http://www.periplus.com/p/9780857529657/lost-souls-meet-under-a-full-moon?path=1_32,368000.0,368000.0,0.0,9780857529657.0,Transworld Publishers Ltd,03 April 2025,320.0,English,0.32,1
Sunburn,"Howarth, Chloe Michelle",Paperback,1,Fiction & Literature,http://www.periplus.com/p/9780857308412/sunburn?path=1_32,315000.0,315000.0,0.0,9780857308412.0,Verve Books,-,288.0,English,0.2,0
"Chainsaw Man, Vol. 17","Fujimoto, Tatsuki",Paperback,1,Fiction & Literature,http://www.periplus.com/p/9781974752690/chainsaw-man-vol-17?path=1_32,190400.0,224000.0,15.0,9781974752690.0,Viz Media,-,184.0,English,0.16,2
Kingdom Come: DC Compact Comics Edition,"Waid, Mark",Paperback,1,Fiction & Literature,http://www.periplus.com/p/9781799501299/kingdom-come-dc-compact-comics-edition?path=1_32,200000.0,243000.0,18.0,9781799501299.0,DC Comics,-,208.0,English,0.25,2
The Teacher,"McFadden, Freida",Paperback,1,Fiction & Literature,http://www.periplus.com/p/9781728296210/the-teacher?path=1_32,255000.0,335000.0,24.0,9781728296210.0,Poisoned Pen Press,-,400.0,English,0.32,2
This Woven Kingdom,"Mafi, Tahereh",Paperback,1,Fiction & Literature,http://www.periplus.com/p/9780062972453/this-woven-kingdom?path=1_32,316000.0,410000.0,23.0,9780062972453.0,Storytide,-,528.0,English,0.39,0
The White Book,"Kang, Han",Paperback,1,Fiction & Literature,http://www.periplus.com/p/9780525573074/the-white-book?path=1_32,218000.0,218000.0,0.0,9780525573074.0,Hogarth Press,-,160.0,English,0.14,0
We Solve Murders,"Osman, Richard",Paperback,1,Fiction & Literature,http://www.periplus.com/p/9780241997482/we-solve-murders?path=1_32,230000.0,236000.0,3.0,9780241997482.0,Penguin Books Ltd,08 May 2025,464.0,English UK / Other,0.32,0
"Chainsaw Man, Vol. 11: Go Get 'Em, Chainsaw Man","Fujimoto, Tatsuki",Paperback,1,Fiction & Literature,http://www.periplus.com/p/9781974727117/chainsaw-man-vol-11-go-get-em-chainsaw-man?path=1_32,82000.0,168000.0,51.0,9781974727117.0,Viz Media,-,192.0,English,0.19,1
The Hallmarked Man: A Cormoran Strike Novel,by Robert Galbraith (Author),Paperback,1,Fiction & Literature,http://www.periplus.com/p/9780316601078/the-hallmarked-man-a-cormoran-strike-novel?path=1_32,289000.0,418000.0,31.0,9780316601078.0,,02 September 2025,912.0,English,0.86,0
Holly,"King, Stephen",Paperback,1,Fiction & Literature,http://www.periplus.com/p/9781668087824/holly?path=1_32,218000.0,218000.0,0.0,9781668087824.0,Pocket Books,-,592.0,English,0.29,1
Ballad of Sword and Wine: Qiang Jin Jiu (Novel) Vol...,Tang Jiu Qing,Paperback,0,Fiction & Literature,http://www.periplus.com/p/9798888433126/ballad-of-sword-and-wine-qiang-jin-jiu-novel-vol-3?path=1_32,472000.0,472000.0,0.0,9798888433126.0,Seven Seas,-,430.0,English,0.52,1
Heaven Official's Blessing: Tian Guan CI Fu (Novel...,Mo Xiang Tong Xiu,Paperback,1,Fiction & Literature,http://www.periplus.com/p/9781638585527/heaven-official-s-blessing-tian-guan-ci-fu-novel-vol-7?path=1_32,279000.0,368000.0,24.0,9781638585527.0,Seven Seas,-,404.0,English,0.59,2
Confessions of a Forty-Something F**k Up,"Potter, Alexandra",Paperback,1,Fiction & Literature,http://www.periplus.com/p/9781529022803/confessions-of-a-forty-something-f-k-up?path=1_32,265000.0,265000.0,0.0,9781529022803.0,Pan Publishing,09 December 2021,400.0,English,0.36,0
"Kagurabachi, Vol. 6","Hokazono, Takeru",Paperback,1,Fiction & Literature,http://www.periplus.com/p/9781974762873/kagurabachi-vol-6?path=1_32,202500.0,225000.0,10.0,9781974762873.0,Viz Media,-,216.0,English,0.18,2
The Jasad Crown,"Hashem, Sara",Paperback,1,Fiction & Literature,http://www.periplus.com/p/9780316478243/the-jasad-crown?path=1_32,368000.0,454000.0,19.0,9780316478243.0,Orbit,-,688.0,English,0.71,0
Ultra 85,Logic,Paperback,0,Fiction & Literature,http://www.periplus.com/p/9781982158279/ultra-85?path=1_32,393000.0,393000.0,0.0,9781982158279.0,Simon & Schuster,-,304.0,English,0.2,0
Strange News from Another Planet,"Hesse, Hermann",Paperback,1,Fiction & Literature,http://www.periplus.com/p/9780241752074/strange-news-from-another-planet?path=1_32,138000.0,145000.0,5.0,9780241752074.0,Penguin Books Ltd,17 April 2025,144.0,English,0.09,0
The Calico Cat at the Chibineko Kitchen :,"Takahashi, Yuta",Paperback,1,Fiction & Literature,http://www.periplus.com/p/9781399817660/the-calico-cat-at-the-chibineko-kitchen?path=1_32,238000.0,238000.0,0.0,9781399817660.0,John Murray Press,05 June 2025,224.0,English UK / Other,0.21,0
The Last Devil to Die,"Osman, Richard",Paperback,1,Fiction & Literature,http://www.periplus.com/p/9780241992401/the-last-devil-to-die?path=1_32,230000.0,235000.0,2.0,9780241992401.0,Penguin Books,09 May 2024,0.0,English,0.0,0
The Midnight Library: A GMA Book Club Pick,"Haig, Matt",Hardcover,1,Fiction & Literature,http://www.periplus.com/p/9780525559474/the-midnight-library-a-gma-book-club-pick?path=1_32,278000.0,390000.0,29.0,9780525559474.0,Viking,-,304.0,English,0.44,8
Thousand Autumns: Qian Qiu (Novel) Vol. 1,Meng XI Shi,Paperback,1,Fiction & Literature,http://www.periplus.com/p/9781638589327/thousand-autumns-qian-qiu-novel-vol-1?path=1_32,368000.0,368000.0,0.0,9781638589327.0,Seven Seas,-,396.0,English,0.59,1
"Solo Leveling, Vol. 11 (Comic)",-,Paperback,1,Fiction & Literature,http://www.periplus.com/p/9798400902550/solo-leveling-vol-11-comic?path=1_32,269500.0,385000.0,30.0,9798400902550.0,Ize Press,-,312.0,English,0.51,6
Tales of the Celestial Kingdom,"Tan, Sue Lynn",Hardcover,0,Fiction & Literature,http://www.periplus.com/p/9780008640415/tales-of-the-celestial-kingdom?path=1_32,325000.0,325000.0,0.0,9780008640415.0,HarperCollins Publishers,01 February 2024,176.0,English UK / Other,0.43,0
Stars of Chaos: Sha Po Lang (Novel) Vol. 5,Priest,Paperback,0,Fiction & Literature,http://www.periplus.com/p/9781638589457/stars-of-chaos-sha-po-lang-novel-vol-5?path=1_32,413000.0,413000.0,0.0,9781638589457.0,Seven Seas,-,436.0,English,0.55,1
Best of Kafka (Collector's Edition),"Kafka, Franz",Hardcover,1,Fiction & Literature,http://www.periplus.com/p/9781840228434/best-of-kafka-collector-s-edition?path=1_32,335000.0,335000.0,0.0,9781840228434.0,Wordsworth Editions,-,848.0,English,0.73,0
Soon It Will Be Sunday,"Leav, Lang",Paperback,1,Fiction & Literature,http://www.periplus.com/p/9798881600112/soon-it-will-be-sunday?path=1_32,370000.0,370000.0,0.0,9798881600112.0,Andrews McMeel Publishing,-,160.0,English,0.16,0
Grim and Oro: Dueling Crowns Edition (a Lightlark ...,"Aster, Alex",Hardcover,1,Fiction & Literature,http://www.periplus.com/p/9781419785627/grim-and-oro-dueling-crowns-edition-a-lightlark-saga-deluxe-companion-book?path=1_32,645000.0,645000.0,0.0,9781419785627.0,Amulet Books,12 August 2025,504.0,English,0.79,0
Dungeon Crawler Carl,"Dinniman, Matt",Hardcover,0,Fiction & Literature,http://www.periplus.com/p/9780593820247/dungeon-crawler-carl?path=1_32,620000.0,620000.0,0.0,9780593820247.0,Ace Books,-,464.0,English,0.64,0
Blue Lock 24,"Kaneshiro, Muneyuki",Paperback,1,Fiction & Literature,http://www.periplus.com/p/9798888770573/blue-lock-24?path=1_32,220500.0,245000.0,10.0,9798888770573.0,Kodansha Comics,-,208.0,English,0.25,0
Bunny vs Monkey: Multiverse Mix-up! (a Phoenix Comic...,"Smart, Jamie",Paperback,0,Fiction & Literature,http://www.periplus.com/p/9781788452922/bunny-vs-monkey-multiverse-mix-up-a-phoenix-comic-book-from-the-multi-million-selling-creative-genius-jamie-smart?path=1_32,262000.0,262000.0,0.0,9781788452922.0,David Fickling Books,05 January 2023,256.0,English,0.46,0
My Year of Rest and Relaxation,"Moshfegh, Ottessa",Paperback,1,Fiction & Literature,http://www.periplus.com/p/9780525522133/my-year-of-rest-and-relaxation?path=1_32,258000.0,258000.0,0.0,9780525522133.0,Penguin Books,25 June 2019,304.0,English,0.24,0
Hera,"Saint, Jennifer",Paperback,1,Fiction & Literature,http://www.periplus.com/p/9781472292223/hera?path=1_32,215000.0,215000.0,0.0,9781472292223.0,Headline Publishing Group,10 April 2025,400.0,English UK / Other,0.28,0
The Future Saints : The new unforgettable romance ...,"Winstead, Ashley",Paperback,1,Fiction & Literature,http://www.periplus.com/p/9781035920303/the-future-saints-the-new-unforgettable-romance-from-tiktok-sensation-and-international-bestseller-ashley-winstead?path=1_32,169000.0,218000.0,22.0,9781035920303.0,Bloomsbury Publishing PLC,22 January 2026,384.0,English UK / Other,0.27,0
The Apothecary Diaries 07 (Light Novel),"Hyuuga, Natsu",Paperback,0,Fiction & Literature,http://www.periplus.com/p/9781646093267/the-apothecary-diaries-07-light-novel?path=1_32,393000.0,393000.0,0.0,9781646093267.0,Square Enix Books,-,288.0,English,0.36,0
"One Piece (Omnibus Edition), Vol. 34: Includes Vols...","Oda, Eiichiro",Paperback,1,Fiction & Literature,http://www.periplus.com/p/9781974749553/one-piece-omnibus-edition-vol-34-includes-vols-100-101-and-102?path=1_32,338000.0,338000.0,0.0,9781974749553.0,Viz Media,10 December 2024,600.0,English,0.36,4
Mongrel,"Footman, Hanako",Paperback,1,Fiction & Literature,http://www.periplus.com/p/9781804441565/mongrel?path=1_32,220000.0,220000.0,0.0,9781804441565.0,Bonnier Books Ltd,06 February 2025,352.0,English UK / Other,0.24,0
The Beauty's Blade: Mei Ren Jian (Novel),Feng Ren Zuo Shu,Paperback,1,Fiction & Literature,http://www.periplus.com/p/9798893734089/the-beauty-s-blade-mei-ren-jian-novel?path=1_32,368000.0,368000.0,0.0,9798893734089.0,Seven Seas,-,396.0,English,0.48,0
The Art of Spending Money : Simple Choices for a Richer...,"Housel, Morgan",Paperback,1,Business & Self-Help,http://www.periplus.com/p/9781804091890/the-art-of-spending-money-simple-choices-for-a-richer-life?path=1_13,375000.0,375000.0,0.0,9781804091890.0,Harriman House Publishing,07 October 2025,272.0,English UK / Other,0.28,2
Marketing 7.0: A Guide for Thinking Marketers in the...,"Kotler, Philip",Hardcover,1,Business & Self-Help,http://www.periplus.com/p/9781394329861/marketing-7-0-a-guide-for-thinking-marketers-in-the-age-of-ai?path=1_13,518000.0,518000.0,0.0,9781394329861.0,Wiley,-,240.0,English,0.39,2
The Intelligent Investor Third Edition : The Definitive...,"Zweig, Jason",Paperback,1,Business & Self-Help,http://www.periplus.com/p/9780063423527/the-intelligent-investor-third-edition-the-definitive-book-on-value-investing?path=1_13,518000.0,518000.0,0.0,9780063423527.0,HarperCollins Publishers Inc,24 October 2024,640.0,English UK / Other,0.76,0
The Psychology of Money: Timeless Lessons on Wealth...,"Housel, Morgan",Paperback,1,Business & Self-Help,http://www.periplus.com/p/9780857197689/the-psychology-of-money-timeless-lessons-on-wealth-greed-and-happiness?path=1_13,438000.0,438000.0,0.0,9780857197689.0,Harriman House,-,256.0,English,0.27,3
AI for Small Business: From Marketing and Sales to...,"Pallen, Phil",Paperback,1,Business & Self-Help,http://www.periplus.com/p/9781507222911/ai-for-small-business-from-marketing-and-sales-to-hr-and-operations-how-to-employ-the-power-of-artificial-intelligence-for-small-business-success?path=1_13,336000.0,336000.0,0.0,9781507222911.0,Adams Media Corporation,-,256.0,English,0.34,1
The Red Emperor: XI Jinping and His New China,"Sheridan, Michael",Paperback,1,Business & Self-Help,http://www.periplus.com/p/9781035413515/the-red-emperor-xi-jinping-and-his-new-china?path=1_13,309000.0,309000.0,0.0,9781035413515.0,Headline,-,368.0,English,0.27,0
"Think Faster, Talk Smarter","Abrahams, Matt",Paperback,1,Business & Self-Help,http://www.periplus.com/p/9781035024971/think-faster-talk-smarter?path=1_13,285000.0,285000.0,0.0,9781035024971.0,Pan Macmillan,26 September 2024,256.0,English UK / Other,0.18,1
How Big Things Get Done,"Gardner, Dan",Paperback,1,Business & Self-Help,http://www.periplus.com/p/9781035018956/how-big-things-get-done?path=1_13,308000.0,308000.0,0.0,9781035018956.0,Pan Macmillan,04 April 2024,304.0,English UK / Other,0.21,0
Countdown to Riches,"Byrne, Rhonda",Hardcover,1,Business & Self-Help,http://www.periplus.com/p/9780008783495/countdown-to-riches?path=1_13,365000.0,389000.0,6.0,9780008783495.0,HarperCollins Publishers,25 November 2025,208.0,English UK / Other,0.46,0
The Oz Principle: Getting Results Through Individual...,"Connors, Roger",Paperback,0,Business & Self-Help,http://www.periplus.com/p/9781591843481/the-oz-principle-getting-results-through-individual-and-organizational-accountability?path=1_13,434000.0,434000.0,0.0,9781591843481.0,Portfolio,04 May 2010,256.0,English,0.25,0
"Day Trading 101, 2nd Edition: From Understanding Risk...","Duarte, Joe",Hardcover,1,Business & Self-Help,http://www.periplus.com/p/9781507222362/day-trading-101-2nd-edition-from-understanding-risk-management-and-creating-trade-plans-to-recognizing-market-patterns-and-using-automated-software?path=1_13,338000.0,338000.0,0.0,9781507222362.0,Adams Media Corporation,-,256.0,English,0.32,0
Self-Improved Me: An Illustrated Guide to Self-Discovery...,"Puar, Puty",Paperback,1,Business & Self-Help,http://www.periplus.com/p/9789815266153/self-improved-me-an-illustrated-guide-to-self-discovery-and-continuous-improvement?path=1_13,250000.0,250000.0,0.0,9789815266153.0,Penguin Books,-,182.0,English,0.14,1
Agentic Artificial Intelligence,Bornet Pascal,Paperback,1,Business & Self-Help,http://www.periplus.com/p/9789819816224/agentic-artificial-intelligence?path=1_13,450000.0,450000.0,0.0,9789819816224.0,World Scientific Publishing Company,-,572.0,English,0.8,0
Nexus /US,Yuval Noah Harari,Paperback,1,Business & Self-Help,http://www.periplus.com/p/9780593736814/nexus-us?path=1_13,285000.0,430000.0,34.0,9780593736814.0,Random House Group,-,528.0,English,0.68,2
Pokemon: 1001 Stickers,Pokemon,Paperback,1,Business & Self-Help,http://www.periplus.com/p/9780008552718/pokemon-1001-stickers?path=1_13,330000.0,330000.0,0.0,9780008552718.0,HarperCollins Publishers,30 March 2023,32.0,English UK / Other,0.26,1
How to Think Like an Economist: Great Economists Who...,"Mochrie, Robbie",Paperback,1,Business & Self-Help,http://www.periplus.com/p/9781399408639/how-to-think-like-an-economist-great-economists-who-shaped-the-world-and-what-they-can-teach-us?path=1_13,258000.0,258000.0,0.0,9781399408639.0,Bloomsbury Continuum,06 November 2025,288.0,English,0.2,0
The Storytelling Book: Finding your golden thread ...,"Tasgal, Anthony",Paperback,1,Business & Self-Help,http://www.periplus.com/p/9781915951809/the-storytelling-book-finding-your-golden-thread-for-more-effective-presentations-10th-anniversary-edition?path=1_13,265000.0,265000.0,0.0,9781915951809.0,Lid Publishing,13 November 2025,128.0,English,0.15,0
A Little History of Economics,"Kishtainy, Niall",Paperback,1,Business & Self-Help,http://www.periplus.com/p/9780300283242/a-little-history-of-economics?path=1_13,285000.0,285000.0,0.0,9780300283242.0,Yale University Press,-,256.0,English,0.29,2
Building a StoryBrand 2.0,"Miller, Donald",Paperback,1,Business & Self-Help,http://www.periplus.com/p/9781400251308/building-a-storybrand-2-0?path=1_13,362000.0,362000.0,0.0,9781400251308.0,HarperCollins Focus,07 January 2025,304.0,English UK / Other,0.32,0
The Overthinker's Guide to Making Decisions: How to...,"Nguyen, Joseph",Hardcover,1,Business & Self-Help,http://www.periplus.com/p/9798893310665/the-overthinker-s-guide-to-making-decisions-how-to-make-decisions-without-losing-your-mind?path=1_13,440000.0,440000.0,0.0,9798893310665.0,Authors Equity,-,192.0,English,0.3,0
The Let Them Theory: A Life-Changing Tool That Millions...,"Robbins, Mel",Hardcover,1,Business & Self-Help,http://www.periplus.com/p/9781401971366/the-let-them-theory-a-life-changing-tool-that-millions-of-people-can-t-stop-talking-about?path=1_13,598000.0,598000.0,0.0,9781401971366.0,Hay House LLC,-,336.0,English,0.59,1
Poor Economics: A Radical Rethinking of the Way to...,"Banerjee, Abhijit V.",Paperback,1,Business & Self-Help,http://www.periplus.com/p/9781541706187/poor-economics-a-radical-rethinking-of-the-way-to-fight-global-poverty?path=1_13,398000.0,398000.0,0.0,9781541706187.0,PublicAffairs,-,400.0,English,0.35,2
"How to Sell: Everything You Need to Think, Know and...","Radford, Steve",Paperback,1,Business & Self-Help,http://www.periplus.com/p/9781788608657/how-to-sell-everything-you-need-to-think-know-and-do-to-have-greater-sales-conversations?path=1_13,368000.0,368000.0,0.0,9781788608657.0,Practical Inspiration Publishing,-,238.0,English,0.34,0
What Went Wrong With Capitalism,"Sharma, Ruchir",Paperback,1,Business & Self-Help,http://www.periplus.com/p/9781802061031/what-went-wrong-with-capitalism?path=1_13,275000.0,275000.0,0.0,9781802061031.0,Penguin Books Ltd,10 June 2025,384.0,English UK / Other,0.28,1
Rich Dad Poor Dad: What the Rich Teach Their Kids ...,"Kiyosaki, Robert T.",Paperback,1,Business & Self-Help,http://www.periplus.com/p/9781612681139/rich-dad-poor-dad-what-the-rich-teach-their-kids-about-money-that-the-poor-and-middle-class-do-not?path=1_13,198000.0,198000.0,0.0,9781612681139.0,Plata Publishing,-,336.0,English,0.25,0
Reimagining Operational Excellence: Inspirations from...,"Kotler, Philip",Hardcover,1,Business & Self-Help,http://www.periplus.com/p/9781394239245/reimagining-operational-excellence-inspirations-from-asia?path=1_13,455000.0,455000.0,0.0,9781394239245.0,Wiley,-,304.0,English,0.5,1
The Making of a Manager : What to Do When Everyone...,"Zhuo, Julie",Paperback,1,Business & Self-Help,http://www.periplus.com/p/9780753562451/the-making-of-a-manager-what-to-do-when-everyone-looks-to-you?path=1_13,305000.0,305000.0,0.0,9780753562451.0,Ebury Publishing,23 October 2025,336.0,English UK / Other,0.24,2
How AI Will Change Your Life: A Futurist's Guide to...,"Dixon, Patrick",Paperback,1,Business & Self-Help,http://www.periplus.com/p/9781805222576/how-ai-will-change-your-life-a-futurist-s-guide-to-a-super-smart-world?path=1_13,328000.0,328000.0,0.0,9781805222576.0,Ips - Profile Books,19 November 2024,0.0,English,0.29,0
What You Do Is Who You Are,"Horowitz, Ben",Paperback,1,Business & Self-Help,http://www.periplus.com/p/9780008740696/what-you-do-is-who-you-are?path=1_13,285000.0,285000.0,0.0,9780008740696.0,HarperCollins Publishers,13 March 2025,288.0,English UK / Other,0.2,0
The Decision Book : Fifty models for strategic thinking...,"Tschappeler, Roman",Hardcover,1,Business & Self-Help,http://www.periplus.com/p/9781800815209/the-decision-book-fifty-models-for-strategic-thinking-new-edition?path=1_13,285000.0,285000.0,0.0,9781800815209.0,Profile Books Ltd,02 February 2023,176.0,English UK / Other,0.2,0
The Negotiation Book: Practical Steps to Becoming ...,"Soames, Nicole",Paperback,1,Business & Self-Help,http://www.periplus.com/p/9781915951694/the-negotiation-book-practical-steps-to-becoming-a-masterful-negotiator?path=1_13,238000.0,238000.0,0.0,9781915951694.0,Lid Publishing,13 March 2025,160.0,English,0.16,0
The Attitude Book: 50 Ways to Positively Affect Your...,"Tyler, Simon",Paperback,1,Business & Self-Help,http://www.periplus.com/p/9781915951892/the-attitude-book-50-ways-to-positively-affect-your-work-and-life?path=1_13,238000.0,238000.0,0.0,9781915951892.0,Lid Publishing,17 April 2025,194.0,English,0.18,0
Rich Family Smart Family: Raise Your Family's Financial...,"Kiyosaki, Robert",Paperback,1,Business & Self-Help,http://www.periplus.com/p/9781612681337/rich-family-smart-family-raise-your-family-s-financial-iq-and-take-control-of-your-future?path=1_13,420000.0,420000.0,0.0,9781612681337.0,Plata Publishing,-,176.0,English,0.27,0
Manage Yourself to Lead Others pb US,by Margaret C. Andrews,Paperback,1,Business & Self-Help,http://www.periplus.com/p/9781541608894/manage-yourself-to-lead-others-pb-us?path=1_13,398000.0,398000.0,0.0,9781541608894.0,Hachette US,09 December 2025,272.0,English,0.25,0
The Art of Physics : How ideas from science can transform...,"Bharmal, Zahaan",Paperback,1,Business & Self-Help,http://www.periplus.com/p/9781804186466/the-art-of-physics-how-ideas-from-science-can-transform-your-life?path=1_13,260000.0,270000.0,4.0,9781804186466.0,Bonnier Books Ltd,15 January 2026,256.0,English UK / Other,0.18,3
The Kremlin School of Negotiation,"Ryzov, Igor",Paperback,1,Business & Self-Help,http://www.periplus.com/p/9781838852917/the-kremlin-school-of-negotiation?path=1_13,395000.0,395000.0,0.0,9781838852917.0,Canongate Books,-,384.0,English,0.39,0
What's Your Dream?,"Squibb, Simon",Paperback,1,Business & Self-Help,http://www.periplus.com/p/9781529935585/what-s-your-dream?path=1_13,420000.0,420000.0,0.0,9781529935585.0,Random House,16 January 2025,0.0,English,0.38,0
The Book of Money: How to Feel Good (or Better) about...,Monzo,Paperback,1,Business & Self-Help,http://www.periplus.com/p/9781804948668/the-book-of-money-how-to-feel-good-or-better-about-your-finances?path=1_13,260000.0,260000.0,0.0,9781804948668.0,Cornerstone Press,04 September 2025,320.0,English,0.18,2
Hbr's 10 Must Reads 2026: The Definitive Management...,"Review, Harvard Business",Paperback,1,Business & Self-Help,http://www.periplus.com/p/9798892791946/hbr-s-10-must-reads-2026-the-definitive-management-ideas-of-the-year-from-harvard-business-review-featuring-the-strategic-genius-of-taylor-swift-by?path=1_13,538000.0,538000.0,0.0,9798892791946.0,Harvard Business Review Press,-,208.0,English,0.23,0
Women Living Deliciously,"Given, Florence",Paperback,1,Business & Self-Help,http://www.periplus.com/p/9781914240515/women-living-deliciously?path=1_13,474000.0,474000.0,0.0,9781914240515.0,Octopus Publishing Group,23 October 2025,304.0,English UK / Other,0.54,0
The Soft Skills Book: The Key Difference to Becoming...,"White, Dan",Paperback,1,Business & Self-Help,http://www.periplus.com/p/9781915951755/the-soft-skills-book-the-key-difference-to-becoming-highly-effective-and-valued?path=1_13,238000.0,238000.0,0.0,9781915951755.0,Lid Publishing,12 June 2025,160.0,English,0.22,0
The Smart Marketing Book PB: The Definitive Guide ...,"White, Dan",Paperback,1,Business & Self-Help,http://www.periplus.com/p/9781915951717/the-smart-marketing-book-pb-the-definitive-guide-to-effective-marketing-strategies?path=1_13,238000.0,238000.0,0.0,9781915951717.0,Lid Publishing,13 March 2025,160.0,English,0.23,0
The Trader's Handbook: Winning Habits and Routines...,"Moglen, Richard",Hardcover,1,Business & Self-Help,http://www.periplus.com/p/9781804090183/the-trader-s-handbook-winning-habits-and-routines-of-successful-traders?path=1_13,698000.0,698000.0,0.0,9781804090183.0,Harriman House,-,512.0,English,0.78,0
The Simple Path to Wealth: Your Road Map to Financial...,"Collins, J. L.",Hardcover,0,Business & Self-Help,http://www.periplus.com/p/9798893310474/the-simple-path-to-wealth-your-road-map-to-financial-independence-and-a-rich-free-life?path=1_13,540000.0,540000.0,0.0,9798893310474.0,Authors Equity,-,320.0,English,0.34,0
Wisdom Takes Work: Learn. Apply. Repeat.,"Holiday, Ryan",Hardcover,1,Business & Self-Help,http://www.periplus.com/p/9780593191736/wisdom-takes-work-learn-apply-repeat?path=1_13,375000.0,375000.0,0.0,9780593191736.0,Portfolio,-,400.0,English,0.38,0
The Leader You Want to Be: Five Essential Principles...,"Su, Amy Jen",Hardcover,0,Business & Self-Help,http://www.periplus.com/p/9781633695917/the-leader-you-want-to-be-five-essential-principles-for-bringing-out-your-best-self-every-day?path=1_13,579000.0,579000.0,0.0,9781633695917.0,Harvard Business Review Press,22 October 2019,256.0,English,0.48,0
Die with Zero: Getting All You Can from Your Money...,"Perkins, Bill",Paperback,1,Business & Self-Help,http://www.periplus.com/p/9780358567097/die-with-zero-getting-all-you-can-from-your-money-and-your-life?path=1_13,398000.0,398000.0,0.0,9780358567097.0,Mariner Books,-,240.0,English,0.18,0
Hacking the Human Mind: The Behavioral Science Secrets...,"Flicker, Michaelaaron",Paperback,1,Business & Self-Help,http://www.periplus.com/p/9781804091326/hacking-the-human-mind-the-behavioral-science-secrets-behind-17-of-the-world-s-best-brands?path=1_13,438000.0,438000.0,0.0,9781804091326.0,Harriman House,09 September 2025,224.0,English,0.24,0
1929: Inside the Greatest Crash in Wall Street History...,"Sorkin, Andrew Ross",Hardcover,1,Business & Self-Help,http://www.periplus.com/p/9780593296967/1929-inside-the-greatest-crash-in-wall-street-history-and-how-it-shattered-a-nation?path=1_13,545000.0,545000.0,0.0,9780593296967.0,Viking,-,592.0,English,0.77,0
"The Year in Tech, 2026: The Insights You Need from...","Review, Harvard Business",Paperback,1,Business & Self-Help,http://www.periplus.com/p/9798892791977/the-year-in-tech-2026-the-insights-you-need-from-harvard-business-review?path=1_13,425000.0,425000.0,0.0,9798892791977.0,Harvard Business Review Press,-,176.0,English,0.23,0
The Diagrams Book 10th Anniversary Edition: 100 Ways...,"Duncan, Kevin",Paperback,1,Business & Self-Help,http://www.periplus.com/p/9781915951038/the-diagrams-book-10th-anniversary-edition-100-ways-to-solve-any-problem-visually?path=1_13,258000.0,258000.0,0.0,9781915951038.0,Lid Publishing,13 August 2024,216.0,English,0.23,0
The Diary of a CEO : The 33 Laws of Business and Life...,"Bartlett, Steven",Hardcover,0,Business & Self-Help,http://www.periplus.com/p/9781529146509/the-diary-of-a-ceo-the-33-laws-of-business-and-life?path=1_13,525000.0,525000.0,0.0,9781529146509.0,Ebury Publishing,31 August 2023,368.0,English UK / Other,0.57,2
High Road Leadership: Bringing People Together in ...,"Maxwell, John C.",Hardcover,1,Business & Self-Help,http://www.periplus.com/p/9798887100340/high-road-leadership-bringing-people-together-in-a-world-that-divides?path=1_13,219000.0,520000.0,58.0,9798887100340.0,Maxwell Leadership,-,240.0,English,0.39,0
Principles for Navigating Big Debt Crises,"Dalio, Ray",Hardcover,1,Business & Self-Help,http://www.periplus.com/p/9781668009291/principles-for-navigating-big-debt-crises?path=1_13,1050000.0,1050000.0,0.0,9781668009291.0,Avid Reader Press / Simon & Schuster,-,480.0,English,1.32,0
Making Business Child's Play: How to Build a Winning...,"Jensen, Joanna",Paperback,1,Business & Self-Help,http://www.periplus.com/p/9781398624580/making-business-child-s-play-how-to-build-a-winning-brand?path=1_13,279000.0,368000.0,24.0,9781398624580.0,Kogan Page,03 September 2025,256.0,English,0.3,0
Clear Thinking,"Parrish, Shane",Paperback,0,Business & Self-Help,http://www.periplus.com/p/9780593854020/clear-thinking?path=1_13,255000.0,255000.0,0.0,9780593854020.0,Penguin Putnam Inc,02 July 2024,0.0,English UK / Other,0.2,0
The Financial Wellbeing Book: Creating Financial Peace...,"Budd, Chris",Paperback,1,Business & Self-Help,http://www.periplus.com/p/9781915951151/the-financial-wellbeing-book-creating-financial-peace-of-mind?path=1_13,238000.0,238000.0,0.0,9781915951151.0,Lid Publishing,13 June 2024,164.0,English,0.16,0
"Same as Ever: Timeless Lessons on Risk, Opportunity...","Housel, Morgan",Paperback,0,Business & Self-Help,http://www.periplus.com/p/9781804090633/same-as-ever-timeless-lessons-on-risk-opportunity-and-living-a-good-life?path=1_13,446000.0,446000.0,0.0,9781804090633.0,Harriman House,07 November 2023,250.0,English,0.45,0
Entrepreneurial Marketing: Beyond Professionalism ...,"Kotler, Philip",Hardcover,1,Business & Self-Help,http://www.periplus.com/p/9781119835202/entrepreneurial-marketing-beyond-professionalism-to-creativity-leadership-and-sustainability?path=1_13,450000.0,550000.0,18.0,9781119835202.0,Wiley,14 March 2023,288.0,English,0.48,0
Start With Why,"Sinek, Simon",Paperback,1,Business & Self-Help,http://www.periplus.com/p/9781405977593/start-with-why?path=1_13,305000.0,305000.0,0.0,9781405977593.0,Penguin Books Ltd,15 May 2025,272.0,English UK / Other,0.19,0
Are You a Team or a Meeting?,"Pope, Nick",Paperback,1,Business & Self-Help,http://www.periplus.com/p/9781800819092/are-you-a-team-or-a-meeting?path=1_13,295000.0,295000.0,0.0,9781800819092.0,Ips - Profile Books,12 February 2026,256.0,English,0.25,0
How to Negotiate: Practical and Proven Skills to Help...,"Clayton, Mike",Paperback,1,Business & Self-Help,http://www.periplus.com/p/9781398620926/how-to-negotiate-practical-and-proven-skills-to-help-you-get-the-results-you-want?path=1_13,275000.0,275000.0,0.0,9781398620926.0,Kogan Page,27 May 2025,224.0,English,0.27,1
"Eat That Frog!, Fourth Edition: 21 Great Ways to Stop...","Tracy, Brian",Paperback,1,Business & Self-Help,http://www.periplus.com/p/9798890570925/eat-that-frog-fourth-edition-21-great-ways-to-stop-procrastinating-and-get-more-done-in-less-time?path=1_13,325000.0,325000.0,0.0,9798890570925.0,Berrett-Koehler Publishers,-,144.0,English,0.16,0
Best Story Wins,"Edwards, Mark",Paperback,1,Business & Self-Help,http://www.periplus.com/p/9781800815773/best-story-wins?path=1_13,298000.0,298000.0,0.0,9781800815773.0,Profile Books Ltd,13 June 2024,256.0,English UK / Other,0.2,0
"Pandora's Box: How Guts, Guile, and Greed Upended ...","Biskind, Peter",Hardcover,0,Business & Self-Help,http://www.periplus.com/p/9780062991669/pandora-s-box-how-guts-guile-and-greed-upended-tv?path=1_13,672000.0,672000.0,0.0,9780062991669.0,William Morrow & Company,-,400.0,English,0.51,0
Pitch: How to Captivate and Convince Any Audience ...,"Fontaine, Danny",Paperback,1,Business & Self-Help,http://www.periplus.com/p/9781805221043/pitch-how-to-captivate-and-convince-any-audience-on-the-planet?path=1_13,360000.0,360000.0,0.0,9781805221043.0,Ips - Profile Books,12 June 2025,336.0,English,0.35,1
Nudge: The Final Edition,"Thaler, Richard H.",Paperback,1,Business & Self-Help,http://www.periplus.com/p/9780143137009/nudge-the-final-edition?path=1_13,258000.0,258000.0,0.0,9780143137009.0,Penguin Books,-,384.0,English,0.36,0
Thinking Machine,"Witt, Stephen",Paperback,0,Business & Self-Help,http://www.periplus.com/p/9780593834565/thinking-machine?path=1_13,551000.0,551000.0,0.0,9780593834565.0,Penguin Publishing Group,08 April 2025,0.0,English,0.27,0
The Diary of a CEO : The 33 Laws of Business and Life...,"Bartlett, Steven",Paperback,1,Business & Self-Help,http://www.periplus.com/p/9781529146523/the-diary-of-a-ceo-the-33-laws-of-business-and-life?path=1_13,275000.0,275000.0,0.0,9781529146523.0,Ebury Publishing,03 July 2025,368.0,English UK / Other,0.26,0
Money for Couples: No More Stress. No More Fights. ...,"Sethi, Ramit",Paperback,1,Business & Self-Help,http://www.periplus.com/p/9781523523689/money-for-couples-no-more-stress-no-more-fights-just-a-10-step-plan-to-create-your-rich-life-together?path=1_13,189000.0,374000.0,49.0,9781523523689.0,Workman Publishing,-,320.0,English,0.43,0
The 80/20 Principle : Achieve More with Less: the ...,"Koch, Richard",Paperback,1,Business & Self-Help,http://www.periplus.com/p/9781529370454/the-80-20-principle-achieve-more-with-less-the-essential-guide-to-increasing-productivity-effectiveness-and-results-us?path=1_13,348000.0,348000.0,0.0,9781529370454.0,John Murray Press,20 January 2022,432.0,English UK / Other,0.42,0
"The Intelligent Investor, 3rd Ed.: The Definitive ...","Graham, Benjamin",Hardcover,0,Business & Self-Help,http://www.periplus.com/p/9780063356726/the-intelligent-investor-3rd-ed-the-definitive-book-on-value-investing?path=1_13,776000.0,776000.0,0.0,9780063356726.0,Harper Business,22 October 2024,640.0,English,0.73,0
"Our Dollar, Your Problem: An Insider's View of Seven...","Rogoff, Kenneth",Hardcover,1,Business & Self-Help,http://www.periplus.com/p/9780300275315/our-dollar-your-problem-an-insider-s-view-of-seven-turbulent-decades-of-global-finance-and-the-road-ahead?path=1_13,600000.0,646000.0,7.0,9780300275315.0,Yale University Press,-,360.0,English,0.68,1
The Rules Book : 44 Principles to Master Working Life...,"Tschappeler, Roman",Hardcover,1,Business & Self-Help,http://www.periplus.com/p/9781805225492/the-rules-book-44-principles-to-master-working-life?path=1_13,275000.0,275000.0,0.0,9781805225492.0,Profile Books Ltd,12 February 2026,176.0,English UK / Other,0.2,0
Leading at a Higher Level: Blanchard on Leadership...,"Blanchard, Ken",Paperback,0,Business & Self-Help,http://www.periplus.com/p/9780135425138/leading-at-a-higher-level-blanchard-on-leadership-and-creating-high-performing-organizations-paperback?path=1_13,827000.0,827000.0,0.0,9780135425138.0,FT Press,-,416.0,English,0.57,0
The Personal MBA 10th Anniversary Edition,"Kaufman, Josh",Paperback,1,Business & Self-Help,http://www.periplus.com/p/9780525543022/the-personal-mba-10th-anniversary-edition?path=1_13,385000.0,385000.0,0.0,9780525543022.0,Portfolio,01 September 2020,496.0,English,0.48,0
The Shock Doctrine : The Rise of Disaster Capitalism...,"Klein, Naomi",Paperback,0,Business & Self-Help,http://www.periplus.com/p/9780141024530/the-shock-doctrine-the-rise-of-disaster-capitalism?path=1_13,446000.0,446000.0,0.0,9780141024530.0,Penguin Books Ltd,01 May 2008,576.0,English UK / Other,0.4,0
Your Money: Reimagining Wealth in 101 Simple Sketches...,"Richards, Carl",Paperback,1,Business & Self-Help,http://www.periplus.com/p/9781804091715/your-money-reimagining-wealth-in-101-simple-sketches?path=1_13,420000.0,420000.0,0.0,9781804091715.0,Harriman House,21 October 2025,280.0,English,0.4,0
Noise,"Sunstein, Cass R.",Paperback,1,Business & Self-Help,http://www.periplus.com/p/9780008534448/noise?path=1_13,185000.0,185000.0,0.0,9780008534448.0,HarperCollins Publishers,31 May 2022,0.0,English,0.24,0
The Winner's Curse : Behavioral Economics Anomalies...,"Imas, Alex O.",Hardcover,1,Business & Self-Help,http://www.periplus.com/p/9780241789681/the-winner-s-curse-behavioral-economics-anomalies-then-and-now?path=1_13,585000.0,585000.0,0.0,9780241789681.0,Penguin Books Ltd,21 October 2025,352.0,English UK / Other,0.56,0
How Countries Go Broke,"Dalio, Ray",Hardcover,1,Business & Self-Help,http://www.periplus.com/p/9781398551466/how-countries-go-broke?path=1_13,650000.0,650000.0,0.0,9781398551466.0,Simon & Schuster Ltd,03 June 2025,400.0,English UK / Other,0.81,0
Power and Progress: Our Thousand-Year Struggle Over...,"Acemoglu, Daron",Paperback,1,Business & Self-Help,http://www.periplus.com/p/9781541702547/power-and-progress-our-thousand-year-struggle-over-technology-and-prosperity?path=1_13,438000.0,438000.0,0.0,9781541702547.0,PublicAffairs,-,592.0,English,0.52,0
Smart Money: How Digital Currencies Will Shape the...,"Rosa, Brunello",Paperback,1,Business & Self-Help,http://www.periplus.com/p/9781526678492/smart-money-how-digital-currencies-will-shape-the-new-world-order?path=1_13,264000.0,264000.0,0.0,9781526678492.0,Bloomsbury Publishing,-,384.0,English,0.36,5
The Science of Scaling: Grow Your Business Bigger ...,"Hardy, Benjamin",Hardcover,1,Business & Self-Help,http://www.periplus.com/p/9781401967635/the-science-of-scaling-grow-your-business-bigger-and-faster-than-you-think-possible?path=1_13,475000.0,475000.0,0.0,9781401967635.0,Hay House Business,-,256.0,English,0.3,0
The Visual MBA : A Quick Guide to Everything You'll...,Jason Barron,Paperback,1,Business & Self-Help,http://www.periplus.com/p/9780241386682/the-visual-mba-a-quick-guide-to-everything-you-ll-learn-in-two-years-of-business-school?path=1_13,478000.0,478000.0,0.0,9780241386682.0,Penguin Books Ltd,02 May 2019,208.0,English,0.47,0
The Modern Marketing Playbook,Kum Doreen,Paperback,1,Business & Self-Help,http://www.periplus.com/p/9789819820467/the-modern-marketing-playbook?path=1_13,550000.0,550000.0,0.0,9789819820467.0,World Scientific Publishing Company,-,440.0,English,0.59,0
Distancing,"Gillespie, Michael",Paperback,1,Business & Self-Help,http://www.periplus.com/p/9780241661659/distancing?path=1_13,289000.0,385000.0,25.0,9780241661659.0,Penguin Books Ltd,14 August 2025,224.0,English UK / Other,0.28,0
Discipline Is Destiny,"Holiday, Ryan",Paperback,1,Business & Self-Help,http://www.periplus.com/p/9781788166348/discipline-is-destiny?path=1_13,285000.0,285000.0,0.0,9781788166348.0,Profile Books Ltd,14 September 2023,352.0,English UK / Other,0.29,0
"Collaborating with the Enemy, Second Edition: How ...","Kahane, Adam",Paperback,1,Business & Self-Help,http://www.periplus.com/p/9798890571175/collaborating-with-the-enemy-second-edition-how-to-work-with-people-you-don-t-agree-with-or-like-or-trust?path=1_13,415000.0,415000.0,0.0,9798890571175.0,Berrett-Koehler Publishers,-,224.0,English,0.32,0
Free and Equal: A Manifesto for a Just Society,"Chandler, Daniel",Paperback,1,Business & Self-Help,http://www.periplus.com/p/9780593687536/free-and-equal-a-manifesto-for-a-just-society?path=1_13,269000.0,350000.0,23.0,9780593687536.0,Vintage,-,432.0,English,0.28,0
Strong Ground,"Brown, Brene",Hardcover,1,Business & Self-Help,http://www.periplus.com/p/9781785043208/strong-ground?path=1_13,498000.0,498000.0,0.0,9781785043208.0,Ebury Publishing,23 September 2025,448.0,English UK / Other,0.66,0
How Countries Go Broke: The Big Cycle,"Dalio, Ray",Hardcover,1,Business & Self-Help,http://www.periplus.com/p/9781501124068/how-countries-go-broke-the-big-cycle?path=1_13,650000.0,650000.0,0.0,9781501124068.0,Avid Reader Press / Simon & Schuster,-,400.0,English,0.66,3
Marketing 6.0: The Future Is Immersive,"Kotler, Philip",Hardcover,1,Business & Self-Help,http://www.periplus.com/p/9781119835219/marketing-6-0-the-future-is-immersive?path=1_13,450000.0,450000.0,0.0,9781119835219.0,Wiley,-,256.0,English,0.43,0
"Intentionality: A Groundbreaking Guide to Breath, ...","Kelly, Finnian",Hardcover,0,Business & Self-Help,http://www.periplus.com/p/9781401977542/intentionality-a-groundbreaking-guide-to-breath-consciousness-and-radical-self-transformation?path=1_13,537000.0,537000.0,0.0,9781401977542.0,Hay House LLC,-,296.0,English,0.48,0
HBR Guide to Retaining Your Best People,"Review, Harvard Business",Paperback,1,Business & Self-Help,http://www.periplus.com/p/9798892790888/hbr-guide-to-retaining-your-best-people?path=1_13,398000.0,398000.0,0.0,9798892790888.0,Harvard Business Review Press,-,272.0,English,0.32,0
The Economic Consequences of MR Trump: What the Trade...,"Coggan, Philip",Paperback,1,Business & Self-Help,http://www.periplus.com/p/9781805227687/the-economic-consequences-of-mr-trump-what-the-trade-war-means-for-the-world?path=1_13,195000.0,195000.0,0.0,9781805227687.0,Ips - Profile Books,17 July 2025,144.0,English,0.15,0
ChatGPT for Dummies,"Baker, Pam",Paperback,0,Business & Self-Help,http://www.periplus.com/p/9781394314454/chatgpt-for-dummies?path=1_13,517000.0,517000.0,0.0,9781394314454.0,For Dummies,-,352.0,English,0.45,0
Reinvent Yourself: Psychological Insights That Will...,"Kahn, Susan",Paperback,0,Business & Self-Help,http://www.periplus.com/p/9781398613294/reinvent-yourself-psychological-insights-that-will-transform-your-work-life?path=1_13,446000.0,446000.0,0.0,9781398613294.0,Kogan Page,-,272.0,English,0.32,0
The Happiness Project Tenth Anniversary Edition : ...,Gretchen Rubin,Paperback,1,Business & Self-Help,http://www.periplus.com/p/9780062937889/the-happiness-project-tenth-anniversary-edition-or-why-i-spent-a-year-trying-to-sing-in-the-morning-clean-my-closets-fight-right-read-aristotle?path=1_13,168000.0,168000.0,0.0,9780062937889.0,,26 February 2019,416.0,English,0.23,0
Money,"McWilliams, David",Paperback,1,Business & Self-Help,http://www.periplus.com/p/9781471195464/money?path=1_13,238000.0,238000.0,0.0,9781471195464.0,Simon & Schuster Ltd,05 June 2025,432.0,English UK / Other,0.37,0
Principles: Life and Work,"Dalio, Ray",Hardcover,1,Business & Self-Help,http://www.periplus.com/p/9781501124020/principles-life-and-work?path=1_13,698000.0,698000.0,0.0,9781501124020.0,Avid Reader Press / Simon & Schuster,19 September 2017,592.0,English,1.0,2
I Survived Capitalism and All I Got Was This Lousy...,"Pendleton, Madeline",Hardcover,0,Business & Self-Help,http://www.periplus.com/p/9780385549783/i-survived-capitalism-and-all-i-got-was-this-lousy-t-shirt-everything-i-wish-i-never-had-to-learn-about-money?path=1_13,558000.0,558000.0,0.0,9780385549783.0,Doubleday Books,-,336.0,English,0.48,0
Range,"Epstein, David",Paperback,0,Business & Self-Help,http://www.periplus.com/p/9781035053049/range?path=1_13,288000.0,288000.0,0.0,9781035053049.0,Pan Macmillan,22 August 2024,368.0,English UK / Other,0.25,0
The Six Disciplines of Strategic Thinking : Leading...,"Watkins, Michael",Paperback,0,Business & Self-Help,http://www.periplus.com/p/9781529146585/the-six-disciplines-of-strategic-thinking-leading-your-organization-into-the-future?path=1_13,446000.0,446000.0,0.0,9781529146585.0,Ebury Publishing,11 January 2024,192.0,English UK / Other,0.2,0
"Step Up, Step Back: How to Really Deliver Strategic...","Johnson, Elsbeth",Paperback,1,Business & Self-Help,http://www.periplus.com/p/9781399424677/step-up-step-back-how-to-really-deliver-strategic-change-in-your-organization?path=1_13,319000.0,418000.0,24.0,9781399424677.0,Bloomsbury Business,13 May 2025,352.0,English,0.4,0
The Full Freezer Method : Five Steps to Transform ...,"Hall, Kate",Hardcover,0,Business & Self-Help,http://www.periplus.com/p/9781529912180/the-full-freezer-method-five-steps-to-transform-how-you-shop-cook-and-live?path=1_13,498000.0,498000.0,0.0,9781529912180.0,Ebury Publishing,14 March 2024,320.0,English UK / Other,0.37,0
Talk Like TED,"Gallo, Carmine",Paperback,1,Business & Self-Help,http://www.periplus.com/p/9781529068658/talk-like-ted?path=1_13,308000.0,308000.0,0.0,9781529068658.0,Pan Macmillan,12 May 2022,304.0,English UK / Other,0.21,0
The Smart Strategy Book: 50 Ways to Solve Tricky Business...,"Duncan, Kevin",Paperback,0,Business & Self-Help,http://www.periplus.com/p/9781917391054/the-smart-strategy-book-50-ways-to-solve-tricky-business-issues?path=1_13,235000.0,235000.0,0.0,9781917391054.0,Lid Publishing,31 October 2024,136.0,English,0.0,0
The Babylon Blueprint: Timeless Strategies for Wealth...,"Hancock, David L.",Paperback,1,Business & Self-Help,http://www.periplus.com/p/9781636987811/the-babylon-blueprint-timeless-strategies-for-wealth-wisdom-and-well-being?path=1_13,239000.0,315000.0,24.0,9781636987811.0,Morgan James Publishing,-,142.0,English,0.17,0
The Art of War: The Definitive Interpretation of Sun...,"Tzu, Sun",Hardcover,1,Business & Self-Help,http://www.periplus.com/p/9780804854351/the-art-of-war-the-definitive-interpretation-of-sun-tzu-s-classic-book-of-strategy?path=1_13,268000.0,268000.0,0.0,9780804854351.0,Tuttle Publishing,-,144.0,English,0.27,0
"You Belong Here: The Power of Being Seen, Heard, and...","Dabbs, Kim",Paperback,0,Business & Self-Help,http://www.periplus.com/p/9781523005895/you-belong-here-the-power-of-being-seen-heard-and-valued-on-your-own-terms?path=1_13,475000.0,475000.0,0.0,9781523005895.0,Berrett-Koehler Publishers,-,192.0,English,0.26,0
The 21 Irrefutable Laws of Leadership - International...,"Maxwell, John C.",Paperback,0,Business & Self-Help,http://www.periplus.com/p/9781400237883/the-21-irrefutable-laws-of-leadership-international-edition-follow-them-and-people-will-follow-you?path=1_13,426000.0,426000.0,0.0,9781400237883.0,HarperCollins Leadership,-,338.0,English,0.34,0
500 Great Ways to Save for Dummies,The Experts at Aarp,Paperback,1,Business & Self-Help,http://www.periplus.com/p/9781394183999/500-great-ways-to-save-for-dummies?path=1_13,39000.0,315000.0,88.0,9781394183999.0,For Dummies,-,176.0,English,0.17,1
The Stoic Capitalist: Advice for the Exceptionally...,"Rosenkranz, Robert",Hardcover,1,Business & Self-Help,http://www.periplus.com/p/9781399423236/the-stoic-capitalist-advice-for-the-exceptionally-ambitious?path=1_13,478000.0,478000.0,0.0,9781399423236.0,Bloomsbury Business,-,272.0,English,0.45,0
Raising Brows tpb US,"Soare, Anastasia",Paperback,1,Business & Self-Help,http://www.periplus.com/p/9798217181377/raising-brows-tpb-us?path=1_13,269000.0,350000.0,23.0,9798217181377.0,,21 October 2025,0.0,English,0.29,0
Generative Ai: The Insights You Need from Harvard ...,"Review, Harvard Business",Paperback,0,Business & Self-Help,http://www.periplus.com/p/9781647826390/generative-ai-the-insights-you-need-from-harvard-business-review?path=1_13,475000.0,475000.0,0.0,9781647826390.0,Harvard Business Review Press,-,192.0,English,0.25,0
How to Interpret Data: Using Data to Improve Your ...,"Kelly, Nicholas",Paperback,1,Business & Self-Help,http://www.periplus.com/p/9781398619746/how-to-interpret-data-using-data-to-improve-your-influence-and-decision-making?path=1_13,275000.0,275000.0,0.0,9781398619746.0,Kogan Page,27 May 2025,248.0,English,0.29,1
Simple Truths of Leadership Playbook: A 52-Week Game...,"Blanchard, Ken",Hardcover,0,Business & Self-Help,http://www.periplus.com/p/9781523006113/simple-truths-of-leadership-playbook-a-52-week-game-plan-for-becoming-a-trusted-servant-leader?path=1_13,604000.0,604000.0,0.0,9781523006113.0,Berrett-Koehler Publishers,-,176.0,English,0.34,0
Essentialism: The Disciplined Pursuit of Less,"McKeown, Greg",Paperback,1,Business & Self-Help,http://www.periplus.com/p/9780804137409/essentialism-the-disciplined-pursuit-of-less?path=1_13,250000.0,275000.0,9.0,9780804137409.0,Crown Currency,-,304.0,English,0.24,0
The 5 AM Club : Own Your Morning. Elevate Your Life...,"Sharma, Robin",Paperback,1,Business & Self-Help,http://www.periplus.com/p/9780008312831/the-5-am-club-own-your-morning-elevate-your-life?path=1_13,395000.0,395000.0,0.0,9780008312831.0,HarperCollins Publishers,06 December 2018,336.0,English UK / Other,0.41,0
The Seven Rules of Trust : Why It Is Today's Most ...,"Wales, Jimmy",Paperback,1,Business & Self-Help,http://www.periplus.com/p/9781526665034/the-seven-rules-of-trust-why-it-is-today-s-most-essential-superpower?path=1_13,289000.0,375000.0,23.0,9781526665034.0,Bloomsbury Publishing (UK),28 October 2025,240.0,English,0.3,0
The Happiness Files: Insights on Work and Life by ...,"Brooks, Arthur C.",Hardcover,1,Business & Self-Help,http://www.periplus.com/p/9798892792264/the-happiness-files-insights-on-work-and-life-by-arthur-c-brooks?path=1_13,545000.0,545000.0,0.0,9798892792264.0,Harvard Business Review Press,-,272.0,English,0.41,0
Pokemon Encyclopedia: Updated and Expanded 2024,Pokemon,Hardcover,1,Business & Self-Help,http://www.periplus.com/p/9780008659257/pokemon-encyclopedia-updated-and-expanded-2024?path=1_13,650000.0,650000.0,0.0,9780008659257.0,HarperCollins Publishers,10 October 2024,352.0,English UK / Other,1.2,0
The Power of Creative Destruction: Economic Upheaval...,"Aghion, Philippe",Paperback,1,Business & Self-Help,http://www.periplus.com/p/9780674292093/the-power-of-creative-destruction-economic-upheaval-and-the-wealth-of-nations?path=1_13,418000.0,418000.0,0.0,9780674292093.0,Belknap Press,07 March 2023,400.0,English,0.45,1
Palm Oil: The Grease of Empire Volume 4,"Haiven, Max",Paperback,1,Business & Self-Help,http://www.periplus.com/p/9780745345826/palm-oil-the-grease-of-empire-volume-4?path=1_13,370000.0,370000.0,0.0,9780745345826.0,Pluto Press (UK),-,160.0,English,0.16,0
Rethinking Investing: A Very Short Guide to Very Long...,"Ellis, Charles D.",Hardcover,1,Business & Self-Help,http://www.periplus.com/p/9781394328291/rethinking-investing-a-very-short-guide-to-very-long-term-investing?path=1_13,219000.0,280000.0,22.0,9781394328291.0,Wiley,-,128.0,English,0.19,0
Silk Silver Opium: The Trade with China That Changed...,"Pembroke, Michael",Paperback,1,Business & Self-Help,http://www.periplus.com/p/9781761451980/silk-silver-opium-the-trade-with-china-that-changed-history?path=1_13,375000.0,375000.0,0.0,9781761451980.0,Hardie Grant Books,-,384.0,English,0.5,0
Trump: The Art of the Deal,"Trump, Donald",Paperback,1,Business & Self-Help,http://www.periplus.com/p/9781847943033/trump-the-art-of-the-deal?path=1_13,360000.0,360000.0,0.0,9781847943033.0,Cornerstone,13 August 2020,384.0,English UK / Other,0.29,0
Surrounded by Narcissists,"Erikson, Thomas",Paperback,1,Business & Self-Help,http://www.periplus.com/p/9781785043673/surrounded-by-narcissists?path=1_13,298000.0,298000.0,0.0,9781785043673.0,Ebury Publishing,21 June 2022,320.0,English UK / Other,0.22,0
The Geek Way : The Radical Mindset That Drives Extraordinary...,"McAfee, Andrew",Paperback,0,Business & Self-Help,http://www.periplus.com/p/9781035026210/the-geek-way-the-radical-mindset-that-drives-extraordinary-results?path=1_13,216000.0,288000.0,25.0,9781035026210.0,Pan Macmillan,14 November 2024,336.0,English UK / Other,0.24,0
The Invisible Doctrine : The Secret History of Neoliberalism...,"Hutchison, Peter",Paperback,1,Business & Self-Help,http://www.periplus.com/p/9781802062694/the-invisible-doctrine-the-secret-history-of-neoliberalism-and-how-it-came-to-control-your-life?path=1_13,189000.0,250000.0,24.0,9781802062694.0,Penguin Books Ltd,27 March 2025,224.0,English UK / Other,0.17,0
Ego Is the Enemy,"Holiday, Ryan",Hardcover,1,Business & Self-Help,http://www.periplus.com/p/9781591847816/ego-is-the-enemy?path=1_13,230000.0,363000.0,37.0,9781591847816.0,Portfolio,14 June 2016,256.0,English,0.27,0
Become Time Rich: How to Stop Being Busy and Start...,"Ross, Lloyd J.",Hardcover,1,Business & Self-Help,http://www.periplus.com/p/9781394337514/become-time-rich-how-to-stop-being-busy-and-start-getting-wealthy?path=1_13,339000.0,440000.0,23.0,9781394337514.0,Wiley,-,224.0,English,0.41,0
Bitcoin Is for Everyone: Why Our Financial System ...,"Brunell, Natalie",Paperback,1,Business & Self-Help,http://www.periplus.com/p/9781804091135/bitcoin-is-for-everyone-why-our-financial-system-is-broken-and-bitcoin-is-the-solution?path=1_13,309000.0,408000.0,24.0,9781804091135.0,Harriman House,25 November 2025,256.0,English,0.26,0
Thinking in Systems: International Bestseller,"Meadows, Donella",Paperback,0,Business & Self-Help,http://www.periplus.com/p/9781603580557/thinking-in-systems-international-bestseller?path=1_13,475000.0,475000.0,0.0,9781603580557.0,Chelsea Green Publishing Company,03 December 2008,240.0,English,0.37,0
The Little Book of Success: Sixteen Steps to the Prosperity...,"Hill, Napoleon",Paperback,1,Business & Self-Help,http://www.periplus.com/p/9781250384287/the-little-book-of-success-sixteen-steps-to-the-prosperity-you-deserve-and-desire?path=1_13,218000.0,218000.0,0.0,9781250384287.0,St. Martin's Essentials,-,208.0,English,0.68,0
Optimal,"Cherniss, Cary",Paperback,1,Business & Self-Help,http://www.periplus.com/p/9780241609033/optimal?path=1_13,179000.0,348000.0,49.0,9780241609033.0,Penguin Books Ltd,11 January 2024,0.0,English,0.34,0
Lean Learning,"Flynn, Pat",Paperback,1,Business & Self-Help,http://www.periplus.com/p/9781668203668/lean-learning?path=1_13,345000.0,345000.0,0.0,9781668203668.0,Simon Element / Simon Acumen,-,256.0,English,0.27,0
The Nvidia Way: Jensen Huang and the Making of a Tech...,"Kim, Tae",Hardcover,1,Business & Self-Help,http://www.periplus.com/p/9781324086710/the-nvidia-way-jensen-huang-and-the-making-of-a-tech-giant?path=1_13,598000.0,598000.0,0.0,9781324086710.0,W. W. Norton & Company,-,272.0,English,0.45,1
The Systems Leader : Mastering the Cross-Pressures...,"Siegel, Robert E.",Paperback,1,Business & Self-Help,http://www.periplus.com/p/9798217087082/the-systems-leader-mastering-the-cross-pressures-that-make-or-break-today-s-companies?path=1_13,350000.0,350000.0,0.0,9798217087082.0,Random House USA Inc,03 June 2025,256.0,English UK / Other,0.26,0
"Influence, New and Expanded","Robert B. Cialdini, PhD",Paperback,1,Business & Self-Help,http://www.periplus.com/p/9780063136892/influence-new-and-expanded?path=1_13,358000.0,358000.0,0.0,9780063136892.0,HarperCollins,04 May 2021,0.0,English,0.61,0
The Culture Map,"Meyer, Erin",Paperback,1,Business & Self-Help,http://www.periplus.com/p/9781610392761/the-culture-map?path=1_13,374000.0,374000.0,0.0,9781610392761.0,PublicAffairs,05 January 2016,288.0,English,0.29,1
The Sovereign Individual,"Davidson, James Dale",Paperback,0,Business & Self-Help,http://www.periplus.com/p/9780684832722/the-sovereign-individual?path=1_13,455000.0,455000.0,0.0,9780684832722.0,Touchstone Books,26 August 1999,448.0,English,0.57,0
Beyond Profit: Purpose-Driven Leadership for a Wellbeing...,"Hurth, Victoria",Hardcover,1,Business & Self-Help,http://www.periplus.com/p/9781399822480/beyond-profit-purpose-driven-leadership-for-a-wellbeing-economy?path=1_13,469000.0,615000.0,24.0,9781399822480.0,John Murray Publishers,-,320.0,English,0.45,0
The Split: Finding the Opportunities in China's Economy...,"Rein, Shaun",Paperback,0,Business & Self-Help,http://www.periplus.com/p/9781399816397/the-split-finding-the-opportunities-in-china-s-economy-in-the-new-world-order?path=1_13,619000.0,619000.0,0.0,9781399816397.0,John Murray Publishers,-,256.0,English,0.27,0
Harvard Business Review Project Management Handbook...,"Nieto-Rodriguez, Antonio",Paperback,1,Business & Self-Help,http://www.periplus.com/p/9781647821258/harvard-business-review-project-management-handbook-how-to-launch-lead-and-sponsor-successful-projects?path=1_13,598000.0,600000.0,0.0,9781647821258.0,Harvard Business Review Press,-,352.0,English,0.5,0
The Need to Lead: A Topgun Instructor's Lessons on...,"Berke, Dave",Hardcover,1,Business & Self-Help,http://www.periplus.com/p/9781250361639/the-need-to-lead-a-topgun-instructor-s-lessons-on-how-leadership-solves-every-challenge?path=1_13,409000.0,545000.0,25.0,9781250361639.0,St. Martin's Press,-,288.0,English,0.48,0
KIND,"Allcott, Graham",Paperback,0,Business & Self-Help,http://www.periplus.com/p/9781399417372/kind?path=1_13,393000.0,393000.0,0.0,9781399417372.0,Bloomsbury Publishing (UK),10 October 2024,240.0,English,0.3,0
"The ChatGPT Revolution: Get Curious, Get Productive...","McGeorge, Donna",Paperback,1,Business & Self-Help,http://www.periplus.com/p/9781394283125/the-chatgpt-revolution-get-curious-get-productive-and-get-creative-with-ai?path=1_13,398000.0,398000.0,0.0,9781394283125.0,Wiley,04 September 2024,288.0,English,0.3,0
"The Business Models Handbook: The Tools, Techniques...","Hague, Paul",Paperback,0,Business & Self-Help,http://www.periplus.com/p/9781398611757/the-business-models-handbook-the-tools-techniques-and-frameworks-every-business-professional-needs-to-succeed?path=1_13,1225000.0,1225000.0,0.0,9781398611757.0,Kogan Page,-,392.0,English,0.74,0
Poor Charlie's Almanack: The Essential Wit and Wisdom...,"Munger, Charles T.",Hardcover,1,Business & Self-Help,http://www.periplus.com/p/9781953953230/poor-charlie-s-almanack-the-essential-wit-and-wisdom-of-charles-t-munger?path=1_13,560000.0,560000.0,0.0,9781953953230.0,Stripe Press,-,384.0,English,0.86,0
Happy Money,"Honda, Ken",Paperback,0,Business & Self-Help,http://www.periplus.com/p/9781473684157/happy-money?path=1_13,216000.0,288000.0,25.0,9781473684157.0,John Murray Press,16 July 2020,240.0,English UK / Other,0.17,1
How to AI: Cut Through the Hype. Master the Basics...,"Mims, Christopher",Hardcover,1,Business & Self-Help,http://www.periplus.com/p/9798217086184/how-to-ai-cut-through-the-hype-master-the-basics-transform-your-work?path=1_13,545000.0,545000.0,0.0,9798217086184.0,Crown Currency,-,256.0,English,0.34,0
"The 5 Second Rule : Transform your Life, Work, and...","Robbins, Mel",Paperback,1,Business & Self-Help,http://www.periplus.com/p/9798895653630/the-5-second-rule-transform-your-life-work-and-confidence-with-everyday-courage?path=1_13,408000.0,408000.0,0.0,9798895653630.0,Post Hill Press,22 May 2025,248.0,English UK / Other,0.39,0
How to Stand Up to a Dictator,"Ressa, Maria",Paperback,0,Business & Self-Help,http://www.periplus.com/p/9780753559215/how-to-stand-up-to-a-dictator?path=1_13,393000.0,393000.0,0.0,9780753559215.0,Ebury Publishing,07 September 2023,336.0,English UK / Other,0.24,1
1929,"Sorkin, Andrew Ross",Hardcover,1,Business & Self-Help,http://www.periplus.com/p/9780241479414/1929?path=1_13,529000.0,698000.0,24.0,9780241479414.0,Penguin Books Ltd,14 October 2025,592.0,English UK / Other,1.05,0
Radical Candor: Fully Revised & Updated Edition,"Scott, Kim",Paperback,1,Business & Self-Help,http://www.periplus.com/p/9781250258403/radical-candor-fully-revised-and-updated-edition?path=1_13,180000.0,189000.0,5.0,9781250258403.0,St. Martin's Publishing Group,01 October 2019,0.0,English,0.23,0
The Plan: Manage Your Time Like a Lazy Genius,"Adachi, Kendra",Hardcover,1,Business & Self-Help,http://www.periplus.com/p/9780593727935/the-plan-manage-your-time-like-a-lazy-genius?path=1_13,209000.0,430000.0,51.0,9780593727935.0,Convergent Books,-,256.0,English,0.39,0
What's Keeping You Broke?: An Illustrated Guide to...,The Simple Sum,Paperback,1,Business & Self-Help,http://www.periplus.com/p/9781394268580/what-s-keeping-you-broke-an-illustrated-guide-to-financial-freedom-by-the-simple-sum?path=1_13,349000.0,455000.0,23.0,9781394268580.0,Wiley,-,464.0,English,0.66,0
Jim Rohn's Success Blueprint: How Today's Actions ...,"Rohn, Jim",Paperback,1,Business & Self-Help,http://www.periplus.com/p/9781640954939/jim-rohn-s-success-blueprint-how-today-s-actions-achieve-tomorrow-s-goals?path=1_13,229000.0,298000.0,23.0,9781640954939.0,Sound Wisdom,-,224.0,English,0.26,0
Discipline Is Destiny: The Power of Self-Control,"Holiday, Ryan",Hardcover,0,Business & Self-Help,http://www.periplus.com/p/9780593191699/discipline-is-destiny-the-power-of-self-control?path=1_13,558000.0,558000.0,0.0,9780593191699.0,Portfolio,-,352.0,English,0.36,0
"The Get Things Done Book : 41 Tools to Start, Stick...","Tschappeler, Roman",Hardcover,1,Business & Self-Help,http://www.periplus.com/p/9781800814646/the-get-things-done-book-41-tools-to-start-stick-with-and-finish-things?path=1_13,285000.0,285000.0,0.0,9781800814646.0,Profile Books Ltd,02 February 2023,176.0,English UK / Other,0.2,0
MCU: The Reign of Marvel Studios,"Edwards, Gavin",Paperback,0,Business & Self-Help,http://www.periplus.com/p/9781472270771/mcu-the-reign-of-marvel-studios?path=1_13,294000.0,393000.0,25.0,9781472270771.0,Headline Publishing Group,15 October 2024,544.0,English UK / Other,0.38,0
Hermès - The Fashion Icons,"James, Alison",Hardcover,0,Business & Self-Help,http://www.periplus.com/p/9781915343482/herm-s-the-fashion-icons?path=1_13,724000.0,724000.0,0.0,9781915343482.0,Sona Books,26 November 2024,144.0,English,0.75,0
"The First 90 Days, Updated and Expanded: Proven Strategies...","Watkins, Michael D.",Hardcover,1,Business & Self-Help,http://www.periplus.com/p/9781422188613/the-first-90-days-updated-and-expanded-proven-strategies-for-getting-up-to-speed-faster-and-smarter?path=1_13,550000.0,550000.0,0.0,9781422188613.0,Harvard Business Review Press,14 May 2013,304.0,English,0.39,0
Building a Second Brain,"Forte, Tiago",Paperback,0,Business & Self-Help,http://www.periplus.com/p/9781800812222/building-a-second-brain?path=1_13,288000.0,288000.0,0.0,9781800812222.0,Profile Books Ltd,03 August 2023,272.0,English UK / Other,0.22,0
The Invisible Doctrine : The Secret History of Neoliberalism...,"Hutchison, Peter",Hardcover,0,Business & Self-Help,http://www.periplus.com/p/9780241635902/the-invisible-doctrine-the-secret-history-of-neoliberalism-and-how-it-came-to-control-your-life?path=1_13,299000.0,299000.0,0.0,9780241635902.0,Penguin Books Ltd,16 May 2024,224.0,English UK / Other,0.22,0
How to Be a Digital Nomad: Build a Successful Career...,"Ihrig, Kayla",Paperback,0,Business & Self-Help,http://www.periplus.com/p/9781398613058/how-to-be-a-digital-nomad-build-a-successful-career-while-travelling-the-world?path=1_13,446000.0,446000.0,0.0,9781398613058.0,Kogan Page,-,248.0,English,0.24,1
From CIA to CEO,"Patel, Rupal",Paperback,0,Business & Self-Help,http://www.periplus.com/p/9781788706742/from-cia-to-ceo?path=1_13,262000.0,262000.0,0.0,9781788706742.0,Bonnier,11 January 2024,320.0,English,0.0,0
Every Screen on the Planet,"Baker-White, Emily",Paperback,1,Business & Self-Help,http://www.periplus.com/p/9781035049271/every-screen-on-the-planet?path=1_13,209000.0,418000.0,50.0,9781035049271.0,Pan Macmillan,02 October 2025,368.0,English,0.45,0
CEO Ready: What You Need to Know to Earn the Job--...,"Thompson, Mark",Hardcover,1,Business & Self-Help,http://www.periplus.com/p/9798892791687/ceo-ready-what-you-need-to-know-to-earn-the-job-and-keep-the-job?path=1_13,479000.0,635000.0,25.0,9798892791687.0,Harvard Business Review Press,-,272.0,English,0.5,0
Who Moved My Cheese,"Johnson, Dr Spencer",Paperback,0,Business & Self-Help,http://www.periplus.com/p/9780091816971/who-moved-my-cheese?path=1_13,236000.0,236000.0,0.0,9780091816971.0,Ebury Publishing,04 March 1999,96.0,English UK / Other,0.09,0
Material World,"Conway, Ed",Paperback,0,Business & Self-Help,http://www.periplus.com/p/9780753559178/material-world?path=1_13,288000.0,288000.0,0.0,9780753559178.0,Ebury Publishing,01 August 2024,512.0,English UK / Other,0.35,0
Job Therapy,"West, Tessa",Paperback,0,Business & Self-Help,http://www.periplus.com/p/9781529146691/job-therapy?path=1_13,446000.0,446000.0,0.0,9781529146691.0,Ebury Publishing,25 July 2024,288.0,English UK / Other,0.36,0
"Warriors, Rebels and Saints","Temkin, Moshik",Paperback,0,Business & Self-Help,http://www.periplus.com/p/9781805221111/warriors-rebels-and-saints?path=1_13,288000.0,288000.0,0.0,9781805221111.0,Profile Books Ltd,25 July 2024,320.0,English UK / Other,0.25,0
Sergey Brin and Larry Page,"McNab, Chris",Paperback,1,Business & Self-Help,http://www.periplus.com/p/9781398822702/sergey-brin-and-larry-page?path=1_13,34300.0,199000.0,83.0,9781398822702.0,Arcturus Publishing Ltd,01 November 2024,208.0,English UK / Other,0.27,1
Ogilvy on Advertising,"Ogilvy, David",Paperback,1,Business & Self-Help,http://www.periplus.com/p/9781802794960/ogilvy-on-advertising?path=1_13,280000.0,280000.0,0.0,9781802794960.0,Headline Publishing Group,02 February 2023,288.0,English UK / Other,0.25,0
CEO Excellence,"Malhotra, Vikram",Paperback,1,Business & Self-Help,http://www.periplus.com/p/9781668000458/ceo-excellence?path=1_13,354000.0,354000.0,0.0,9781668000458.0,Scribner,15 March 2022,0.0,English,0.41,0
Is the Chinese Economy a Miracle or a Bubble?,"Lau, Lawrence Juen-Yee",Paperback,1,Business & Self-Help,http://www.periplus.com/p/9789819807291/is-the-chinese-economy-a-miracle-or-a-bubble?path=1_13,468000.0,468000.0,0.0,9789819807291.0,World Scientific Publishing Company,-,516.0,English,0.0,0
Genesis,"Kissinger, Henry a.",Paperback,1,Business & Self-Help,http://www.periplus.com/p/9780316584425/genesis?path=1_13,374000.0,374000.0,0.0,9780316584425.0,Little Brown and Company,19 November 2024,288.0,English,0.36,0
50 Ideas that Changed the World of Work,"Kourdi, Jeremy",Paperback,1,Business & Self-Help,http://www.periplus.com/p/9781800816299/50-ideas-that-changed-the-world-of-work?path=1_13,268000.0,268000.0,0.0,9781800816299.0,Profile Books Ltd,24 April 2025,304.0,English UK / Other,0.25,0
I Will Teach You to Be Rich: No Guilt. No Excuses. ...,"Sethi, Ramit",Paperback,1,Business & Self-Help,http://www.periplus.com/p/9781523505746/i-will-teach-you-to-be-rich-no-guilt-no-excuses-just-a-6-week-program-that-works-second-edition?path=1_13,308000.0,308000.0,0.0,9781523505746.0,Workman Publishing,14 May 2019,352.0,English,0.48,0
The Age of Extraction tpb US,Tim Wu,Paperback,1,Business & Self-Help,http://www.periplus.com/p/9781524712952/the-age-of-extraction-tpb-us?path=1_13,169000.0,335000.0,50.0,9781524712952.0,PRHUS,04 November 2025,224.0,English,0.31,0
"The Daily Stoic: 366 Meditations on Wisdom, Perseverance...","Holiday, Ryan",Hardcover,0,Business & Self-Help,http://www.periplus.com/p/9780735211735/the-daily-stoic-366-meditations-on-wisdom-perseverance-and-the-art-of-living?path=1_13,305000.0,305000.0,0.0,9780735211735.0,Portfolio,18 October 2016,416.0,English,0.52,3
Pokemon Encyclopedia Updated and Expanded 2022,Pokemon,Hardcover,0,Business & Self-Help,http://www.periplus.com/p/9780008535483/pokemon-encyclopedia-updated-and-expanded-2022?path=1_13,625000.0,625000.0,0.0,9780008535483.0,HarperCollins Publishers,27 October 2022,336.0,English UK / Other,1.32,1
Building Your Money Machine: How to Get Your Money...,"Abraham, Mel H.",Hardcover,1,Business & Self-Help,http://www.periplus.com/p/9781401979508/building-your-money-machine-how-to-get-your-money-to-work-harder-for-you-than-you-did-for-it?path=1_13,249000.0,498000.0,50.0,9781401979508.0,Hay House LLC,-,312.0,English,0.49,0
Goals! Third Edition: How to Get Everything You Want...,"Tracy, Brian",Paperback,0,Business & Self-Help,http://www.periplus.com/p/9798890570437/goals-third-edition-how-to-get-everything-you-want-faster-than-you-ever-thought-possible?path=1_13,516000.0,516000.0,0.0,9798890570437.0,Berrett-Koehler Publishers,-,304.0,English,0.34,0
AI and Innovation: How to Transform Your Business ...,"Lewrick, Michael",Paperback,1,Business & Self-Help,http://www.periplus.com/p/9781394254972/ai-and-innovation-how-to-transform-your-business-and-outpace-the-competition-with-generative-ai?path=1_13,585000.0,652000.0,10.0,9781394254972.0,Wiley,-,272.0,English,0.56,0
Mood Machine,"Pelly, Liz",Paperback,1,Business & Self-Help,http://www.periplus.com/p/9781399718851/mood-machine?path=1_13,169000.0,340000.0,50.0,9781399718851.0,Hodder & Stoughton,13 March 2025,0.0,English,0.36,0
"Get to the Point! Second Edition: Simplify, Sharpen...","Schwartzberg, Joel",Paperback,1,Business & Self-Help,http://www.periplus.com/p/9798890571052/get-to-the-point-second-edition-simplify-sharpen-and-sell-your-message?path=1_13,269000.0,358000.0,25.0,9798890571052.0,Berrett-Koehler Publishers,-,160.0,English,0.16,0
The Atomic Habits Workbook: Official Companion to ...,"Clear, James",Paperback,1,Business & Self-Help,http://www.periplus.com/p/9798217180509/the-atomic-habits-workbook-official-companion-to-the-1-worldwide-bestseller?path=1_13,445000.0,445000.0,0.0,9798217180509.0,Avery Publishing Group,-,320.0,English,0.62,0
Cozy Cuties: Coloring Book for Adults and Kids,"Wyo, Coco",Paperback,1,Children's Books,http://www.periplus.com/p/9798217116850/cozy-cuties-coloring-book-for-adults-and-kids?path=1_14,168000.0,168000.0,0.0,9798217116850.0,Random House Books for Young Readers,-,96.0,English,0.25,2
Disney Wings of Starlight,"Saft, Allison",Paperback,1,Children's Books,http://www.periplus.com/p/9781835871317/disney-wings-of-starlight?path=1_14,215000.0,215000.0,0.0,9781835871317.0,Bonnier Books Ltd,13 February 2025,400.0,English UK / Other,0.28,0
Count and Slide Things That Go,"Hainsby, Christie",Board Book,1,Children's Books,http://www.periplus.com/p/9781836424642/count-and-slide-things-that-go?path=1_14,218000.0,218000.0,0.0,9781836424642.0,Make Believe Ideas,01 August 2025,10.0,English UK / Other,0.53,0
Bluey: Little Library,Bluey,Board Book,1,Children's Books,http://www.periplus.com/p/9780241486900/bluey-little-library?path=1_14,150000.0,150000.0,0.0,9780241486900.0,Penguin Random House Children's UK,30 September 2021,48.0,English UK / Other,0.33,0
Bluey: My Mum Is the Best,Bluey,Board Book,1,Children's Books,http://www.periplus.com/p/9780241550687/bluey-my-mum-is-the-best?path=1_14,175000.0,175000.0,0.0,9780241550687.0,Penguin Random House Children's UK,02 February 2023,24.0,English UK / Other,0.37,0
Fake Skating,"Painter, Lynn",Paperback,1,Children's Books,http://www.periplus.com/p/9781398537866/fake-skating?path=1_14,205000.0,205000.0,0.0,9781398537866.0,Simon & Schuster Ltd,30 September 2025,448.0,English UK / Other,0.32,0
"Bluey - Oooh, Shiny! A Bluey Flashlight Toy Adventure...",PI Kids,Paperback,0,Children's Books,http://www.periplus.com/p/9798384600121/bluey-oooh-shiny-a-bluey-flashlight-toy-adventure-sound-book-pi-kids?path=1_14,420000.0,420000.0,0.0,9798384600121.0,Phoenix International Publications,06 May 2025,10.0,English,0.27,3
Pop-Up Peekaboo! Frozen,DK,Board Book,1,Children's Books,http://www.periplus.com/p/9780241720448/pop-up-peekaboo-frozen?path=1_14,235000.0,235000.0,0.0,9780241720448.0,Dorling Kindersley Ltd,28 August 2025,12.0,English UK / Other,0.53,0
Unicornia: Learning to Fly,"Punset, Ana",Paperback,1,Children's Books,http://www.periplus.com/p/9781529519860/unicornia-learning-to-fly?path=1_14,158000.0,158000.0,0.0,9781529519860.0,Walker Books Ltd,06 June 2024,128.0,English UK / Other,0.27,0
Magnetic Play and Learn Animals,"Lambert, Nat",Hardcover,1,Children's Books,http://www.periplus.com/p/9781784456207/magnetic-play-and-learn-animals?path=1_14,175000.0,175000.0,0.0,9781784456207.0,Gemini Books Group Ltd,15 August 2024,10.0,English UK / Other,0.42,0
Disney Frozen 2 My Busy Books,by Phidal Publishing Inc. (Author),Paperback,1,Children's Books,http://www.periplus.com/p/9782764349250/disney-frozen-2-my-busy-books?path=1_14,290000.0,290000.0,0.0,9782764349250.0,Phidal,03 October 2019,10.0,English,0.46,0
Piano Book - Twinkle Twinkle,North Parade Publishing,Paperback,1,Children's Books,http://www.periplus.com/p/9781835096635/piano-book-twinkle-twinkle?path=1_14,315000.0,315000.0,0.0,9781835096635.0,North Parade Publishing,30 July 2023,7.0,English,0.3,0
How to be a Genius Kid,Waldo Pancake Ltd,Paperback,1,Children's Books,http://www.periplus.com/p/9780571380046/how-to-be-a-genius-kid?path=1_14,265000.0,265000.0,0.0,9780571380046.0,Faber & Faber,06 June 2024,256.0,English UK / Other,0.45,0
Pablo and Splash: Roman Holiday,"Dempsey, Sheena",Paperback,1,Children's Books,http://www.periplus.com/p/9781526662859/pablo-and-splash-roman-holiday?path=1_14,200000.0,200000.0,0.0,9781526662859.0,Bloomsbury Publishing PLC,31 July 2025,240.0,English UK / Other,0.48,0
Unicornia: A Magical Birthday,"Punset, Ana",Paperback,1,Children's Books,http://www.periplus.com/p/9781529520002/unicornia-a-magical-birthday?path=1_14,188000.0,188000.0,0.0,9781529520002.0,Walker Books Ltd,07 November 2024,128.0,English UK / Other,0.27,0
Rasa Sayang Pocket Sound Book-ID,Unknown Author,Hardcover,1,Children's Books,http://www.periplus.com/p/9789811439506/rasa-sayang-pocket-sound-book-id?path=1_14,199000.0,199000.0,0.0,9789811439506.0,Peyron Singapore PTE LTD,01 January 2025,10.0,Indonesian,0.5,0
Sunrise on the Reaping,"Collins, Suzanne",Hardcover,1,Children's Books,http://www.periplus.com/p/9780702340574/sunrise-on-the-reaping?path=1_14,515000.0,515000.0,0.0,9780702340574.0,Scholastic,18 March 2025,416.0,English UK / Other,0.69,1
Disney Stitch Tattle Tales,by Phidal Publishing Inc. (Editor),Paperback,1,Children's Books,http://www.periplus.com/p/9782764358047/disney-stitch-tattle-tales?path=1_14,175000.0,175000.0,0.0,9782764358047.0,Phidal Publishing Inc.,10 April 2024,12.0,English,0.27,0
Marvel Spidey and his Amazing Friends,-,Hardcover,1,Children's Books,http://www.periplus.com/p/9782764357538/marvel-spidey-and-his-amazing-friends?path=1_14,275000.0,275000.0,0.0,9782764357538.0,Phidal Publishing,01 April 2024,10.0,English UK / Other,0.67,0
"Warriors Graphic Novel: The Prophecies Begin, Part...","Hunter, Erin",Paperback,1,Children's Books,http://www.periplus.com/p/9780063203938/warriors-graphic-novel-the-prophecies-begin-part-three-of-three?path=1_14,318000.0,318000.0,0.0,9780063203938.0,Harperalley,09 October 2025,272.0,English,0.57,0
Key Skills for Toddlers,"Priddy, Roger",Paperback,1,Children's Books,http://www.periplus.com/p/9781916745223/key-skills-for-toddlers?path=1_14,235000.0,235000.0,0.0,9781916745223.0,Priddy Books,09 May 2024,128.0,English UK / Other,0.56,0
Little Explorers: Science,"Ltd., Dynamo",Board Book,1,Children's Books,http://www.periplus.com/p/9781800782587/little-explorers-science?path=1_14,248000.0,248000.0,0.0,9781800782587.0,Templar Books,05 January 2023,16.0,English UK / Other,0.53,0
My Busy Bk: Disney Princess,Phidal Publishing Inc,Paperback,1,Children's Books,http://www.periplus.com/p/9782764371015/my-busy-bk-disney-princess?path=1_14,276000.0,276000.0,0.0,9782764371015.0,Phidal Publishing Inc,01 April 2025,0.0,English,0.67,0
Dressing Up Princesses,"Thomson, Kate",Board Book,1,Children's Books,http://www.periplus.com/p/9781787007048/dressing-up-princesses?path=1_14,175000.0,175000.0,0.0,9781787007048.0,Gemini Books Group Ltd,02 January 2025,10.0,English UK / Other,0.42,0
Ocean,Unknown Author,Paperback,1,Children's Books,http://www.periplus.com/p/9791039552158/ocean?path=1_14,445000.0,445000.0,0.0,9791039552158.0,Yoyo Books; 1st edition,19 September 2024,64.0,English,1.4,0
Peekaboo House,"Reid, Camilla (Editorial Director)",Board Book,1,Children's Books,http://www.periplus.com/p/9781788005777/peekaboo-house?path=1_14,180000.0,180000.0,0.0,9781788005777.0,Nosy Crow Ltd,03 June 2021,10.0,English UK / Other,0.32,0
Piano Book - Itsy Bitsy Spider,North Parade Publishing,Paperback,1,Children's Books,http://www.periplus.com/p/9781835096666/piano-book-itsy-bitsy-spider?path=1_14,250000.0,250000.0,0.0,9781835096666.0,,30 July 2023,7.0,English,0.3,0
Unicornia: The Cupcake Contest,"Punset, Ana",Paperback,1,Children's Books,http://www.periplus.com/p/9781529520019/unicornia-the-cupcake-contest?path=1_14,158000.0,158000.0,0.0,9781529520019.0,Walker Books Ltd,06 February 2025,128.0,English UK / Other,0.27,0
The Wild Robot : Now a major DreamWorks animation!,"Brown, Peter",Paperback,1,Children's Books,http://www.periplus.com/p/9781800789913/the-wild-robot-now-a-major-dreamworks-animation?path=1_14,180000.0,180000.0,0.0,9781800789913.0,Templar Books,26 September 2024,320.0,English UK / Other,0.23,0
Never Thought I'd End Up Here,"Liang, Ann",Paperback,1,Children's Books,http://www.periplus.com/p/9780702340949/never-thought-i-d-end-up-here?path=1_14,225000.0,225000.0,0.0,9780702340949.0,Scholastic,05 June 2025,320.0,English UK / Other,0.22,0
Foodies,"Berg, Caro Van Den",Paperback,1,Children's Books,http://www.periplus.com/p/9781835555330/foodies?path=1_14,76000.0,95000.0,20.0,9781835555330.0,Gemini Books Group Ltd,26 June 2025,64.0,English UK / Other,0.31,0
Disney Moana Tattle Tales,-,Board Book,1,Children's Books,http://www.periplus.com/p/9782764370957/disney-moana-tattle-tales?path=1_14,175000.0,175000.0,0.0,9782764370957.0,Phidal Publishing,01 February 2025,0.0,English UK / Other,0.0,0
555 Sticker Fun Sharks,"Mayes, Susan",Paperback,1,Children's Books,http://www.periplus.com/p/9781835552650/555-sticker-fun-sharks?path=1_14,165000.0,165000.0,0.0,9781835552650.0,Gemini Books Group Ltd,09 October 2025,56.0,English UK / Other,0.29,0
"Bluey: Oooh, Shiny! A Bluey Flashlight Book Sound ...",PI Kids,Board Book,1,Children's Books,http://www.periplus.com/p/9798384600114/bluey-oooh-shiny-a-bluey-flashlight-book-sound-book?path=1_14,325000.0,325000.0,0.0,9798384600114.0,"Phoenix International Publications, Incorporated",06 May 2025,12.0,English,0.6,0
Bunny vs Monkey: The Impossible Pig (a Phoenix Comic...,"Smart, Jamie",Paperback,1,Children's Books,http://www.periplus.com/p/9781788453127/bunny-vs-monkey-the-impossible-pig-a-phoenix-comic-book-from-the-multi-million-selling-creative-genius-jamie-smart?path=1_14,265000.0,265000.0,0.0,9781788453127.0,David Fickling Books,04 July 2024,240.0,English UK / Other,0.43,0
Disney Pixar Cars: Ka-Chow! Sound Book,PI Kids,Board Book,1,Children's Books,http://www.periplus.com/p/9798384602729/disney-pixar-cars-ka-chow-sound-book?path=1_14,258000.0,258000.0,0.0,9798384602729.0,"Phoenix International Publications, Incorporated",07 April 2026,8.0,English,0.49,0
Where's the Spy?,"Cowan, Laura",Hardcover,1,Children's Books,http://www.periplus.com/p/9781805074519/where-s-the-spy?path=1_14,180000.0,180000.0,0.0,9781805074519.0,Usborne Publishing Ltd,10 April 2025,48.0,English UK / Other,0.51,0
Bluey: The Doctor,Bluey,Board Book,1,Children's Books,http://www.periplus.com/p/9780241722152/bluey-the-doctor?path=1_14,175000.0,175000.0,0.0,9780241722152.0,Penguin Random House Children's UK,02 January 2025,24.0,English UK / Other,0.35,0
Peekaboo Dinosaur,"Reid, Camilla (Editorial Director)",Board Book,1,Children's Books,http://www.periplus.com/p/9781839942655/peekaboo-dinosaur?path=1_14,180000.0,180000.0,0.0,9781839942655.0,Nosy Crow Ltd,11 April 2024,10.0,English UK / Other,0.29,0
Bluey: Where’s Bluey and Bingo?,Bluey,Paperback,1,Children's Books,http://www.periplus.com/p/9780241728802/bluey-where-s-bluey-and-bingo?path=1_14,205000.0,205000.0,0.0,9780241728802.0,Penguin Random House Children's UK,28 August 2025,32.0,English UK / Other,0.18,0
"Let's Go Home, Baby Shark",-,Board Book,1,Children's Books,http://www.periplus.com/p/9781839948404/let-s-go-home-baby-shark?path=1_14,180000.0,180000.0,0.0,9781839948404.0,Nosy Crow Ltd,03 August 2023,8.0,English UK / Other,0.37,0
Noisy Animal World,"Cox, Hettie (Junior Editor - Cat Bespoke",Board Book,1,Children's Books,http://www.periplus.com/p/9781838918590/noisy-animal-world?path=1_14,308000.0,308000.0,0.0,9781838918590.0,Little Tiger Press Group,07 August 2025,16.0,English UK / Other,0.49,0
Nothing Like the Movies,"Painter, Lynn",Paperback,1,Children's Books,http://www.periplus.com/p/9781398536425/nothing-like-the-movies?path=1_14,215000.0,215000.0,0.0,9781398536425.0,Simon & Schuster Ltd,01 October 2024,448.0,English UK / Other,0.32,0
Diary of a Wimpy Kid: Hot Mess (Book 19),"Kinney, Jeff",Paperback,1,Children's Books,http://www.periplus.com/p/9780241583180/diary-of-a-wimpy-kid-hot-mess-book-19?path=1_14,175000.0,175000.0,0.0,9780241583180.0,Penguin Random House Children's UK,15 January 2026,240.0,English UK / Other,0.18,0
Fearless,"Roberts, Lauren",Paperback,1,Children's Books,http://www.periplus.com/p/9781398551923/fearless?path=1_14,218000.0,218000.0,0.0,9781398551923.0,Simon & Schuster Ltd,29 January 2026,528.0,English UK / Other,0.38,0
Kaleidoscope Col Kawaii Kingdom,Hinkler Books,Paperback,1,Children's Books,http://www.periplus.com/p/9781488951213/kaleidoscope-col-kawaii-kingdom?path=1_14,225000.0,225000.0,0.0,9781488951213.0,Hinkler Books,-,0.0,English,0.5,0
Magnetic Dinosaur Island,"Graham, Oakley",Hardcover,1,Children's Books,http://www.periplus.com/p/9781787009370/magnetic-dinosaur-island?path=1_14,175000.0,175000.0,0.0,9781787009370.0,Gemini Books Group Ltd,15 August 2024,10.0,English UK / Other,0.4,0
Bluey: The Sign: A Graphic Novel,Penguin Young Readers Licenses,Hardcover,1,Children's Books,http://www.periplus.com/p/9798217143351/bluey-the-sign-a-graphic-novel?path=1_14,285000.0,285000.0,0.0,9798217143351.0,Penguin Young Readers Licenses,-,144.0,English,0.48,0
Britannica All New Children’s Encyclopedia – Updated...,Britannica Group,Hardcover,1,Children's Books,http://www.periplus.com/p/9781804661499/britannica-all-new-children-s-encyclopedia-updated-edition?path=1_14,686000.0,686000.0,0.0,9781804661499.0,What on Earth Publishing Ltd,04 September 2025,424.0,English UK / Other,1.58,0
Wonder,"Palacio, R. J.",Paperback,1,Children's Books,http://www.periplus.com/p/9780552565974/wonder?path=1_14,165000.0,165000.0,0.0,9780552565974.0,Penguin Random House Children's UK,03 January 2013,320.0,English UK / Other,0.27,20
How to Train Your Dragon,"Cowell, Cressida",Paperback,1,Children's Books,http://www.periplus.com/p/9780316587112/how-to-train-your-dragon?path=1_14,185000.0,185000.0,0.0,9780316587112.0,"Little, Brown Books for Young Readers",-,304.0,English,0.23,0
Pokemon: 1001 Stickers,Pokemon,Paperback,1,Children's Books,http://www.periplus.com/p/9780008552718/pokemon-1001-stickers?path=1_14,330000.0,330000.0,0.0,9780008552718.0,HarperCollins Publishers,30 March 2023,32.0,English UK / Other,0.26,1
Dork Diaries: Drama Queen,"Russell, Rachel Renee",Paperback,1,Children's Books,http://www.periplus.com/p/9781398527638/dork-diaries-drama-queen?path=1_14,208000.0,208000.0,0.0,9781398527638.0,Simon & Schuster Ltd,20 July 2023,352.0,English UK / Other,0.25,0
555 Sticker Fun - Cats & Dogs Activity Book,"Graham, Oakley",Paperback,1,Children's Books,http://www.periplus.com/p/9781801059275/555-sticker-fun-cats-and-dogs-activity-book?path=1_14,115000.0,115000.0,0.0,9781801059275.0,Gemini Books Group Ltd,01 June 2024,56.0,English UK / Other,0.27,0
"Warriors Graphic Novel: The Prophecies Begin, Part...","Hunter, Erin",Paperback,1,Children's Books,http://www.periplus.com/p/9780063203877/warriors-graphic-novel-the-prophecies-begin-part-one-of-three?path=1_14,318000.0,318000.0,0.0,9780063203877.0,Harperalley,16 July 2024,272.0,English,0.57,0
Rowley Jefferson's Awesome Friendly Spooky Stories...,"Kinney, Jeff",Hardcover,1,Children's Books,http://www.periplus.com/p/9781419786020/rowley-jefferson-s-awesome-friendly-spooky-stories-deluxe-collector-s-edition-from-the-creator-of-diary-of-a-wimpy-kid?path=1_14,360000.0,360000.0,0.0,9781419786020.0,Harry N. Abrams,-,224.0,English,0.46,0
"Let's Go Home, Baby Tiger",-,Board Book,0,Children's Books,http://www.periplus.com/p/9781839947261/let-s-go-home-baby-tiger?path=1_14,210000.0,210000.0,0.0,9781839947261.0,Nosy Crow Ltd,02 March 2023,8.0,English UK / Other,0.43,0
The Wild Robot : A deluxe special edition of the beloved...,"Brown, Peter",Paperback,0,Children's Books,http://www.periplus.com/p/9781835874202/the-wild-robot-a-deluxe-special-edition-of-the-beloved-new-york-times-bestseller?path=1_14,180000.0,180000.0,0.0,9781835874202.0,Bonnier Books Ltd,30 October 2025,288.0,English UK / Other,0.25,0
Little Explorers: Let's Go! Airport,"Ltd., Dynamo",Board Book,1,Children's Books,http://www.periplus.com/p/9781800784970/little-explorers-let-s-go-airport?path=1_14,248000.0,248000.0,0.0,9781800784970.0,Templar Books,04 January 2024,16.0,English UK / Other,0.53,0
The Amazing Generation :,"Price, Catherine",Paperback,1,Children's Books,http://www.periplus.com/p/9780241806586/the-amazing-generation?path=1_14,245000.0,245000.0,0.0,9780241806586.0,Penguin Random House Children's UK,08 January 2026,240.0,English UK / Other,0.2,0
Numberblocks Number Explorer: A Big Board Book,Sweet Cherry Publishing,Board Book,1,Children's Books,http://www.periplus.com/p/9781802632545/numberblocks-number-explorer-a-big-board-book?path=1_14,345000.0,345000.0,0.0,9781802632545.0,Sweet Cherry Publishing,14 March 2024,20.0,English UK / Other,0.73,0
Cozy World Comfy Pet Cafe: Easy Colouring and Sticker...,"Ren, Kiku",Paperback,1,Children's Books,http://www.periplus.com/p/9781836161615/cozy-world-comfy-pet-cafe-easy-colouring-and-sticker-scene-for-teens-young-adults-and-adults?path=1_14,168000.0,168000.0,0.0,9781836161615.0,Gemini Books Group Ltd,27 November 2025,48.0,English UK / Other,0.29,0
Spider-Man: Fake Red,"Osawa, Yusuke",Paperback,1,Children's Books,http://www.periplus.com/p/9781974738786/spider-man-fake-red?path=1_14,298000.0,298000.0,0.0,9781974738786.0,Viz Media,13 June 2023,328.0,English,0.29,1
Howl's Moving Castle 40th Anniversary Deluxe Edition...,"Jones, Diana Wynne",Hardcover,1,Children's Books,http://www.periplus.com/p/9780008789473/howl-s-moving-castle-40th-anniversary-deluxe-edition?path=1_14,398000.0,398000.0,0.0,9780008789473.0,HarperCollins Publishers,09 September 2025,0.0,English,0.43,1
Will You Be My Friend?,"McBratney, Sam",Board Book,1,Children's Books,http://www.periplus.com/p/9781529514988/will-you-be-my-friend?path=1_14,175000.0,175000.0,0.0,9781529514988.0,Walker Books Ltd,04 January 2024,26.0,English UK / Other,0.31,0
Bunny vs Monkey: The Whopping World of Puzzles (a ...,"Smart, Jamie",Paperback,0,Children's Books,http://www.periplus.com/p/9781788453509/bunny-vs-monkey-the-whopping-world-of-puzzles-a-phoenix-comic-book-from-the-multi-million-selling-creative-genius-jamie-smart?path=1_14,183000.0,183000.0,0.0,9781788453509.0,David Fickling Books,27 March 2025,128.0,English UK / Other,0.12,1
From the World of Percy Jackson: The Court of the ...,"Oshiro, Mark",Paperback,1,Children's Books,http://www.periplus.com/p/9780241731413/from-the-world-of-percy-jackson-the-court-of-the-dead-the-nico-di-angelo-adventures?path=1_14,320000.0,320000.0,0.0,9780241731413.0,Penguin Random House Children's UK,23 September 2025,0.0,English,0.54,0
Hot Wheels: Sticker Book,Hot Wheels,Paperback,1,Children's Books,http://www.periplus.com/p/9780241738269/hot-wheels-sticker-book?path=1_14,165750.0,195000.0,15.0,9780241738269.0,Penguin Random House Children's UK,06 February 2025,32.0,English UK / Other,0.29,0
The New Famous Five: Five and the Smuggler's Code : ...,"Smith, Chris",Paperback,1,Children's Books,http://www.periplus.com/p/9781444978759/the-new-famous-five-five-and-the-smuggler-s-code-book-2?path=1_14,198000.0,198000.0,0.0,9781444978759.0,Hachette Children's Group,01 January 2026,224.0,English UK / Other,0.16,0
Dork Diaries 3.5 How to Dork Your Diary,"Russell, Rachel Renee",Paperback,1,Children's Books,http://www.periplus.com/p/9781398543881/dork-diaries-3-5-how-to-dork-your-diary?path=1_14,175000.0,175000.0,0.0,9781398543881.0,Simon & Schuster Ltd,28 August 2025,288.0,English UK / Other,0.21,3
Bunny vs Monkey: The Great Big Glitch (a Phoenix Comic...,"Smart, Jamie",Hardcover,1,Children's Books,http://www.periplus.com/p/9781788453080/bunny-vs-monkey-the-great-big-glitch-a-phoenix-comic-book-from-the-multi-million-selling-creative-genius-jamie-smart?path=1_14,345000.0,345000.0,0.0,9781788453080.0,David Fickling Books,10 October 2024,256.0,English UK / Other,0.58,1
Magical Unicorns Colouring,Igloo Books Ltd,Paperback,1,Children's Books,http://www.periplus.com/p/9781836500131/magical-unicorns-colouring?path=1_14,225000.0,225000.0,0.0,9781836500131.0,Bonnier Books Ltd,31 July 2025,64.0,English UK / Other,0.61,0
Fearless,"Roberts, Lauren",Hardcover,1,Children's Books,http://www.periplus.com/p/9781398531277/fearless?path=1_14,198000.0,360000.0,45.0,9781398531277.0,Simon & Schuster Ltd,08 April 2025,528.0,English UK / Other,0.7,4
Get Ready for School! (Ms. Rachel/Sesame Street),MS Rachel,Board Book,1,Children's Books,http://www.periplus.com/p/9798217118045/get-ready-for-school-ms-rachel-sesame-street?path=1_14,175000.0,175000.0,0.0,9798217118045.0,Random House Books for Young Readers,-,24.0,English,0.32,0
Pop-Up Peekaboo! Gabby's Dollhouse,DK,Board Book,1,Children's Books,http://www.periplus.com/p/9780241766835/pop-up-peekaboo-gabby-s-dollhouse?path=1_14,220000.0,220000.0,0.0,9780241766835.0,Dorling Kindersley Ltd,09 October 2025,12.0,English UK / Other,0.5,0
Diary of a Wimpy Kid: Cabin Fever (Book 6),"Kinney, Jeff",Paperback,1,Children's Books,http://www.periplus.com/p/9780241688229/diary-of-a-wimpy-kid-cabin-fever-book-6?path=1_14,180000.0,180000.0,0.0,9780241688229.0,Penguin Random House Children's UK,23 November 2023,240.0,English UK / Other,0.17,0
Ready Set Squish!,"Cox, Alexander",Board Book,0,Children's Books,http://www.periplus.com/p/9781805442165/ready-set-squish?path=1_14,262000.0,262000.0,0.0,9781805442165.0,Make Believe Ideas,01 February 2025,24.0,English UK / Other,0.47,0
Dork Diaries: Sister Showdown,"Russell, Rachel Renee",Paperback,1,Children's Books,http://www.periplus.com/p/9781398541269/dork-diaries-sister-showdown?path=1_14,178000.0,178000.0,0.0,9781398541269.0,Simon & Schuster UK,15 October 2024,0.0,English,0.19,0
5 Facts a Day Science,DK,Hardcover,1,Children's Books,http://www.periplus.com/p/9780241683187/5-facts-a-day-science?path=1_14,445000.0,445000.0,0.0,9780241683187.0,Dorling Kindersley Ltd,06 March 2025,272.0,English UK / Other,0.97,0
Noisy Farm,LITTLE TIGER PRESS,Board Book,1,Children's Books,http://www.periplus.com/p/9781848956995/noisy-farm?path=1_14,295000.0,295000.0,0.0,9781848956995.0,Little Tiger Press Group,02 September 2013,12.0,English UK / Other,0.53,0
GOAT: The Official Novelization,-,Paperback,1,Children's Books,http://www.periplus.com/p/9780241822968/goat-the-official-novelization?path=1_14,220000.0,220000.0,0.0,9780241822968.0,Penguin Random House Children's UK,08 January 2026,224.0,English UK / Other,0.16,0
How the King of Elfhame Learned to Hate Stories,"Black, Holly",Paperback,1,Children's Books,http://www.periplus.com/p/9781471421006/how-the-king-of-elfhame-learned-to-hate-stories?path=1_14,245000.0,245000.0,0.0,9781471421006.0,Hot Key Books,08 January 2026,192.0,English UK / Other,0.36,0
Children's Encyclopedia of the Solar System,"Martin, Claudia",Hardcover,1,Children's Books,http://www.periplus.com/p/9781398823303/children-s-encyclopedia-of-the-solar-system?path=1_14,250000.0,250000.0,0.0,9781398823303.0,Arcturus Publishing Ltd,01 September 2023,128.0,English UK / Other,0.81,0
The Hunger Games Deluxe :,"Collins, Suzanne",Paperback,1,Children's Books,http://www.periplus.com/p/9780702342387/the-hunger-games-deluxe?path=1_14,325000.0,325000.0,0.0,9780702342387.0,Scholastic,04 February 2025,384.0,English UK / Other,0.33,0
Nickelodeon PAW Patrol: PAWsome Vehicles Sound Book...,PI Kids,Board Book,1,Children's Books,http://www.periplus.com/p/9798384602712/nickelodeon-paw-patrol-pawsome-vehicles-sound-book?path=1_14,258000.0,258000.0,0.0,9798384602712.0,"Phoenix International Publications, Incorporated",17 March 2026,8.0,English,0.49,0
Peppa Pig: Where’s Peppa? Magical Adventures: A ...,Peppa Pig,Paperback,0,Children's Books,http://www.periplus.com/p/9780241721940/peppa-pig-where-s-peppa-magical-adventures-a-search-and-find-book?path=1_14,210000.0,210000.0,0.0,9780241721940.0,Penguin Random House Children's UK,10 April 2025,32.0,English UK / Other,0.19,0
Ms Rachel: Hide and Seek with Herbie,"Aron, Mr",Board Book,0,Children's Books,http://www.periplus.com/p/9780241766897/ms-rachel-hide-and-seek-with-herbie?path=1_14,210000.0,210000.0,0.0,9780241766897.0,Penguin Random House Children's UK,17 July 2025,16.0,English UK / Other,0.31,0
Lovelies,"Kikor, Tessa   Aaij, Studio",Paperback,1,Children's Books,http://www.periplus.com/p/9781835555323/lovelies?path=1_14,95000.0,95000.0,0.0,9781835555323.0,Gemini Books Group Ltd,26 June 2025,64.0,English UK / Other,0.31,0
"Warriors Graphic Novel: The Prophecies Begin, Part...","Hunter, Erin",Paperback,1,Children's Books,http://www.periplus.com/p/9780063203907/warriors-graphic-novel-the-prophecies-begin-part-two-of-three?path=1_14,318000.0,318000.0,0.0,9780063203907.0,Harperalley,-,272.0,English,0.57,0
Two Twisted Crowns,"Gillig, Rachel",Paperback,1,Children's Books,http://www.periplus.com/p/9780356519500/two-twisted-crowns?path=1_14,258000.0,258000.0,0.0,9780356519500.0,"Little, Brown Book Group",19 October 2023,464.0,English UK / Other,0.32,1
Apple Sound Book Fsc Mix Bluey,Pi Kids,Hardcover,1,Children's Books,http://www.periplus.com/p/9798384600398/apple-sound-book-fsc-mix-bluey?path=1_14,315000.0,315000.0,0.0,9798384600398.0,Pi Kids,-,24.0,English,0.52,0
Unicorn Academy: Meet the Unicorn Riders: Sticker ...,"Academy, Unicorn",Paperback,0,Children's Books,http://www.periplus.com/p/9781805135685/unicorn-academy-meet-the-unicorn-riders-sticker-activity-book?path=1_14,157000.0,157000.0,0.0,9781805135685.0,Nosy Crow Ltd,31 July 2025,24.0,English UK / Other,0.2,0
Thomas All Engines Go Read & Doodle,Phidal Publishing Inc.,Paperback,1,Children's Books,http://www.periplus.com/p/9782764356739/thomas-all-engines-go-read-and-doodle?path=1_14,265000.0,265000.0,0.0,9782764356739.0,Phidal,01 October 2023,22.0,English,0.68,0
Jr Kaleidoscope Colouring Kit Sweet Treats,Hinkler Books,Paperback,1,Children's Books,http://www.periplus.com/p/9781488964305/jr-kaleidoscope-colouring-kit-sweet-treats?path=1_14,175000.0,175000.0,0.0,9781488964305.0,Hinkler Books,01 March 2025,0.0,English,0.42,0
Bluey: Taxi,Bluey,Paperback,1,Children's Books,http://www.periplus.com/p/9780241728659/bluey-taxi?path=1_14,160000.0,160000.0,0.0,9780241728659.0,Penguin Random House Children's UK,03 July 2025,80.0,English UK / Other,0.1,0
Pets Sound Book,"Taplin, Sam",Board Book,1,Children's Books,http://www.periplus.com/p/9781474994699/pets-sound-book?path=1_14,345000.0,345000.0,0.0,9781474994699.0,Usborne Publishing Ltd,14 April 2022,10.0,English UK / Other,0.45,0
The World's Worst Superheroes,"Walliams, David",Paperback,1,Children's Books,http://www.periplus.com/p/9780008604141/the-world-s-worst-superheroes?path=1_14,295000.0,295000.0,0.0,9780008604141.0,HarperCollins Children's Books,22 May 2025,336.0,English,0.59,0
Eyewonder Dinosaurs,DK,Hardcover,0,Children's Books,http://www.periplus.com/p/9780241732267/eyewonder-dinosaurs?path=1_14,235000.0,235000.0,0.0,9780241732267.0,Dorling Kindersley Ltd,04 September 2025,56.0,English UK / Other,0.4,0
Cozy World Comfy Kitchen: Easy Colouring and Sticker...,"Ren, Kiku",Paperback,1,Children's Books,http://www.periplus.com/p/9781836161608/cozy-world-comfy-kitchen-easy-colouring-and-sticker-scene-for-teens-young-adults-and-adults?path=1_14,168000.0,168000.0,0.0,9781836161608.0,Gemini Books Group Ltd,27 November 2025,48.0,English UK / Other,0.29,0
Diary of a Wimpy Kid (Book 1),"Kinney, Jeff",Hardcover,1,Children's Books,http://www.periplus.com/p/9780241777473/diary-of-a-wimpy-kid-book-1?path=1_14,378000.0,378000.0,0.0,9780241777473.0,Penguin Random House Children's UK,07 August 2025,240.0,English UK / Other,0.3,0
Where's Stitch?,Walt Disney,Paperback,1,Children's Books,http://www.periplus.com/p/9781835870266/where-s-stitch?path=1_14,180000.0,180000.0,0.0,9781835870266.0,Bonnier Books Ltd,12 September 2024,40.0,English UK / Other,0.22,0
Peppa Pig: Peppa’s Dinosaur Adventure: Magnet Book...,Peppa Pig,Hardcover,1,Children's Books,http://www.periplus.com/p/9780241723425/peppa-pig-peppa-s-dinosaur-adventure-magnet-book?path=1_14,230000.0,230000.0,0.0,9780241723425.0,Penguin Random House Children's UK,19 June 2025,10.0,English UK / Other,0.54,0
Bluey: Super Stickers,Bluey,Paperback,1,Children's Books,http://www.periplus.com/p/9780241605141/bluey-super-stickers?path=1_14,195000.0,225000.0,13.0,9780241605141.0,Penguin Random House Children's UK,23 November 2023,64.0,English UK / Other,0.43,0
Peekaboo: Zoo: (An Interactive Board Book for Babies...,-,Board Book,1,Children's Books,http://www.periplus.com/p/9781536241433/peekaboo-zoo-an-interactive-board-book-for-babies-and-toddlers-with-mirror-and-sliders-to-push-pull-or-turn-cute-zoo-animal-artwork-includes-a-rhino?path=1_14,175000.0,175000.0,0.0,9781536241433.0,Candlewick Press (MA),-,8.0,English,0.29,0
Unicorn Academy: Colouring Book,"Academy, Unicorn",Paperback,1,Children's Books,http://www.periplus.com/p/9781805135692/unicorn-academy-colouring-book?path=1_14,135000.0,135000.0,0.0,9781805135692.0,Nosy Crow Ltd,05 June 2025,48.0,English UK / Other,0.25,0
Cozy Friends: Coloring Book for Adults and Kids,"Wyo, Coco",Paperback,1,Children's Books,http://www.periplus.com/p/9798217232772/cozy-friends-coloring-book-for-adults-and-kids?path=1_14,195000.0,195000.0,0.0,9798217232772.0,Random House Books for Young Readers,-,96.0,English,0.25,0
Match Annual 2026,Match,Hardcover,1,Children's Books,http://www.periplus.com/p/9781035041107/match-annual-2026?path=1_14,248000.0,248000.0,0.0,9781035041107.0,MacMillan UK,25 September 2025,96.0,English,0.54,0
Dork Diaries Full-Colour Edition,"Russell, Rachel Renee",Hardcover,1,Children's Books,http://www.periplus.com/p/9781398557840/dork-diaries-full-colour-edition?path=1_14,289000.0,289000.0,0.0,9781398557840.0,Simon & Schuster Ltd,20 November 2025,384.0,English UK / Other,0.75,0
Learn with Peppa: People Who Help Us Sticker activity...,Peppa Pig,Paperback,0,Children's Books,http://www.periplus.com/p/9780241717615/learn-with-peppa-people-who-help-us-sticker-activity-book?path=1_14,131000.0,131000.0,0.0,9780241717615.0,Penguin Random House Children's UK,10 July 2025,16.0,English UK / Other,0.11,0
I Hope This Doesn't Find You,"Liang, Ann",Paperback,1,Children's Books,http://www.periplus.com/p/9780702324321/i-hope-this-doesn-t-find-you?path=1_14,235000.0,235000.0,0.0,9780702324321.0,Scholastic,01 February 2024,320.0,English UK / Other,0.21,0
We Fell Apart,"Lockhart, E.",Paperback,1,Children's Books,http://www.periplus.com/p/9781471419683/we-fell-apart?path=1_14,149000.0,198000.0,25.0,9781471419683.0,Hot Key Books,04 November 2025,320.0,English UK / Other,0.23,0
This Woven Kingdom,"Mafi, Tahereh",Paperback,1,Children's Books,http://www.periplus.com/p/9780062972453/this-woven-kingdom?path=1_14,316000.0,410000.0,23.0,9780062972453.0,Storytide,-,528.0,English,0.39,0
Hermione Granger,"Rowling, J.K.",Hardcover,1,Children's Books,http://www.periplus.com/p/9781526674029/hermione-granger?path=1_14,198000.0,198000.0,0.0,9781526674029.0,Bloomsbury Publishing PLC,28 August 2025,32.0,English UK / Other,0.24,0
Little Music Note 6-Button Plus Gabby's Dollhouse,Pi Kids,Board Book,0,Children's Books,http://www.periplus.com/p/9781503774681/little-music-note-6-button-plus-gabby-s-dollhouse?path=1_14,262000.0,262000.0,0.0,9781503774681.0,Pi Kids,-,12.0,English,0.35,0
Cuties,"Berg, Caro Van Den",Paperback,1,Children's Books,http://www.periplus.com/p/9781835555316/cuties?path=1_14,80750.0,95000.0,15.0,9781835555316.0,Gemini Books Group Ltd,26 June 2025,64.0,English UK / Other,0.31,0
Sticker Search: Airport,"Channing, Margot",Paperback,1,Children's Books,http://www.periplus.com/p/9781835872178/sticker-search-airport?path=1_14,128000.0,128000.0,0.0,9781835872178.0,Bonnier Books Ltd,17 July 2025,32.0,English UK / Other,0.22,0
Peppa Pig: Peppa's Playgroup Friends Jigsaw Book,Peppa Pig,Board Book,0,Children's Books,http://www.periplus.com/p/9780241759240/peppa-pig-peppa-s-playgroup-friends-jigsaw-book?path=1_14,210000.0,210000.0,0.0,9780241759240.0,Penguin Random House Children's UK,07 August 2025,10.0,English UK / Other,0.43,0
"Good Night, Miffy","Bruna, Dick",Board Book,0,Children's Books,http://www.periplus.com/p/9798890192332/good-night-miffy?path=1_14,165000.0,165000.0,0.0,9798890192332.0,Cottage Door Press,-,10.0,English,0.16,0
Percy Jackson and the Olympians: Wrath of the Triple...,Rick Riordan,Paperback,0,Children's Books,http://www.periplus.com/p/9781368113946/percy-jackson-and-the-olympians-wrath-of-the-triple-goddess-international-edition?path=1_14,260000.0,260000.0,0.0,9781368113946.0,Disney Publishing Group,24 September 2024,336.0,English,0.32,0
Harry Potter and the Goblet of Fire,"Rowling, J.K.",Hardcover,1,Children's Books,http://www.periplus.com/p/9781526691262/harry-potter-and-the-goblet-of-fire?path=1_14,1000000.0,1000000.0,0.0,9781526691262.0,Bloomsbury Publishing PLC,14 October 2025,608.0,English UK / Other,1.58,0
The Very Hungry Worry Monsters Kind-o-meter :,"Robinson, Alexandra",Board Book,0,Children's Books,http://www.periplus.com/p/9781836424598/the-very-hungry-worry-monsters-kind-o-meter?path=1_14,262000.0,262000.0,0.0,9781836424598.0,Make Believe Ideas,01 September 2025,18.0,English UK / Other,0.4,0
Too Many Carrots,"Hudson, Katy",Board Book,0,Children's Books,http://www.periplus.com/p/9781684360055/too-many-carrots?path=1_14,165000.0,165000.0,0.0,9781684360055.0,Capstone Young Readers,01 January 2018,30.0,English,0.32,0
Disney Stitch,"Publishing, Phidal",Board Book,1,Children's Books,http://www.periplus.com/p/9782764357569/disney-stitch?path=1_14,247500.0,275000.0,10.0,9782764357569.0,Phidal Publishing,01 May 2024,12.0,English UK / Other,0.7,0
Bunny vs Monkey: Multiverse Mix-up! (a Phoenix Comic...,"Smart, Jamie",Paperback,0,Children's Books,http://www.periplus.com/p/9781788452922/bunny-vs-monkey-multiverse-mix-up-a-phoenix-comic-book-from-the-multi-million-selling-creative-genius-jamie-smart?path=1_14,262000.0,262000.0,0.0,9781788452922.0,David Fickling Books,05 January 2023,256.0,English,0.46,0
Wings of Starlight,"Saft, Allison",Hardcover,0,Children's Books,http://www.periplus.com/p/9781368098458/wings-of-starlight?path=1_14,393000.0,393000.0,0.0,9781368098458.0,Random House/Disney,-,400.0,English,0.52,0
My First Coloring Book (Ms. Rachel),MS Rachel,Paperback,1,Children's Books,http://www.periplus.com/p/9780593897614/my-first-coloring-book-ms-rachel?path=1_14,185000.0,185000.0,0.0,9780593897614.0,Golden Books,-,192.0,English,0.66,0
Minecraft Atlas of the World,"Jelley, Craig",Hardcover,1,Children's Books,http://www.periplus.com/p/9780241735220/minecraft-atlas-of-the-world?path=1_14,475000.0,475000.0,0.0,9780241735220.0,Dorling Kindersley Ltd,04 September 2025,160.0,English UK / Other,1.13,0
As Good As Dead,"Jackson, Holly",Paperback,1,Children's Books,http://www.periplus.com/p/9781405298605/as-good-as-dead?path=1_14,185000.0,185000.0,0.0,9781405298605.0,HarperCollins Publishers,05 August 2021,576.0,English UK / Other,0.38,0
TOPModel Dress Me Up Collage,Brand: Depesche,Paperback,0,Children's Books,http://www.periplus.com/p/4010070702410/topmodel-dress-me-up-collage?path=1_14,198000.0,198000.0,0.0,4010070702410.0,Golden House Products,01 January 2025,20.0,English,0.33,0
The Unofficial K-Pop Demon Hunters Activity Book :,"Violet, Lila",Paperback,1,Children's Books,http://www.periplus.com/p/9781398559554/the-unofficial-k-pop-demon-hunters-activity-book?path=1_14,175000.0,175000.0,0.0,9781398559554.0,Simon & Schuster Ltd,04 December 2025,48.0,English UK / Other,0.21,0
Bluey: A Big Pop-Up Book,Bluey,Board Book,1,Children's Books,http://www.periplus.com/p/9780241673560/bluey-a-big-pop-up-book?path=1_14,360000.0,360000.0,0.0,9780241673560.0,Penguin Random House Children's UK,04 September 2025,10.0,English UK / Other,0.75,0
Matilda,"Dahl, Roald",Paperback,1,Children's Books,http://www.periplus.com/p/9780241558317/matilda?path=1_14,185000.0,185000.0,0.0,9780241558317.0,Penguin Random House Children's UK,17 February 2022,384.0,English UK / Other,0.31,0
Spot’s Magnet Dress-Up,"Hill, Eric",Board Book,1,Children's Books,http://www.periplus.com/p/9780241731208/spot-s-magnet-dress-up?path=1_14,235000.0,238000.0,1.0,9780241731208.0,Penguin Random House Children's UK,14 August 2025,10.0,English UK / Other,0.67,0
The Last Resort :,"Entrada Kelly, Erin",Paperback,1,Children's Books,http://www.periplus.com/p/9780702344190/the-last-resort?path=1_14,189000.0,189000.0,0.0,9780702344190.0,Scholastic,11 September 2025,240.0,English UK / Other,0.17,0
Tough Stickers Dino World,-,Hardcover,1,Children's Books,http://www.periplus.com/p/9781836426943/tough-stickers-dino-world?path=1_14,157500.0,175000.0,10.0,9781836426943.0,Make Believe Ideas,01 April 2025,0.0,English,0.0,0
First Steps Peekaboo! Let's Play (2025 ed),Hinkler Pty Ltd,Paperback,1,Children's Books,http://www.periplus.com/p/9781488961656/first-steps-peekaboo-let-s-play-2025-ed?path=1_14,110000.0,110000.0,0.0,9781488961656.0,Hinkler Books,01 January 2025,24.0,English,0.23,0
The Hunger Games: Catching Fire Deluxe :,"Collins, Suzanne",Paperback,0,Children's Books,http://www.periplus.com/p/9780702342394/the-hunger-games-catching-fire-deluxe?path=1_14,341000.0,341000.0,0.0,9780702342394.0,Scholastic,04 February 2025,400.0,English UK / Other,0.34,1
Games Untold,"Barnes, Jennifer Lynn",Paperback,1,Children's Books,http://www.periplus.com/p/9780241684320/games-untold?path=1_14,97300.0,185000.0,47.0,9780241684320.0,Penguin Random House Children's UK,14 November 2024,0.0,English,0.55,0
Peppa Pig: The Official Annual 2026,Peppa Pig,Hardcover,1,Children's Books,http://www.periplus.com/p/9780241720585/peppa-pig-the-official-annual-2026?path=1_14,192100.0,226000.0,15.0,9780241720585.0,Penguin Random House Children's UK,07 August 2025,64.0,English UK / Other,0.5,0
Bluey: Meet Bluey's Family: Tabbed Board Book,Bluey,Board Book,0,Children's Books,http://www.periplus.com/p/9780241728789/bluey-meet-bluey-s-family-tabbed-board-book?path=1_14,210000.0,210000.0,0.0,9780241728789.0,Penguin Random House Children's UK,10 April 2025,16.0,English UK / Other,0.45,0
Peekaboo: Dinosaur: (An Interactive Board Book for...,-,Board Book,0,Children's Books,http://www.periplus.com/p/9781536241464/peekaboo-dinosaur-an-interactive-board-book-for-babies-and-toddlers-with-mirror-and-sliders-to-push-pull-or-turn-cute-artwork-includes-friendly-dino?path=1_14,207000.0,207000.0,0.0,9781536241464.0,Candlewick Press (MA),-,8.0,English,0.29,0
Cozy Corner: Coloring Book for Adults and Kids,"Wyo, Coco",Paperback,1,Children's Books,http://www.periplus.com/p/9798217116867/cozy-corner-coloring-book-for-adults-and-kids?path=1_14,175000.0,175000.0,0.0,9798217116867.0,Random House Books for Young Readers,-,96.0,English,0.25,1
Pop-Up Peekaboo! Disney Moana,DK,Board Book,1,Children's Books,http://www.periplus.com/p/9780241720424/pop-up-peekaboo-disney-moana?path=1_14,225000.0,225000.0,0.0,9780241720424.0,Dorling Kindersley Ltd,07 November 2024,12.0,English UK / Other,0.5,0
Bluey: How to be Romance,Bluey,Board Book,1,Children's Books,http://www.periplus.com/p/9780241728963/bluey-how-to-be-romance?path=1_14,184000.0,184000.0,0.0,9780241728963.0,Penguin Random House Children's UK,14 August 2025,10.0,English UK / Other,0.47,0
My Very First Britannica Encyclopedia,"Symes, Sally",Board Book,0,Children's Books,http://www.periplus.com/p/9781804661314/my-very-first-britannica-encyclopedia?path=1_14,525000.0,525000.0,0.0,9781804661314.0,What on Earth Publishing Ltd,06 February 2025,72.0,English UK / Other,1.33,0
Percy Jackson and the Olympians: Wrath of the Triple...,"Riordan, Rick",Paperback,0,Children's Books,http://www.periplus.com/p/9780241691717/percy-jackson-and-the-olympians-wrath-of-the-triple-goddess?path=1_14,262000.0,262000.0,0.0,9780241691717.0,Penguin Random House Children's UK,03 July 2025,352.0,English UK / Other,0.25,0
Pop-Up Peekaboo! Sesame Street Elmo Loves You,DK,Board Book,0,Children's Books,http://www.periplus.com/p/9780241718698/pop-up-peekaboo-sesame-street-elmo-loves-you?path=1_14,236000.0,236000.0,0.0,9780241718698.0,Dorling Kindersley Ltd,02 January 2025,12.0,English UK / Other,0.53,0
Monster Trucks Colouring Set with Lap Desk,Unknown Author,Paperback,1,Children's Books,http://www.periplus.com/p/9781488966217/monster-trucks-colouring-set-with-lap-desk?path=1_14,225000.0,225000.0,0.0,9781488966217.0,Hinkler Books,-,0.0,English,1.0,0
Bluey: Zoo,Bluey,Paperback,0,Children's Books,http://www.periplus.com/p/9780241728598/bluey-zoo?path=1_14,210000.0,210000.0,0.0,9780241728598.0,Penguin Random House Children's UK,08 May 2025,32.0,English UK / Other,0.18,0
Epic FACTopia!,"Davidson, Rose",Hardcover,0,Children's Books,http://www.periplus.com/p/9781804661376/epic-factopia?path=1_14,235000.0,235000.0,0.0,9781804661376.0,What on Earth Publishing Ltd,01 May 2025,208.0,English UK / Other,0.55,0
The Boldest White : A Story of Hijab and Community...,"Ali, S. K.",Paperback,1,Children's Books,http://www.periplus.com/p/9781839136849/the-boldest-white-a-story-of-hijab-and-community?path=1_14,148750.0,175000.0,15.0,9781839136849.0,Andersen Press Ltd,11 September 2025,40.0,English UK / Other,0.25,0
Learn with Peppa: Around the World sticker activity...,Peppa Pig,Paperback,1,Children's Books,http://www.periplus.com/p/9780241717417/learn-with-peppa-around-the-world-sticker-activity-book?path=1_14,113000.0,113000.0,0.0,9780241717417.0,Penguin Random House Children's UK,10 July 2025,16.0,English UK / Other,0.11,0
Tough Stickers Farm Fun,-,Hardcover,1,Children's Books,http://www.periplus.com/p/9781836426998/tough-stickers-farm-fun?path=1_14,175000.0,175000.0,0.0,9781836426998.0,Make Believe Ideas,01 April 2025,0.0,English,0.0,0
Bluey: Outdoor Games,Bluey,Board Book,0,Children's Books,http://www.periplus.com/p/9780241728765/bluey-outdoor-games?path=1_14,210000.0,210000.0,0.0,9780241728765.0,Penguin Random House Children's UK,17 July 2025,12.0,English UK / Other,0.48,0
Bedtime Favorites,Disney Books,Hardcover,1,Children's Books,http://www.periplus.com/p/9781368044837/bedtime-favorites?path=1_14,345000.0,345000.0,0.0,9781368044837.0,Random House/Disney,02 June 2020,304.0,English,1.13,0
The Wild Robot Protects (The Wild Robot 3) :,"Brown, Peter",Paperback,0,Children's Books,http://www.periplus.com/p/9781800784567/the-wild-robot-protects-the-wild-robot-3?path=1_14,210000.0,210000.0,0.0,9781800784567.0,Templar Books,26 September 2023,288.0,English UK / Other,0.19,1
First Festivals: Ramadan,Ladybird,Board Book,0,Children's Books,http://www.periplus.com/p/9780241543313/first-festivals-ramadan?path=1_14,210000.0,210000.0,0.0,9780241543313.0,Penguin Random House Children's UK,03 March 2022,12.0,English UK / Other,0.27,0
Children's Encyclopedia of Flags,"Martin, Claudia",Hardcover,0,Children's Books,http://www.periplus.com/p/9781398813960/children-s-encyclopedia-of-flags?path=1_14,341000.0,341000.0,0.0,9781398813960.0,Arcturus Publishing Ltd,01 April 2022,128.0,English UK / Other,0.86,0
Cardfight!! Vanguard Skyride Volume 1,Story & Art by: MAKOTO DAIENBO,Paperback,1,Children's Books,http://www.periplus.com/p/9789815149951/cardfight-vanguard-skyride-volume-1?path=1_14,83300.0,235000.0,65.0,9789815149951.0,Shogakukan Asia Pte Ltd,01 January 2025,192.0,English,0.5,0
Donut Squad: Take Over the World! (a Phoenix Comic...,"Cameron, Neill",Paperback,0,Children's Books,http://www.periplus.com/p/9781788453400/donut-squad-take-over-the-world-a-phoenix-comic-book-shortlisted-for-the-waterstones-book-of-the-year-2025?path=1_14,262000.0,262000.0,0.0,9781788453400.0,David Fickling Books,08 May 2025,208.0,English UK / Other,0.38,0
"Indonesian Children's Favorite Stories: Fables, Myths...","Suyenaga, Joan",Hardcover,1,Children's Books,http://www.periplus.com/p/9780804851503/indonesian-children-s-favorite-stories-fables-myths-and-fairy-tales?path=1_14,268000.0,268000.0,0.0,9780804851503.0,Tuttle Publishing,03 March 2020,64.0,English,0.59,0
Faux Leather Mixed Puzzles,Hinkler Books,Paperback,0,Children's Books,http://www.periplus.com/p/9781488964282/faux-leather-mixed-puzzles?path=1_14,125000.0,125000.0,0.0,9781488964282.0,Hinkler Books,03 March 2025,160.0,English,0.42,0
Watch Me,"Mafi, Tehereh",Paperback,1,Children's Books,http://www.periplus.com/p/9780008722746/watch-me?path=1_14,232000.0,232000.0,0.0,9780008722746.0,HarperCollins Publishers,15 April 2025,400.0,English UK / Other,0.37,0
"Good Girl, Bad Blood","Jackson, Holly",Paperback,1,Children's Books,http://www.periplus.com/p/9781405297752/good-girl-bad-blood?path=1_14,179000.0,179000.0,0.0,9781405297752.0,HarperCollins Publishers,30 April 2020,432.0,English UK / Other,0.3,3
Wonderful Wildflowers: A Coloring Book and Floral ...,"Basford, Johanna",Paperback,1,Children's Books,http://www.periplus.com/p/9780143138365/wonderful-wildflowers-a-coloring-book-and-floral-quest?path=1_14,325000.0,325000.0,0.0,9780143138365.0,Penguin Life,-,80.0,English,0.45,0
Bluey: Daddy Robot,Bluey,Board Book,0,Children's Books,http://www.periplus.com/p/9780241718445/bluey-daddy-robot?path=1_14,183000.0,183000.0,0.0,9780241718445.0,Penguin Random House Children's UK,24 April 2025,24.0,English UK / Other,0.35,0
Master Builder: Minecraft Challenges,Welbeck Children's Books,Paperback,1,Children's Books,http://www.periplus.com/p/9781804538104/master-builder-minecraft-challenges?path=1_14,248000.0,248000.0,0.0,9781804538104.0,Hachette Children's Group,19 June 2025,80.0,English UK / Other,0.34,0
A Language of Dragons :,"Williamson, S. F.",Paperback,1,Children's Books,http://www.periplus.com/p/9780008652296/a-language-of-dragons?path=1_14,225000.0,225000.0,0.0,9780008652296.0,HarperCollins Publishers,28 August 2025,480.0,English UK / Other,0.42,0
My Very First Bible Stories,DK,Board Book,1,Children's Books,http://www.periplus.com/p/9780241439968/my-very-first-bible-stories?path=1_14,235000.0,235000.0,0.0,9780241439968.0,Dorling Kindersley Ltd,03 September 2020,48.0,English UK / Other,0.43,0
The Golden Acorn,"Hudson, Katy",Board Book,0,Children's Books,http://www.periplus.com/p/9781684462124/the-golden-acorn?path=1_14,165000.0,165000.0,0.0,9781684462124.0,Capstone Editions,-,30.0,English,0.34,0
Meet the Mubbles,"Pichon, Liz",Paperback,1,Children's Books,http://www.periplus.com/p/9781035068326/meet-the-mubbles?path=1_14,87200.0,205000.0,57.0,9781035068326.0,Pan Macmillan,13 March 2025,128.0,English,0.31,1
Witch's Cat Tarot,"Tree Carr (Author), Sonja Pröhl (Illustr",Paperback,0,Children's Books,http://www.periplus.com/p/9781786789815/witch-s-cat-tarot?path=1_14,472000.0,472000.0,0.0,9781786789815.0,PRHUS,09 September 2025,128.0,English,0.49,0
Bluey: Treasury,Bluey,Hardcover,0,Children's Books,http://www.periplus.com/p/9780241732427/bluey-treasury?path=1_14,393000.0,393000.0,0.0,9780241732427.0,Penguin Random House Children's UK,24 October 2024,160.0,English UK / Other,0.81,0
MARVEL SPIDEY & AMAZ FRIENDS TATTLE TALES,"Publishing, Phidal",Paperback,1,Children's Books,http://www.periplus.com/p/9782764357804/marvel-spidey-and-amaz-friends-tattle-tales?path=1_14,175000.0,175000.0,0.0,9782764357804.0,Phidal Publishing,01 January 2025,0.0,English UK / Other,0.26,0
101 Cool Things to Do in Minecraft,Welbeck Children's Books,Paperback,1,Children's Books,http://www.periplus.com/p/9781804538111/101-cool-things-to-do-in-minecraft?path=1_14,225000.0,225000.0,0.0,9781804538111.0,Hachette Children's Group,24 April 2025,80.0,English UK / Other,0.27,0
Big Activity Book Dinosaurs,"Robson, Kirsteen",Paperback,0,Children's Books,http://www.periplus.com/p/9781836041177/big-activity-book-dinosaurs?path=1_14,210000.0,210000.0,0.0,9781836041177.0,Usborne Publishing Ltd,03 July 2025,96.0,English UK / Other,0.52,0
It's Not Summer Without You,"Han, Jenny",Paperback,1,Children's Books,http://www.periplus.com/p/9780241636015/it-s-not-summer-without-you?path=1_14,168000.0,215000.0,22.0,9780241636015.0,Penguin Random House Children's UK,01 December 2022,288.0,English UK / Other,0.2,0
Dork Diaries: I Love Paris!,"Russell, Rachel Renee",Paperback,1,Children's Books,http://www.periplus.com/p/9781471196850/dork-diaries-i-love-paris?path=1_14,185000.0,185000.0,0.0,9781471196850.0,Simon & Schuster Ltd,09 May 2024,336.0,English UK / Other,0.24,0
Building Blocks Floor Puzzle First Words,Hinkler Books,Paperback,1,Children's Books,http://www.periplus.com/p/9781488964015/building-blocks-floor-puzzle-first-words?path=1_14,150000.0,150000.0,0.0,9781488964015.0,Hinkler Books,01 March 2025,0.0,English,0.42,0
"A NATURALS Novel: The Naturals, Book 1 : cold cases...","Barnes, Jennifer Lynn",Paperback,0,Children's Books,http://www.periplus.com/p/9781786542212/a-naturals-novel-the-naturals-book-1-cold-cases-get-hot-in-the-unputdownable-mystery-series-from-the-bestselling-author-of-the-inheritanc?path=1_14,262000.0,262000.0,0.0,9781786542212.0,Hachette Children's Group,17 August 2023,320.0,English UK / Other,0.22,0
The Poisoned King : Discover the epic adventure series...,"Rundell, Katherine",Paperback,1,Children's Books,http://www.periplus.com/p/9781408897454/the-poisoned-king-discover-the-epic-adventure-series-loved-by-readers-around-the-world?path=1_14,156000.0,195000.0,20.0,9781408897454.0,Bloomsbury Publishing (UK),11 September 2025,336.0,English,0.27,0
On the Farm Colouring & Activity Set,Hinkler,Paperback,1,Children's Books,http://www.periplus.com/p/9781488963414/on-the-farm-colouring-and-activity-set?path=1_14,115000.0,115000.0,0.0,9781488963414.0,Hinkler Books,01 January 2025,64.0,English,0.23,0
Geography from A to Z: A Picture Glossary,"Knowlton, Jack",Paperback,0,Children's Books,http://www.periplus.com/p/9780064460996/geography-from-a-to-z-a-picture-glossary?path=1_14,248000.0,248000.0,0.0,9780064460996.0,HarperCollins,02 August 1997,48.0,English,0.17,0
Big Book of Big Bugs,"Bone, Emily",Hardcover,0,Children's Books,http://www.periplus.com/p/9781836040255/big-book-of-big-bugs?path=1_14,262000.0,262000.0,0.0,9781836040255.0,Usborne Publishing Ltd,03 July 2025,16.0,English UK / Other,0.46,0
Bluey: Bluey and Bingo’s Fancy Restaurant Cookbook...,Bluey,Hardcover,0,Children's Books,http://www.periplus.com/p/9780241574188/bluey-bluey-and-bingo-s-fancy-restaurant-cookbook?path=1_14,262000.0,262000.0,0.0,9780241574188.0,Penguin Random House Children's UK,17 April 2025,36.0,English UK / Other,0.38,0
The Blood Traitor : The gripping finale of the epic...,"Noni, Lynette",Paperback,0,Children's Books,http://www.periplus.com/p/9781529360462/the-blood-traitor-the-gripping-finale-of-the-epic-fantasy-the-prison-healer-series?path=1_14,288000.0,288000.0,0.0,9781529360462.0,Hodder & Stoughton,22 June 2023,464.0,English UK / Other,0.32,0
Bluey: Granny Mobile,Bluey,Board Book,0,Children's Books,http://www.periplus.com/p/9780241734063/bluey-granny-mobile?path=1_14,183000.0,183000.0,0.0,9780241734063.0,Penguin Random House Children's UK,17 July 2025,24.0,English UK / Other,0.38,0
Powerless Ultra Deluxe Edition,"Roberts, Lauren",Hardcover,1,Children's Books,http://www.periplus.com/p/9781398558038/powerless-ultra-deluxe-edition?path=1_14,665000.0,665000.0,0.0,9781398558038.0,Simon & Schuster Ltd,06 November 2025,528.0,English UK / Other,0.71,0
A Court of Wings and Ruin : The third book in the ...,"Maas, Sarah J.",Paperback,1,Children's Books,http://www.periplus.com/p/9781526617170/a-court-of-wings-and-ruin-the-third-book-in-the-globally-bestselling-fantasy-romance-series?path=1_14,268000.0,268000.0,0.0,9781526617170.0,Bloomsbury Publishing PLC,02 June 2020,736.0,English UK / Other,0.51,0
AI for Small Business: From Marketing and Sales to...,"Pallen, Phil",Paperback,1,Computer & IT,http://www.periplus.com/p/9781507222911/ai-for-small-business-from-marketing-and-sales-to-hr-and-operations-how-to-employ-the-power-of-artificial-intelligence-for-small-business-success?path=1_15,336000.0,336000.0,0.0,9781507222911.0,Adams Media Corporation,-,256.0,English,0.34,1
Agentic Artificial Intelligence,Bornet Pascal,Paperback,1,Computer & IT,http://www.periplus.com/p/9789819816224/agentic-artificial-intelligence?path=1_15,450000.0,450000.0,0.0,9789819816224.0,World Scientific Publishing Company,-,572.0,English,0.8,0
The Amazing Generation :,"Price, Catherine",Paperback,1,Computer & IT,http://www.periplus.com/p/9780241806586/the-amazing-generation?path=1_15,245000.0,245000.0,0.0,9780241806586.0,Penguin Random House Children's UK,08 January 2026,240.0,English UK / Other,0.2,0
Rosalina's Storybook,-,Hardcover,1,Computer & IT,http://www.periplus.com/p/9781506754901/rosalina-s-storybook?path=1_15,498000.0,498000.0,0.0,9781506754901.0,Dark Horse Books,-,112.0,English,0.42,0
"The Year in Tech, 2026: The Insights You Need from...","Review, Harvard Business",Paperback,1,Computer & IT,http://www.periplus.com/p/9798892791977/the-year-in-tech-2026-the-insights-you-need-from-harvard-business-review?path=1_15,425000.0,425000.0,0.0,9798892791977.0,Harvard Business Review Press,-,176.0,English,0.23,0
The Complete Guide to Drawing Manga & Anime: A Comprehensive...,"Date, Naoto",Paperback,1,Computer & IT,http://www.periplus.com/p/9784805317662/the-complete-guide-to-drawing-manga-and-anime-a-comprehensive-13-week-art-course-with-65-clear-and-easy-daily-lessons?path=1_15,328000.0,328000.0,0.0,9784805317662.0,Tuttle Publishing,-,192.0,English,0.64,1
All New Official Minecraft Combat Handbook,Mojang AB,Hardcover,1,Computer & IT,http://www.periplus.com/p/9780755500420/all-new-official-minecraft-combat-handbook?path=1_15,225000.0,225000.0,0.0,9780755500420.0,HarperCollins Publishers,02 September 2021,96.0,English UK / Other,0.31,1
"AI Snake Oil: What Artificial Intelligence Can Do, ...","Narayanan, Arvind",Paperback,1,Computer & IT,http://www.periplus.com/p/9780691249148/ai-snake-oil-what-artificial-intelligence-can-do-what-it-can-t-and-how-to-tell-the-difference?path=1_15,368000.0,368000.0,0.0,9780691249148.0,Princeton University Press,-,384.0,English,0.29,3
Simply AI,0,Hardcover,1,Computer & IT,http://www.periplus.com/p/9780241694176/simply-ai?path=1_15,325000.0,325000.0,0.0,9780241694176.0,DK Publishing (Dorling Kindersley),07 March 2024,0.0,English,0.0,0
ChatGPT for Dummies,"Baker, Pam",Paperback,0,Computer & IT,http://www.periplus.com/p/9781394314454/chatgpt-for-dummies?path=1_15,517000.0,517000.0,0.0,9781394314454.0,For Dummies,-,352.0,English,0.45,0
Misc,Delayed Gratification,Hardcover,0,Computer & IT,http://www.periplus.com/p/9781526675231/misc?path=1_15,341000.0,341000.0,0.0,9781526675231.0,Bloomsbury Publishing,17 December 2024,144.0,English,0.23,0
Generative Ai: The Insights You Need from Harvard ...,"Review, Harvard Business",Paperback,0,Computer & IT,http://www.periplus.com/p/9781647826390/generative-ai-the-insights-you-need-from-harvard-business-review?path=1_15,475000.0,475000.0,0.0,9781647826390.0,Harvard Business Review Press,-,192.0,English,0.25,0
How to Interpret Data: Using Data to Improve Your ...,"Kelly, Nicholas",Paperback,1,Computer & IT,http://www.periplus.com/p/9781398619746/how-to-interpret-data-using-data-to-improve-your-influence-and-decision-making?path=1_15,275000.0,275000.0,0.0,9781398619746.0,Kogan Page,27 May 2025,248.0,English,0.29,1
The Manga Artist's Guide to Digital Color & Lighting...,"Date, Naoto",Paperback,1,Computer & IT,http://www.periplus.com/p/9784805318881/the-manga-artist-s-guide-to-digital-color-and-lighting-learn-to-use-light-color-and-shadows-to-achieve-professional-results?path=1_15,222600.0,318000.0,30.0,9784805318881.0,Tuttle Publishing,-,144.0,English,0.59,0
All New Official Minecraft Creative Handbook,Mojang AB,Hardcover,1,Computer & IT,http://www.periplus.com/p/9780755500413/all-new-official-minecraft-creative-handbook?path=1_15,225000.0,225000.0,0.0,9780755500413.0,HarperCollins Publishers,02 September 2021,96.0,English UK / Other,0.32,0
The Nvidia Way: Jensen Huang and the Making of a Tech...,"Kim, Tae",Hardcover,1,Computer & IT,http://www.periplus.com/p/9781324086710/the-nvidia-way-jensen-huang-and-the-making-of-a-tech-giant?path=1_15,598000.0,598000.0,0.0,9781324086710.0,W. W. Norton & Company,-,272.0,English,0.45,1
Enshittification: Why Everything Suddenly Got Worse...,"Doctorow, Cory",Hardcover,1,Computer & IT,http://www.periplus.com/p/9780374619329/enshittification-why-everything-suddenly-got-worse-and-what-to-do-about-it?path=1_15,419000.0,550000.0,24.0,9780374619329.0,MCD,-,352.0,English,0.45,0
"The ChatGPT Revolution: Get Curious, Get Productive...","McGeorge, Donna",Paperback,1,Computer & IT,http://www.periplus.com/p/9781394283125/the-chatgpt-revolution-get-curious-get-productive-and-get-creative-with-ai?path=1_15,398000.0,398000.0,0.0,9781394283125.0,Wiley,04 September 2024,288.0,English,0.3,0
Dr. Bot: Why Doctors Can Fail Us--And How AI Could...,"Blease, Charlotte",Hardcover,1,Computer & IT,http://www.periplus.com/p/9780300247145/dr-bot-why-doctors-can-fail-us-and-how-ai-could-save-lives?path=1_15,251300.0,469000.0,46.0,9780300247145.0,Yale University Press,09 September 2025,352.0,English,0.59,0
The History of the Internet in Byte-Sized Chunks,"Stokel-Walker, Chris",Paperback,0,Computer & IT,http://www.periplus.com/p/9781789295948/the-history-of-the-internet-in-byte-sized-chunks?path=1_15,207000.0,207000.0,0.0,9781789295948.0,Michael O'Mara Books,26 October 2023,0.0,English,0.0,2
"How to Draw Sci-Fi Fantasy Mecha: Spaceships, Airplanes...","Somemori, Kenichi",Paperback,1,Computer & IT,http://www.periplus.com/p/9784805319468/how-to-draw-sci-fi-fantasy-mecha-spaceships-airplanes-cars-submarines-and-more-over-450-illustrations?path=1_15,222600.0,318000.0,30.0,9784805319468.0,Tuttle Publishing,-,144.0,English,0.57,0
LOGO Beginnings. LOGO Modernism. 45th Ed.,"Müller, Jens",Hardcover,0,Computer & IT,http://www.periplus.com/p/9783754401378/logo-beginnings-logo-modernism-45th-ed?path=1_15,724000.0,724000.0,0.0,9783754401378.0,Taschen,-,512.0,English,0.0,0
"The Coming Wave: Technology, Power, and the Twenty...","Suleyman, Mustafa",Hardcover,0,Computer & IT,http://www.periplus.com/p/9780593593950/the-coming-wave-technology-power-and-the-twenty-first-century-s-greatest-dilemma?path=1_15,672000.0,672000.0,0.0,9780593593950.0,Crown Publishing Group (NY),-,352.0,English,0.61,0
Mood Machine,"Pelly, Liz",Paperback,1,Computer & IT,http://www.periplus.com/p/9781399718851/mood-machine?path=1_15,169000.0,340000.0,50.0,9781399718851.0,Hodder & Stoughton,13 March 2025,0.0,English,0.36,0
The Classical Mythology Oracle : Includes 50 cards...,"Bruce, Marie",Paperback,0,Computer & IT,http://www.periplus.com/p/9781398839526/the-classical-mythology-oracle-includes-50-cards-and-a-128-page-book?path=1_15,525000.0,525000.0,0.0,9781398839526.0,Arcturus Publishing Ltd,01 October 2024,128.0,English UK / Other,0.51,0
The Essential Book of AI : Master the Mysteries of...,"Rooney, Anne",Hardcover,1,Computer & IT,http://www.periplus.com/p/9781398847699/the-essential-book-of-ai-master-the-mysteries-of-artificial-intelligence-in-12-short-chapters?path=1_15,285000.0,285000.0,0.0,9781398847699.0,Arcturus Publishing Ltd,01 November 2025,160.0,English UK / Other,0.33,0
Data Grab,"Couldry, Nick",Hardcover,0,Computer & IT,http://www.periplus.com/p/9780753560204/data-grab?path=1_15,578000.0,578000.0,0.0,9780753560204.0,Ebury Publishing,08 February 2024,320.0,English UK / Other,0.52,0
Is This Ok?: One Woman's Search for Connection Online...,"Gibsone, Harriet",Hardcover,0,Computer & IT,http://www.periplus.com/p/9781035000999/is-this-ok-one-woman-s-search-for-connection-online?path=1_15,446000.0,446000.0,0.0,9781035000999.0,Picador UK,25 May 2023,304.0,English,0.41,0
Confident AI: The Essential Skills for Working with...,"Pardoe, Andy",Paperback,1,Computer & IT,http://www.periplus.com/p/9781398615724/confident-ai-the-essential-skills-for-working-with-artificial-intelligence?path=1_15,269000.0,352000.0,24.0,9781398615724.0,Kogan Page,-,296.0,English,0.34,1
The School Premises Handbook: a guide for premises...,"Marchant, Jo, MBE",Paperback,0,Computer & IT,http://www.periplus.com/p/9781398388796/the-school-premises-handbook-a-guide-for-premises-staff-business-managers-headteachers-and-governors?path=1_15,630000.0,630000.0,0.0,9781398388796.0,Hachette Learning,23 June 2023,320.0,English UK / Other,0.42,0
50 AI Ideas You Really Need to Know,"Mansfield, Keith",Paperback,0,Computer & IT,http://www.periplus.com/p/9781529438727/50-ai-ideas-you-really-need-to-know?path=1_15,262000.0,262000.0,0.0,9781529438727.0,Greenfinch,07 January 2025,208.0,English,0.12,0
Janus Silang and the Creature of Tabon: Volume One...,"Samar, Edgar Calabia",Paperback,1,Computer & IT,http://www.periplus.com/p/9780804856683/janus-silang-and-the-creature-of-tabon-volume-one-in-the-janus-silang-saga?path=1_15,48300.0,250000.0,81.0,9780804856683.0,Tuttle Publishing,-,176.0,English,0.42,0
The Intelligence Explosion: When AI Beats Humans at...,"Barrat, James",Hardcover,1,Computer & IT,http://www.periplus.com/p/9781250355027/the-intelligence-explosion-when-ai-beats-humans-at-everything?path=1_15,269000.0,544000.0,51.0,9781250355027.0,St. Martin's Press,-,336.0,English,0.4,0
Simply Emerging Technology: Facts Made Fast,Dk,Hardcover,0,Computer & IT,http://www.periplus.com/p/9780241634745/simply-emerging-technology-facts-made-fast?path=1_15,341000.0,341000.0,0.0,9780241634745.0,DK Publishing (Dorling Kindersley),06 June 2024,0.0,English,0.0,0
Read Write Own: Building the Next Era of the Internet...,"Dixon, Chris",Hardcover,0,Computer & IT,http://www.periplus.com/p/9780593731383/read-write-own-building-the-next-era-of-the-internet?path=1_15,641000.0,641000.0,0.0,9780593731383.0,Random House,-,320.0,English,0.43,1
The Age of AI: And Our Human Future,"Kissinger, Henry a.",Paperback,1,Computer & IT,http://www.periplus.com/p/9780316273992/the-age-of-ai-and-our-human-future?path=1_15,374000.0,374000.0,0.0,9780316273992.0,"Little, Brown Paperbacks",-,288.0,English,0.23,0
The Super Kawaii Coloring Book: Create Your Own Colorful...,"Quirk, Abbie",Paperback,1,Computer & IT,http://www.periplus.com/p/9784805318201/the-super-kawaii-coloring-book-create-your-own-colorful-world-of-cuteness?path=1_15,148000.0,185000.0,20.0,9784805318201.0,Tuttle Publishing,-,128.0,English,0.43,0
Mastering AI,"Kahn, Jeremy",Paperback,0,Computer & IT,http://www.periplus.com/p/9781668065334/mastering-ai?path=1_15,472000.0,472000.0,0.0,9781668065334.0,Simon & Schuster,09 July 2024,0.0,English,0.32,0
Anime & Manga Digital Coloring Guide: Choose the Colors...,"Sakurai, Teruko",Paperback,1,Computer & IT,http://www.periplus.com/p/9784805317228/anime-and-manga-digital-coloring-guide-choose-the-colors-that-bring-your-drawings-to-life-with-over-1000-color-combinations?path=1_15,138600.0,298000.0,53.0,9784805317228.0,Tuttle Publishing,-,192.0,English,0.68,0
A Pocket Guide to Nike,"Sims, Josh",Hardcover,1,Computer & IT,http://www.periplus.com/p/9781529438666/a-pocket-guide-to-nike?path=1_15,199000.0,425000.0,53.0,9781529438666.0,Laurence King,-,160.0,English,0.36,0
The Art and Making of Arcane,"Vincentelli, Elisabeth",Hardcover,0,Computer & IT,http://www.periplus.com/p/9798886633351/the-art-and-making-of-arcane?path=1_15,1241000.0,1241000.0,0.0,9798886633351.0,Insight Editions,03 December 2024,224.0,English,1.93,0
The Unaccountability Machine: Why Big Systems Make...,-,Paperback,1,Computer & IT,http://www.periplus.com/p/9781788169554/the-unaccountability-machine-why-big-systems-make-terrible-decisions-and-how-the-world-lost-its-mind?path=1_15,220150.0,259000.0,15.0,9781788169554.0,Ips - Profile Books,06 March 2025,0.0,English,0.0,0
I Am Code,"Rich, Simon",Paperback,0,Computer & IT,http://www.periplus.com/p/9781788404792/i-am-code?path=1_15,393000.0,393000.0,0.0,9781788404792.0,Octopus Publishing Group,03 August 2023,208.0,English UK / Other,0.3,0
Digital Dharma: How AI Can Elevate Spiritual Intelligence...,"Chopra, Deepak",Hardcover,0,Computer & IT,http://www.periplus.com/p/9780593797525/digital-dharma-how-ai-can-elevate-spiritual-intelligence-and-personal-well-being?path=1_15,579000.0,579000.0,0.0,9780593797525.0,Harmony,-,240.0,English,0.48,0
Literary Theory for Robots: How Computers Learned ...,"Tenen, Dennis Yi",Hardcover,0,Computer & IT,http://www.periplus.com/p/9780393882186/literary-theory-for-robots-how-computers-learned-to-write?path=1_15,455000.0,455000.0,0.0,9780393882186.0,W. W. Norton & Company,-,176.0,English,0.32,0
"The Thinking Machine: Jensen Huang, Nvidia, and the...","Witt, Stephen",Hardcover,0,Computer & IT,http://www.periplus.com/p/9780593832691/the-thinking-machine-jensen-huang-nvidia-and-the-world-s-most-coveted-microchip?path=1_15,620000.0,620000.0,0.0,9780593832691.0,Viking,-,272.0,English,0.44,0
The Teenage Guide to Digital Wellbeing: Learn Healthy...,"Goodin, Tanya",Paperback,0,Computer & IT,http://www.periplus.com/p/9780008659981/the-teenage-guide-to-digital-wellbeing-learn-healthy-tech-habits-overcome-online-distractions-and-stay-safe-on-the-internet-with-this-essential-gui?path=1_15,413000.0,413000.0,0.0,9780008659981.0,Collins,03 September 2024,192.0,English,0.32,3
The Art of Statistics: How to Learn from Data,"Spiegelhalter, David",Paperback,0,Computer & IT,http://www.periplus.com/p/9781541675704/the-art-of-statistics-how-to-learn-from-data?path=1_15,475000.0,475000.0,0.0,9781541675704.0,Basic Books,-,448.0,English,0.39,0
Smart Social Media: How to Grow Your Business with...,"Wise, Luan",Paperback,0,Computer & IT,http://www.periplus.com/p/9781399416337/smart-social-media-how-to-grow-your-business-with-social-media-marketing?path=1_15,455000.0,455000.0,0.0,9781399416337.0,Bloomsbury Business,-,192.0,English,0.32,1
The Black Swan: Second Edition: The Impact of the ...,"Taleb, Nassim Nicholas",Paperback,1,Computer & IT,http://www.periplus.com/p/9780812973815/the-black-swan-second-edition-the-impact-of-the-highly-improbable-with-a-new-section-on-robustness-and-fragility?path=1_15,385000.0,385000.0,0.0,9780812973815.0,Random House Trade,11 May 2010,480.0,English,0.33,1
Algorithms,"Louridas, Panos",Paperback,0,Computer & IT,http://www.periplus.com/p/9780262539029/algorithms?path=1_15,351000.0,351000.0,0.0,9780262539029.0,MIT Press,-,312.0,English,0.32,0
"The Innovators: How a Group of Hackers, Geniuses, ...","Isaacson, Walter",Paperback,0,Computer & IT,http://www.periplus.com/p/9781476708706/the-innovators-how-a-group-of-hackers-geniuses-and-geeks-created-the-digital-revolution?path=1_15,455000.0,455000.0,0.0,9781476708706.0,Simon & Schuster,06 October 2015,560.0,English,0.7,0
"Godel, Escher, Bach: An Eternal Golden Braid","Hofstadter, Douglas R.",Paperback,0,Computer & IT,http://www.periplus.com/p/9780465026562/godel-escher-bach-an-eternal-golden-braid?path=1_15,387000.0,517000.0,25.0,9780465026562.0,Basic Books,05 February 1999,824.0,English,1.09,0
Designing Data-Intensive Applications: The Big Ideas...,"Kleppmann, Martin",Paperback,0,Computer & IT,http://www.periplus.com/p/9781449373320/designing-data-intensive-applications-the-big-ideas-behind-reliable-scalable-and-maintainable-systems?path=1_15,1241000.0,1241000.0,0.0,9781449373320.0,O'Reilly Media,02 May 2017,611.0,English,0.98,0
A Mind at Play: How Claude Shannon Invented the Information...,"Soni, Jimmy",Paperback,0,Computer & IT,http://www.periplus.com/p/9781476766690/a-mind-at-play-how-claude-shannon-invented-the-information-age?path=1_15,393000.0,393000.0,0.0,9781476766690.0,Simon & Schuster,17 July 2018,384.0,English,0.37,0
Elon Musk,"Isaacson, Walter",Hardcover,0,Computer & IT,http://www.periplus.com/p/9781982181284/elon-musk?path=1_15,724000.0,724000.0,0.0,9781982181284.0,Simon & Schuster,-,688.0,English,1.02,0
ChatGPT and the Future of AI: The Deep Language Revolution...,"Sejnowski, Terrence",Paperback,0,Computer & IT,http://www.periplus.com/p/9780262049252/chatgpt-and-the-future-of-ai-the-deep-language-revolution?path=1_15,475000.0,475000.0,0.0,9780262049252.0,MIT Press,-,264.0,English,0.33,0
Revolutionary Algorithms: A Tiktok Manifesto,"Akers, Torey",Hardcover,0,Computer & IT,http://www.periplus.com/p/9781538773734/revolutionary-algorithms-a-tiktok-manifesto?path=1_15,455000.0,455000.0,0.0,9781538773734.0,Grand Central Publishing,-,128.0,English,0.19,0
Genshin Impact Official Cookbook: Culinary Journeys...,"Villanova, Thibaud",Hardcover,0,Computer & IT,http://www.periplus.com/p/9781835413982/genshin-impact-official-cookbook-culinary-journeys-across-teyvat?path=1_15,827000.0,827000.0,0.0,9781835413982.0,Titan Books (UK),-,192.0,English,1.02,0
Logging Off,"Walton, Adele Zeynep",Paperback,1,Computer & IT,http://www.periplus.com/p/9781398727724/logging-off?path=1_15,169000.0,385000.0,56.0,9781398727724.0,Orion Publishing Co,05 June 2025,288.0,English UK / Other,0.29,4
Grid Systems in Graphic Design: A Visual Communication...,"Müller-Brockmann, Josef",Hardcover,0,Computer & IT,http://www.periplus.com/p/9783721201451/grid-systems-in-graphic-design-a-visual-communication-manual-for-graphic-designers-typographers-and-three-dimensional-designers?path=1_15,1240000.0,1240000.0,0.0,9783721201451.0,Niggli,01 October 1996,176.0,English,1.09,0
The Art of Alien: Isolation,"McVittie, Andy",Hardcover,0,Computer & IT,http://www.periplus.com/p/9781781169315/the-art-of-alien-isolation?path=1_15,723000.0,723000.0,0.0,9781781169315.0,Titan Books (UK),07 October 2014,176.0,English,1.32,0
Artificial Intelligence: A Very Short Introduction...,"Boden, Margaret A.",Paperback,0,Computer & IT,http://www.periplus.com/p/9780199602919/artificial-intelligence-a-very-short-introduction?path=1_15,269000.0,269000.0,0.0,9780199602919.0,Oxford University Press,01 December 2018,192.0,English,0.14,0
"The Bullet Journal Method : Track Your Past, Order...","Carroll, Ryder",Paperback,0,Computer & IT,http://www.periplus.com/p/9780008261405/the-bullet-journal-method-track-your-past-order-your-present-plan-your-future?path=1_15,288000.0,288000.0,0.0,9780008261405.0,HarperCollins Publishers,09 December 2021,304.0,English UK / Other,0.28,0
House Industries Lettering Manual,"Barber, Ken",Paperback,0,Computer & IT,http://www.periplus.com/p/9781984859594/house-industries-lettering-manual?path=1_15,537000.0,537000.0,0.0,9781984859594.0,Watson-Guptill,-,208.0,English,0.84,0
Architecture for Teens: A Beginner's Book for Aspiring...,"Willkens, Danielle",Paperback,0,Computer & IT,http://www.periplus.com/p/9781647396725/architecture-for-teens-a-beginner-s-book-for-aspiring-architects?path=1_15,372000.0,372000.0,0.0,9781647396725.0,Callisto Teens,-,128.0,English,0.27,0
Steve Jobs,"Isaacson, Walter",Paperback,0,Computer & IT,http://www.periplus.com/p/9781982176860/steve-jobs?path=1_15,476000.0,476000.0,0.0,9781982176860.0,Simon & Schuster,-,672.0,English,0.88,0
Persona 5: Mementos Mission Volume 1,"Saito, Rokuro",Paperback,0,Computer & IT,http://www.periplus.com/p/9781772942200/persona-5-mementos-mission-volume-1?path=1_15,289000.0,289000.0,0.0,9781772942200.0,Udon Entertainment,21 December 2021,162.0,English,0.2,0
Power and Prediction: The Disruptive Economics of ...,"Agrawal, Ajay",Hardcover,0,Computer & IT,http://www.periplus.com/p/9781647824198/power-and-prediction-the-disruptive-economics-of-artificial-intelligence?path=1_15,662000.0,662000.0,0.0,9781647824198.0,Harvard Business Review Press,-,288.0,English,0.5,0
Die Fläche: Design and Lettering of the Vienna Secession...,-,Hardcover,0,Computer & IT,http://www.periplus.com/p/9781736863312/die-fl-che-design-and-lettering-of-the-vienna-secession-1902-1911?path=1_15,1551000.0,1551000.0,0.0,9781736863312.0,Letterform Archive Books,-,344.0,English,2.49,0
Growing Up in Alphabet City: The Unexpected Letterform...,"Doret, Michael",Hardcover,0,Computer & IT,http://www.periplus.com/p/9781736863329/growing-up-in-alphabet-city-the-unexpected-letterform-art-of-michael-doret?path=1_15,1536000.0,1536000.0,0.0,9781736863329.0,Letterform Archive Books,-,328.0,English,1.84,0
What Is Intelligence?: Lessons from AI about Evolution...,"Aguera Y. Arcas, Blaise",Paperback,1,Computer & IT,http://www.periplus.com/p/9780262049955/what-is-intelligence-lessons-from-ai-about-evolution-computing-and-minds?path=1_15,526150.0,820000.0,36.0,9780262049955.0,MIT Press,-,600.0,English,0.66,0
"Symbols, Signs and Signets","Lehner, Ernst",Paperback,0,Computer & IT,http://www.periplus.com/p/9780486222417/symbols-signs-and-signets?path=1_15,392000.0,392000.0,0.0,9780486222417.0,Dover Publications,01 June 1969,224.0,English,0.59,0
Turing's Cathedral,"Dyson, George",Paperback,0,Computer & IT,http://www.periplus.com/p/9780141015903/turing-s-cathedral?path=1_15,393000.0,393000.0,0.0,9780141015903.0,Penguin Books Ltd,28 February 2013,432.0,English UK / Other,0.37,0
"The New Digital Age: Transforming Nations, Businesses...","Schmidt, Eric",Paperback,0,Computer & IT,http://www.periplus.com/p/9780307947055/the-new-digital-age-transforming-nations-businesses-and-our-lives?path=1_15,523000.0,523000.0,0.0,9780307947055.0,Knopf Doubleday Publishing Group,04 March 2014,368.0,English,0.28,0
Big Data,"Mayer-Schönberger, Viktor",Paperback,0,Computer & IT,http://www.periplus.com/p/9780544227750/big-data?path=1_15,351000.0,351000.0,0.0,9780544227750.0,Harper Business,04 March 2014,272.0,English,0.21,0
"Console Wars: Sega, Nintendo, and the Battle That ...","Harris, Blake J.",Paperback,0,Computer & IT,http://www.periplus.com/p/9780062276704/console-wars-sega-nintendo-and-the-battle-that-defined-a-generation?path=1_15,455000.0,455000.0,0.0,9780062276704.0,Dey Street Books,02 June 2015,576.0,English,0.7,0
Cracking the Coding Interview: 189 Programming Questions...,"McDowell, Gayle Laakmann",Paperback,0,Computer & IT,http://www.periplus.com/p/9780984782857/cracking-the-coding-interview-189-programming-questions-and-solutions?path=1_15,1811000.0,1811000.0,0.0,9780984782857.0,Careercup,01 July 2015,708.0,English,1.25,0
Big Data: Does Size Matter?,"Harkness, Timandra",Paperback,0,Computer & IT,http://www.periplus.com/p/9781472920072/big-data-does-size-matter?path=1_15,316000.0,316000.0,0.0,9781472920072.0,Bloomsbury SIGMA,29 August 2017,320.0,English,0.18,0
Big Data: How the Information Revolution Is Transforming...,"Clegg, Brian",Paperback,0,Computer & IT,http://www.periplus.com/p/9781785782343/big-data-how-the-information-revolution-is-transforming-our-lives?path=1_15,236000.0,236000.0,0.0,9781785782343.0,Icon Books,10 October 2017,176.0,English,0.2,0
Irresistible: The Rise of Addictive Technology and...,"Alter, Adam",Paperback,0,Computer & IT,http://www.periplus.com/p/9780735222847/irresistible-the-rise-of-addictive-technology-and-the-business-of-keeping-us-hooked?path=1_15,372000.0,372000.0,0.0,9780735222847.0,Penguin Books,06 March 2018,368.0,English,0.32,0
Data Science,"Kelleher, John D.",Paperback,0,Computer & IT,http://www.periplus.com/p/9780262535434/data-science?path=1_15,392000.0,392000.0,0.0,9780262535434.0,MIT Press,13 April 2018,280.0,English,0.25,0
"Brand by Hand: Blisters, Calluses, and Clients: A ...","Contino, Jon",Hardcover,0,Computer & IT,http://www.periplus.com/p/9781419732249/brand-by-hand-blisters-calluses-and-clients-a-life-in-design?path=1_15,788000.0,788000.0,0.0,9781419732249.0,Harry N. Abrams,23 October 2018,240.0,English,1.16,0
Dark Souls III: Design Works,Fromsoftware,Hardcover,0,Computer & IT,http://www.periplus.com/p/9781772940640/dark-souls-iii-design-works?path=1_15,1034000.0,1034000.0,0.0,9781772940640.0,Udon Entertainment,20 November 2018,336.0,English,1.81,0
Data Science: Concepts and Practice,"Kotu, Vijay",Paperback,0,Computer & IT,http://www.periplus.com/p/9780128147610/data-science-concepts-and-practice?path=1_15,1881000.0,1881000.0,0.0,9780128147610.0,Morgan Kaufmann Publishers,03 December 2018,568.0,English,0.97,0
Deep Learning,"Kelleher, John D.",Paperback,0,Computer & IT,http://www.periplus.com/p/9780262537551/deep-learning?path=1_15,392000.0,392000.0,0.0,9780262537551.0,MIT Press,10 September 2019,296.0,English,0.26,0
"Vintage Graphic Design: Type, Typography, Monograms...","Heller, Steven",Paperback,0,Computer & IT,http://www.periplus.com/p/9781621537083/vintage-graphic-design-type-typography-monograms-and-decorative-design-from-the-late-19th-and-early-20th-centuries?path=1_15,517000.0,517000.0,0.0,9781621537083.0,Allworth,07 January 2020,208.0,English,0.82,0
Data Science From Scratch: The First Book For Beginners...,"Hack, Phil J.",Paperback,0,Computer & IT,http://www.periplus.com/p/9781708242558/data-science-from-scratch-the-first-book-for-beginners-with-techniques-for-a-smarter-faster-way-to-learn-data-analysis-data-mining-big-data-fo?path=1_15,431000.0,431000.0,0.0,9781708242558.0,Independently Published,14 November 2019,178.0,English,0.24,0
Recommendation Engines,"Schrage, Michael",Paperback,0,Computer & IT,http://www.periplus.com/p/9780262539074/recommendation-engines?path=1_15,392000.0,392000.0,0.0,9780262539074.0,MIT Press,-,296.0,English,0.29,0
Microservices: Up and Running: A Step-By-Step Guide...,"Mitra, Ronnie",Paperback,0,Computer & IT,http://www.periplus.com/p/9781492075455/microservices-up-and-running-a-step-by-step-guide-to-building-a-microservices-architecture?path=1_15,1181000.0,1181000.0,0.0,9781492075455.0,O'Reilly Media,-,316.0,English,0.51,0
System Design Interview - An insider's guide,"Xu, Alex",Paperback,0,Computer & IT,http://www.periplus.com/p/9798664653403/system-design-interview-an-insider-s-guide?path=1_15,992000.0,992000.0,0.0,9798664653403.0,Independently Published,-,322.0,English,0.43,0
"Machine Learning, Revised and Updated Edition","Alpaydin, Ethem",Paperback,0,Computer & IT,http://www.periplus.com/p/9780262542524/machine-learning-revised-and-updated-edition?path=1_15,392000.0,392000.0,0.0,9780262542524.0,MIT Press,-,280.0,English,0.25,0
"The Ascent of Information: Books, Bits, Genes, Machines...","Scharf, Caleb",Hardcover,0,Computer & IT,http://www.periplus.com/p/9780593087244/the-ascent-of-information-books-bits-genes-machines-and-life-s-unending-algorithm?path=1_15,501000.0,501000.0,0.0,9780593087244.0,Riverhead Books,-,352.0,English,0.54,0
Shinoy and the Chaos Crew: What is virtual reality...,"Mellor, Imogen",Paperback,0,Computer & IT,http://www.periplus.com/p/9780008454791/shinoy-and-the-chaos-crew-what-is-virtual-reality?path=1_15,251000.0,251000.0,0.0,9780008454791.0,HarperCollins Publishers,17 May 2021,24.0,English UK / Other,0.06,0
Code That Fits in Your Head: Heuristics for Software...,"Seemann, Mark",Paperback,0,Computer & IT,http://www.periplus.com/p/9780137464401/code-that-fits-in-your-head-heuristics-for-software-engineering?path=1_15,918000.0,918000.0,0.0,9780137464401.0,Addison-Wesley Professional,-,416.0,English,0.66,0
Practical Event-Driven Microservices Architecture: ...,"Oliveira Rocha, Hugo Filipe",Paperback,0,Computer & IT,http://www.periplus.com/p/9781484274675/practical-event-driven-microservices-architecture-building-sustainable-and-highly-scalable-event-driven-microservices?path=1_15,1447000.0,1447000.0,0.0,9781484274675.0,Apress,11 November 2021,449.0,English,0.81,0
AI for School Teachers,"Luckin, Rose",Paperback,0,Computer & IT,http://www.periplus.com/p/9781032037714/ai-for-school-teachers?path=1_15,980000.0,980000.0,0.0,9781032037714.0,CRC Press,-,132.0,English,0.14,0
First Phone: A Child's Guide to Digital Responsibility...,"Pearlman, Catherine, PhD Lcsw",Paperback,0,Computer & IT,http://www.periplus.com/p/9780593538333/first-phone-a-child-s-guide-to-digital-responsibility-safety-and-etiquette?path=1_15,352000.0,352000.0,0.0,9780593538333.0,Tarcher,-,144.0,English,0.18,0
Fundamentals of Data Engineering: Plan and Build Robust...,"Reis, Joe",Paperback,0,Computer & IT,http://www.periplus.com/p/9781098108304/fundamentals-of-data-engineering-plan-and-build-robust-data-systems?path=1_15,1654000.0,1654000.0,0.0,9781098108304.0,O'Reilly Media,-,447.0,English,0.71,0
The History of Computing: A Very Short Introduction...,"Swade, Doron",Paperback,0,Computer & IT,http://www.periplus.com/p/9780198831754/the-history-of-computing-a-very-short-introduction?path=1_15,262000.0,262000.0,0.0,9780198831754.0,Oxford University Press,25 November 2022,160.0,English,0.13,0
Will AI Dictate the Future?,"Ravindran, Anton",Hardcover,0,Computer & IT,http://www.periplus.com/p/9789815044317/will-ai-dictate-the-future?path=1_15,805000.0,805000.0,0.0,9789815044317.0,Marshall Cavendish Business,15 November 2022,288.0,English,0.52,0
Universal Principles of UX: 100 Timeless Strategies...,"Pereyra, Irene",Hardcover,0,Computer & IT,http://www.periplus.com/p/9780760378045/universal-principles-of-ux-100-timeless-strategies-to-create-positive-interactions-between-people-and-technology?path=1_15,827000.0,827000.0,0.0,9780760378045.0,Rockport Publishers,-,224.0,English,1.02,0
The Art of Doing Science and Engineering: Learning...,"Hamming, Richard",Hardcover,0,Computer & IT,http://www.periplus.com/p/9781732265172/the-art-of-doing-science-and-engineering-learning-to-learn?path=1_15,724000.0,724000.0,0.0,9781732265172.0,Stripe Press,-,432.0,English,0.95,0
"Functional Design: Principles, Patterns, and Practices...","Martin, Robert",Paperback,0,Computer & IT,http://www.periplus.com/p/9780138176396/functional-design-principles-patterns-and-practices?path=1_15,1163000.0,1163000.0,0.0,9780138176396.0,Addison-Wesley Professional,-,384.0,English,0.59,0
System Design Interview - An Insider's Guide: Volume...,"Lam, Sahn",Paperback,0,Computer & IT,http://www.periplus.com/p/9781736049112/system-design-interview-an-insider-s-guide-volume-2?path=1_15,993000.0,993000.0,0.0,9781736049112.0,Byte Code LLC,-,436.0,English,0.75,0
Grokking Algorithms: Simple and Effective Methods ...,"Schmidt, Eric",Paperback,0,Computer & IT,http://www.periplus.com/p/9781088225349/grokking-algorithms-simple-and-effective-methods-to-grokking-deep-learning-and-machine-learning?path=1_15,413000.0,413000.0,0.0,9781088225349.0,Eric Schmidt,-,186.0,English,0.25,0
The Official Stardew Valley Cookbook,Concernedape,Hardcover,0,Computer & IT,http://www.periplus.com/p/9781984862051/the-official-stardew-valley-cookbook?path=1_15,579000.0,579000.0,0.0,9781984862051.0,Random House Worlds,-,192.0,English,0.77,0
"Identity Designed: The Process: Research, Strategy...","Airey, David",Hardcover,0,Computer & IT,http://www.periplus.com/p/9780760384060/identity-designed-the-process-research-strategy-design-implementation?path=1_15,919000.0,919000.0,0.0,9780760384060.0,Rockport Publishers,04 June 2024,240.0,English,1.09,0
The Rise of the Algorithms: How Youtube and Tiktok...,"Jordan, John M.",Paperback,0,Computer & IT,http://www.periplus.com/p/9780271096933/the-rise-of-the-algorithms-how-youtube-and-tiktok-conquered-the-world?path=1_15,774000.0,774000.0,0.0,9780271096933.0,Penn State University Press,-,232.0,English,0.36,0
"Supremacy: Ai, Chatgpt, and the Race That Will Change...","Olson, Parmy",Hardcover,0,Computer & IT,http://www.periplus.com/p/9781250337740/supremacy-ai-chatgpt-and-the-race-that-will-change-the-world?path=1_15,620000.0,620000.0,0.0,9781250337740.0,St. Martin's Press,-,336.0,English,0.41,0
Artificial General Intelligence,"Togelius, Julian",Paperback,0,Computer & IT,http://www.periplus.com/p/9780262549349/artificial-general-intelligence?path=1_15,371000.0,371000.0,0.0,9780262549349.0,MIT Press,-,240.0,English,0.2,0
Xgenius: Expected Goals and the Science of Winning...,"Tippett, James",Paperback,0,Computer & IT,http://www.periplus.com/p/9781399411554/xgenius-expected-goals-and-the-science-of-winning-football-matches?path=1_15,455000.0,455000.0,0.0,9781399411554.0,Bloomsbury Sport,08 October 2024,272.0,English,0.34,0
Artificial Intelligence for Dummies,"Mueller, John Paul",Paperback,1,Computer & IT,http://www.periplus.com/p/9781394270712/artificial-intelligence-for-dummies?path=1_15,485000.0,544000.0,11.0,9781394270712.0,For Dummies,-,368.0,English,0.49,0
Artificial Intelligence: An Illustrated History: From...,"Pickover, Clifford a.",Paperback,0,Computer & IT,http://www.periplus.com/p/9781454955788/artificial-intelligence-an-illustrated-history-from-medieval-robots-to-neural-networks?path=1_15,455000.0,455000.0,0.0,9781454955788.0,Union Square & Co.,-,240.0,English,0.66,0
A Pocket Guide to Adidas,"Sims, Josh",Hardcover,1,Computer & IT,http://www.periplus.com/p/9781529438680/a-pocket-guide-to-adidas?path=1_15,109000.0,425000.0,74.0,9781529438680.0,Laurence King,-,160.0,English,0.34,0
The Art of Lies of P,Neowiz,Hardcover,0,Computer & IT,http://www.periplus.com/p/9781506744766/the-art-of-lies-of-p?path=1_15,1034000.0,1034000.0,0.0,9781506744766.0,Dark Horse Books,-,256.0,English,1.72,0
Managing Successful Requirements Projects: The Analyst...,"Frantzen, Trond",Paperback,0,Computer & IT,http://www.periplus.com/p/9798332271748/managing-successful-requirements-projects-the-analyst-s-playbook?path=1_15,495000.0,495000.0,0.0,9798332271748.0,Independently Published,-,158.0,English,0.22,0
"Graphic Artists Guild Handbook, 17th Edition: Pricing...",The Graphic Artists Guild,Paperback,0,Computer & IT,http://www.periplus.com/p/9780262551830/graphic-artists-guild-handbook-17th-edition-pricing-and-ethical-guidelines?path=1_15,1136000.0,1136000.0,0.0,9780262551830.0,MIT Press,-,504.0,English,1.52,0
Gwent: Art of the Witcher Card Game Volume 2,"Burza, Pawel",Hardcover,0,Computer & IT,http://www.periplus.com/p/9781506750408/gwent-art-of-the-witcher-card-game-volume-2?path=1_15,1137000.0,1137000.0,0.0,9781506750408.0,Dark Horse Books,-,248.0,English,1.69,0
Beyond Cracking the Coding Interview,"McDowell, Gayle Laakmann",Paperback,0,Computer & IT,http://www.periplus.com/p/9781955706001/beyond-cracking-the-coding-interview?path=1_15,815000.0,815000.0,0.0,9781955706001.0,Careercup,-,646.0,English,1.1,0
The Art of Borderlands 4,"Barba, Rick",Hardcover,0,Computer & IT,http://www.periplus.com/p/9781506748405/the-art-of-borderlands-4?path=1_15,1137000.0,1137000.0,0.0,9781506748405.0,Dark Horse Books,-,224.0,English,1.58,0
The Art of Doom: The Dark Ages,Bethesda Softworks,Hardcover,0,Computer & IT,http://www.periplus.com/p/9781506750170/the-art-of-doom-the-dark-ages?path=1_15,1312000.0,1312000.0,0.0,9781506750170.0,Dark Horse Books,-,216.0,English,1.5,0
The Brand Gap: Revised Edition,"Neumeier, Marty",Paperback,0,Computer & IT,http://www.periplus.com/p/9780321348104/the-brand-gap-revised-edition?path=1_15,827000.0,827000.0,0.0,9780321348104.0,New Riders Publishing,01 August 2005,208.0,English,0.29,0
Data Center Primer,"Soh, James",Paperback,0,Computer & IT,http://www.periplus.com/p/9789819439768/data-center-primer?path=1_15,574000.0,574000.0,0.0,9789819439768.0,James Soh,-,330.0,English,0.57,0
The Opt-Out Family: How to Give Your Kids What Technology...,"Loechner, Erin",Paperback,0,Computer & IT,http://www.periplus.com/p/9780310345695/the-opt-out-family-how-to-give-your-kids-what-technology-can-t?path=1_15,413000.0,413000.0,0.0,9780310345695.0,Zondervan,-,320.0,English,0.36,0
Technology for Littles: Helping Young Children Navigate...,"Rogers, Carrie",Paperback,1,Computer & IT,http://www.periplus.com/p/9781538192979/technology-for-littles-helping-young-children-navigate-the-internet-responsibly?path=1_15,449000.0,599000.0,25.0,9781538192979.0,Rowman & Littlefield Publishers,-,200.0,English,0.26,0
The Soul of a New Machine,"Kidder, Tracy",Paperback,0,Computer & IT,http://www.periplus.com/p/9780316491976/the-soul-of-a-new-machine?path=1_15,413000.0,413000.0,0.0,9780316491976.0,"Little, Brown Paperbacks",01 June 2000,320.0,English,0.3,0
Digital Minimalism,"Newport, Cal",Paperback,0,Computer & IT,http://www.periplus.com/p/9780241453575/digital-minimalism?path=1_15,255000.0,341000.0,25.0,9780241453575.0,Penguin Books Ltd,12 March 2020,304.0,English UK / Other,0.21,0
"Five Nights at Freddy's: The Week Before, an Afk Book...","Cawthon, Scott",Paperback,0,Computer & IT,http://www.periplus.com/p/9781546131113/five-nights-at-freddy-s-the-week-before-an-afk-book-interactive-novel-1?path=1_15,269000.0,269000.0,0.0,9781546131113.0,Scholastic Inc.,-,256.0,English,0.23,0
The Legend of Zelda: Tears of the Kingdom : The Complete...,-,Hardcover,0,Computer & IT,http://www.periplus.com/p/9781913330149/the-legend-of-zelda-tears-of-the-kingdom-the-complete-official-guide-collector-s-edition?path=1_15,1050000.0,1050000.0,0.0,9781913330149.0,Piggyback,29 April 2024,496.0,English UK / Other,1.87,0
Effective Conversational AI: Chatbots That Work,"Freed, Andrew",Paperback,0,Computer & IT,http://www.periplus.com/p/9781633436404/effective-conversational-ai-chatbots-that-work?path=1_15,1930000.0,1930000.0,0.0,9781633436404.0,Manning Publications,-,328.0,English,0.57,0
People Analytics Explained,"Li, Kinsey",Paperback,1,Computer & IT,http://www.periplus.com/p/9781398624429/people-analytics-explained?path=1_15,415000.0,415000.0,0.0,9781398624429.0,Kogan Page,-,240.0,English,0.28,0
Hands-On Machine Learning with Scikit-Learn and Pytorch...,"Géron, Aurélien",Paperback,0,Computer & IT,http://www.periplus.com/p/9798341607989/hands-on-machine-learning-with-scikit-learn-and-pytorch-concepts-tools-and-techniques-to-build-intelligent-systems?path=1_15,1890000.0,1890000.0,0.0,9798341607989.0,O'Reilly Media,-,875.0,English,1.37,0
Why Machines Learn: The Elegant Math Behind Modern...,"Ananthaswamy, Anil",Hardcover,0,Computer & IT,http://www.periplus.com/p/9780593185742/why-machines-learn-the-elegant-math-behind-modern-ai?path=1_15,662000.0,662000.0,0.0,9780593185742.0,Dutton,-,480.0,English,0.7,0
Manga & Anime Digital Illustration Guide: A Handbook...,Studio Hard Deluxe,Paperback,1,Computer & IT,http://www.periplus.com/p/9784805317273/manga-and-anime-digital-illustration-guide-a-handbook-for-beginners-with-over-650-illustrations?path=1_15,131600.0,288000.0,54.0,9784805317273.0,Tuttle Publishing,-,160.0,English,0.64,0
Taming the Machine: Ethically Harness the Power of...,"Watson, Nell",Paperback,0,Computer & IT,http://www.periplus.com/p/9781398614321/taming-the-machine-ethically-harness-the-power-of-ai?path=1_15,446000.0,446000.0,0.0,9781398614321.0,Kogan Page,-,336.0,English,0.39,0
Spider-Man: Across the Spider-Verse: The Art of the...,"Zahed, Ramin",Hardcover,0,Computer & IT,http://www.periplus.com/p/9781419763991/spider-man-across-the-spider-verse-the-art-of-the-movie?path=1_15,931000.0,931000.0,0.0,9781419763991.0,Abrams Books,-,224.0,English,1.27,0
"How to Raise a Healthy Gamer: End Power Struggles, ...","Kanojia, Alok",Hardcover,0,Computer & IT,http://www.periplus.com/p/9780593582046/how-to-raise-a-healthy-gamer-end-power-struggles-break-bad-screen-habits-and-transform-your-relationship-with-your-kids?path=1_15,579000.0,579000.0,0.0,9780593582046.0,Rodale Books,-,304.0,English,0.51,0
The Loop: How AI Is Creating a World Without Choices...,"Ward, Jacob",Paperback,0,Computer & IT,http://www.periplus.com/p/9780316487184/the-loop-how-ai-is-creating-a-world-without-choices-and-how-to-fight-back?path=1_15,413000.0,413000.0,0.0,9780316487184.0,Grand Central Publishing,-,320.0,English,0.27,0
Co-Intelligence,"Mollick, Ethan",Paperback,0,Computer & IT,http://www.periplus.com/p/9780753560778/co-intelligence?path=1_15,446000.0,446000.0,0.0,9780753560778.0,Ebury Publishing,04 April 2024,256.0,English UK / Other,0.32,0
"The Pragmatic Programmer: Your Journey to Mastery, ...","Thomas, David",Hardcover,0,Computer & IT,http://www.periplus.com/p/9780135957059/the-pragmatic-programmer-your-journey-to-mastery-20th-anniversary-edition?path=1_15,1421000.0,1421000.0,0.0,9780135957059.0,Addison-Wesley Professional,13 September 2019,352.0,English,0.75,1
The History of Graphic Design. 40th Ed.,"Müller, Jens",Hardcover,0,Computer & IT,http://www.periplus.com/p/9783836588065/the-history-of-graphic-design-40th-ed?path=1_15,724000.0,724000.0,0.0,9783836588065.0,Taschen,20 January 2022,512.0,English,1.13,0
The Art of Final Fantasy XVI,Square Enix,Hardcover,0,Computer & IT,http://www.periplus.com/p/9781646092369/the-art-of-final-fantasy-xvi?path=1_15,827000.0,827000.0,0.0,9781646092369.0,Square Enix Books,-,320.0,English,1.79,0
The Death of Truth: How Social Media and the Internet...,"Brill, Steven",Hardcover,0,Computer & IT,http://www.periplus.com/p/9780525658313/the-death-of-truth-how-social-media-and-the-internet-gave-snake-oil-salesmen-and-demagogues-the-weapons-they-needed-to-destroy-trust-and-polarize-the?path=1_15,620000.0,620000.0,0.0,9780525658313.0,Knopf Publishing Group,-,336.0,English,0.61,0
"Human + Machine, Updated and Expanded: Reimagining...","Daugherty, Paul R.",Hardcover,0,Computer & IT,http://www.periplus.com/p/9781647827205/human-machine-updated-and-expanded-reimagining-work-in-the-age-of-ai?path=1_15,662000.0,662000.0,0.0,9781647827205.0,Harvard Business Review Press,-,336.0,English,0.59,0
LOGO Modernism,"Müller, Jens",Hardcover,0,Computer & IT,http://www.periplus.com/p/9783836545303/logo-modernism?path=1_15,1930000.0,1930000.0,0.0,9783836545303.0,Taschen,24 September 2015,432.0,English,3.56,0
The Legend of Zelda: Breath of the Wild the Complete...,Piggyback,Hardcover,0,Computer & IT,http://www.periplus.com/p/9781911015482/the-legend-of-zelda-breath-of-the-wild-the-complete-official-guide-expanded-edition?path=1_15,827000.0,827000.0,0.0,9781911015482.0,Piggyback Interactive,13 February 2018,512.0,English,2.0,0
Strategic Analytics: The Insights You Need from Harvard...,"Review, Harvard Business",Paperback,0,Computer & IT,http://www.periplus.com/p/9781633698987/strategic-analytics-the-insights-you-need-from-harvard-business-review?path=1_15,475000.0,475000.0,0.0,9781633698987.0,Harvard Business Review Press,21 April 2020,192.0,English,0.23,0
Artificial Intelligence: A Guide for Thinking Humans...,"Mitchell, Melanie",Paperback,0,Computer & IT,http://www.periplus.com/p/9781250758040/artificial-intelligence-a-guide-for-thinking-humans?path=1_15,414000.0,414000.0,0.0,9781250758040.0,Picador USA,17 November 2020,336.0,English,0.27,0
Privacy is Power: Why and How You Should Take Back...,"Veliz, Carissa",Paperback,0,Computer & IT,http://www.periplus.com/p/9781612199672/privacy-is-power-why-and-how-you-should-take-back-control-of-your-data?path=1_15,372000.0,372000.0,0.0,9781612199672.0,Melville House Publishing,-,304.0,English,0.32,0
Disney Museum,"Beecroft, Simon",Hardcover,0,Computer & IT,http://www.periplus.com/p/9781800782754/disney-museum?path=1_15,480000.0,480000.0,0.0,9781800782754.0,Bonnier Books Ltd,12 October 2023,96.0,English UK / Other,1.15,0
ChatGPT for Dummies,"Baker, Pam",Paperback,0,Computer & IT,http://www.periplus.com/p/9781394204632/chatgpt-for-dummies?path=1_15,413000.0,413000.0,0.0,9781394204632.0,For Dummies,-,176.0,English,0.17,0
The Facebook Effect: The Inside Story of the Company...,"Kirkpatrick, David",Paperback,0,Computer & IT,http://www.periplus.com/p/9781439102121/the-facebook-effect-the-inside-story-of-the-company-that-is-connecting-the-world?path=1_15,413000.0,413000.0,0.0,9781439102121.0,Simon & Schuster,01 February 2011,384.0,English,0.48,0
Hackers,"Levy, Steven",Paperback,0,Computer & IT,http://www.periplus.com/p/9781449388393/hackers?path=1_15,620000.0,620000.0,0.0,9781449388393.0,O'Reilly Media,29 June 2010,518.0,English,0.64,0
Der Mond: The Art of Neon Genesis Evangelion,"Sadamoto, Yoshiyuki",Hardcover,0,Computer & IT,http://www.periplus.com/p/9781421507675/der-mond-the-art-of-neon-genesis-evangelion?path=1_15,724000.0,724000.0,0.0,9781421507675.0,Viz Media,01 October 2006,120.0,English,1.22,1
What Just Happened: A Chronicle from the Information...,"Gleick, James",Paperback,0,Computer & IT,http://www.periplus.com/p/9780375713910/what-just-happened-a-chronicle-from-the-information-frontier?path=1_15,269000.0,269000.0,0.0,9780375713910.0,Knopf Doubleday Publishing Group,10 June 2003,320.0,English,0.22,0
Michael Vey 2: Rise of the Elgen,"Evans, Richard Paul",Paperback,0,Computer & IT,http://www.periplus.com/p/9781442475106/michael-vey-2-rise-of-the-elgen?path=1_15,289000.0,289000.0,0.0,9781442475106.0,Simon Pulse,07 May 2013,352.0,English,0.36,0
"Insanely Great: The Life and Times of Macintosh, the...","Levy, Steven",Paperback,0,Computer & IT,http://www.periplus.com/p/9780140291773/insanely-great-the-life-and-times-of-macintosh-the-computer-that-changed-everything?path=1_15,546000.0,546000.0,0.0,9780140291773.0,Penguin Publishing Group,01 June 2000,336.0,English,0.28,0
"Trust Me, I'm Lying: Confessions of a Media Manipulator...","Holiday, Ryan",Paperback,0,Computer & IT,http://www.periplus.com/p/9781591846284/trust-me-i-m-lying-confessions-of-a-media-manipulator?path=1_15,414000.0,414000.0,0.0,9781591846284.0,Penguin Publishing Group,02 July 2013,352.0,English,0.27,1
Algorithms to Live By,"Griffiths, Tom",Paperback,0,Computer & IT,http://www.periplus.com/p/9780007547999/algorithms-to-live-by?path=1_15,288000.0,288000.0,0.0,9780007547999.0,HarperCollins Publishers,06 April 2017,368.0,English UK / Other,0.24,0
The Steal Like an Artist Journal: A Notebook for Creative...,"Kleon, Austin",Paperback,0,Computer & IT,http://www.periplus.com/p/9780761185680/the-steal-like-an-artist-journal-a-notebook-for-creative-kleptomaniacs?path=1_15,310000.0,310000.0,0.0,9780761185680.0,Workman Publishing,06 October 2015,224.0,English,0.36,0
The Art of Fire Emblem: Awakening,Various,Hardcover,0,Computer & IT,http://www.periplus.com/p/9781616559380/the-art-of-fire-emblem-awakening?path=1_15,1034000.0,1034000.0,0.0,9781616559380.0,Dark Horse Books,18 October 2016,320.0,English,1.88,0
Implementation of Anti-money Laundering Information...,"Li, Yong",Paperback,0,Computer & IT,http://www.periplus.com/p/9781524606725/implementation-of-anti-money-laundering-information-systems?path=1_15,456000.0,456000.0,0.0,9781524606725.0,Authorhouse,13 May 2016,188.0,English,0.28,0
The Master Algorithm : How the Quest for the Ultimate...,"Domingos, Pedro",Paperback,0,Computer & IT,http://www.periplus.com/p/9780141979243/the-master-algorithm-how-the-quest-for-the-ultimate-learning-machine-will-remake-our-world?path=1_15,288000.0,288000.0,0.0,9780141979243.0,Penguin Books Ltd,26 January 2017,352.0,English UK / Other,0.26,0
Super Famicom: The Box Art Collection,-,Hardcover,0,Computer & IT,http://www.periplus.com/p/9780993012969/super-famicom-the-box-art-collection?path=1_15,1013000.0,1013000.0,0.0,9780993012969.0,Bitmap Books Ltd,05 January 2016,276.0,English,1.7,0
Big Data: A Very Short Introduction,"Holmes, Dawn E.",Paperback,0,Computer & IT,http://www.periplus.com/p/9780198779575/big-data-a-very-short-introduction?path=1_15,269000.0,269000.0,0.0,9780198779575.0,Oxford University Press,30 January 2018,160.0,English,0.14,0
Outnumbered: From Facebook and Google to Fake News...,"Sumpter, David",Hardcover,0,Computer & IT,http://www.periplus.com/p/9781472947413/outnumbered-from-facebook-and-google-to-fake-news-and-filter-bubbles-the-algorithms-that-control-our-lives?path=1_15,446000.0,446000.0,0.0,9781472947413.0,Bloomsbury SIGMA,19 June 2018,272.0,English,0.36,0
The Discrete Charm of the Machine: Why the World Became...,"Steiglitz, Ken",Hardcover,0,Computer & IT,http://www.periplus.com/p/9780691179438/the-discrete-charm-of-the-machine-why-the-world-became-digital?path=1_15,963000.0,963000.0,0.0,9780691179438.0,Princeton University Press,05 February 2019,256.0,English,0.57,0
The Mathematics of Secrets: Cryptography from Caesar...,"Holden, Joshua",Paperback,0,Computer & IT,http://www.periplus.com/p/9780691183312/the-mathematics-of-secrets-cryptography-from-caesar-ciphers-to-digital-encryption?path=1_15,476000.0,476000.0,0.0,9780691183312.0,Princeton University Press,02 October 2018,392.0,English,0.57,0
A Brief History of Everything Wireless: How Invisible...,"Launiainen, Petri",Paperback,0,Computer & IT,http://www.periplus.com/p/9783319789095/a-brief-history-of-everything-wireless-how-invisible-waves-have-changed-the-world?path=1_15,1447000.0,1447000.0,0.0,9783319789095.0,Springer,25 June 2018,211.0,English,0.32,0
PHP & MySQL: Server-Side Web Development,"Duckett, Jon",Hardcover,0,Computer & IT,http://www.periplus.com/p/9781119149217/php-and-mysql-server-side-web-development?path=1_15,1050000.0,1050000.0,0.0,9781119149217.0,Wiley,12 April 2022,672.0,English,1.67,0
Valley of Genius: The Uncensored History of Silicon...,"Fisher, Adam",Paperback,0,Computer & IT,http://www.periplus.com/p/9781538714492/valley-of-genius-the-uncensored-history-of-silicon-valley-as-told-by-the-hackers-founders-and-freaks-who-made-it-boom?path=1_15,446000.0,446000.0,0.0,9781538714492.0,Twelve,16 August 2018,512.0,English,0.63,0
Deep Medicine: How Artificial Intelligence Can Make...,"Topol, Eric",Hardcover,0,Computer & IT,http://www.periplus.com/p/9781541644632/deep-medicine-how-artificial-intelligence-can-make-healthcare-human-again?path=1_15,788000.0,788000.0,0.0,9781541644632.0,Basic Books,12 March 2019,400.0,English,0.61,0
Minecraft: Stories from the Overworld (Graphic Novel...,"Larson, Hope",Hardcover,0,Computer & IT,http://www.periplus.com/p/9781506708331/minecraft-stories-from-the-overworld-graphic-novel?path=1_15,393000.0,393000.0,0.0,9781506708331.0,Dark Horse Books,15 October 2019,88.0,English,0.36,0
The Book of Why: The New Science of Cause and Effect...,"Pearl, Judea",Paperback,0,Computer & IT,http://www.periplus.com/p/9781541698963/the-book-of-why-the-new-science-of-cause-and-effect?path=1_15,455000.0,455000.0,0.0,9781541698963.0,Basic Books,25 August 2020,432.0,English,0.34,0
The World of Cyberpunk 2077,"Batylda, Marcin",Hardcover,0,Computer & IT,http://www.periplus.com/p/9781506713588/the-world-of-cyberpunk-2077?path=1_15,827000.0,827000.0,0.0,9781506713588.0,Dark Horse Books,28 July 2020,192.0,English,1.38,0
Weaving the Web: The Original Design and Ultimate ...,"Berners-Lee, Tim",Paperback,0,Computer & IT,http://www.periplus.com/p/9780062515872/weaving-the-web-the-original-design-and-ultimate-destiny-of-the-world-wide-web?path=1_15,351000.0,351000.0,0.0,9780062515872.0,Harper Business,07 November 2000,256.0,English,0.2,0
"Cute Little Lenormand: Easy, Intuitive Fortune Telling...","Lyons, Sara M.",Hardcover,0,Computer & IT,http://www.periplus.com/p/9781250752031/cute-little-lenormand-easy-intuitive-fortune-telling-with-a-36-card-lenormand-deck?path=1_15,455000.0,455000.0,0.0,9781250752031.0,St. Martin's Essentials,20 October 2020,208.0,English,0.45,0
Internet Revolution: A Generational Story,"Jorgensen, Marc",Paperback,0,Computer & IT,http://www.periplus.com/p/9781734054804/internet-revolution-a-generational-story?path=1_15,371000.0,371000.0,0.0,9781734054804.0,Marc Jorgensen,10 January 2020,182.0,English,0.24,0
Nine Algorithms That Changed the Future: The Ingenious...,"Maccormick, John",Paperback,0,Computer & IT,http://www.periplus.com/p/9780691209067/nine-algorithms-that-changed-the-future-the-ingenious-ideas-that-drive-today-s-computers?path=1_15,505000.0,505000.0,0.0,9780691209067.0,Princeton University Press,15 September 2020,232.0,English,0.23,0
"In the Plex: How Google Thinks, Works, and Shapes ...","Levy, Steven",Paperback,0,Computer & IT,http://www.periplus.com/p/9781416596592/in-the-plex-how-google-thinks-works-and-shapes-our-lives?path=1_15,393000.0,393000.0,0.0,9781416596592.0,Simon & Schuster,-,464.0,English,0.36,0
The Model Thinker: What You Need to Know to Make Data...,"Page, Scott E.",Paperback,0,Computer & IT,http://www.periplus.com/p/9781541675711/the-model-thinker-what-you-need-to-know-to-make-data-work-for-you?path=1_15,455000.0,455000.0,0.0,9781541675711.0,Basic Books,-,464.0,English,0.39,0
The Shallows : How the Internet Is Changing the Way...,"Carr, Nicholas",Paperback,0,Computer & IT,http://www.periplus.com/p/9781838952587/the-shallows-how-the-internet-is-changing-the-way-we-think-read-and-remember?path=1_15,341000.0,341000.0,0.0,9781838952587.0,Atlantic Books,03 September 2020,320.0,English UK / Other,0.29,0
Game Anim: Video Game Animation Explained,"Cooper, Jonathan",Paperback,0,Computer & IT,http://www.periplus.com/p/9780367707651/game-anim-video-game-animation-explained?path=1_15,1680000.0,1680000.0,0.0,9780367707651.0,CRC Press,-,350.0,English,0.75,0
Pac-Man: Birth of an Icon,"Terpstra, Arjan",Hardcover,0,Computer & IT,http://www.periplus.com/p/9781789099393/pac-man-birth-of-an-icon?path=1_15,1312000.0,1312000.0,0.0,9781789099393.0,Titan Books (UK),09 November 2021,340.0,English,2.34,0
Grace Hopper and the Invention of the Information ...,"Beyer, Kurt W.",Paperback,0,Computer & IT,http://www.periplus.com/p/9780262517263/grace-hopper-and-the-invention-of-the-information-age?path=1_15,1075000.0,1075000.0,0.0,9780262517263.0,MIT Press,17 February 2012,404.0,English,0.45,0
"Comptia A+ Certification All-In-One Exam Guide, Eleventh...",-,Hardcover,0,Computer & IT,http://www.periplus.com/p/9781264609901/comptia-a-certification-all-in-one-exam-guide-eleventh-edition-exams-220-1101-and-220-1102?path=1_15,1241000.0,1241000.0,0.0,9781264609901.0,McGraw-Hill Companies,-,1472.0,English,2.42,0
Martius. the Book of Palms. 40th Ed.,"Lack, H. Walter",Hardcover,1,Computer & IT,http://www.periplus.com/p/9783836587815/martius-the-book-of-palms-40th-ed?path=1_15,509000.0,668000.0,24.0,9783836587815.0,Taschen,-,512.0,English,1.45,0
Everything I Know About Love,"Alderton, Dolly",Paperback,1,Biographies & Memoirs,http://www.periplus.com/p/9780241982105/everything-i-know-about-love?path=1_12,275000.0,275000.0,0.0,9780241982105.0,Penguin Books Ltd,07 February 2019,384.0,English UK / Other,0.27,0
Conversations on Love,"Lunn, Natasha",Paperback,1,Biographies & Memoirs,http://www.periplus.com/p/9780241448748/conversations-on-love?path=1_12,275000.0,275000.0,0.0,9780241448748.0,Penguin Books Ltd,03 February 2022,320.0,English UK / Other,0.23,2
The Red Emperor: XI Jinping and His New China,"Sheridan, Michael",Paperback,1,Biographies & Memoirs,http://www.periplus.com/p/9781035413515/the-red-emperor-xi-jinping-and-his-new-china?path=1_12,309000.0,309000.0,0.0,9781035413515.0,Headline,-,368.0,English,0.27,0
How to Think Like an Economist: Great Economists Who...,"Mochrie, Robbie",Paperback,1,Biographies & Memoirs,http://www.periplus.com/p/9781399408639/how-to-think-like-an-economist-great-economists-who-shaped-the-world-and-what-they-can-teach-us?path=1_12,258000.0,258000.0,0.0,9781399408639.0,Bloomsbury Continuum,06 November 2025,288.0,English,0.2,0
Educated: A Memoir,"Westover, Tara",Paperback,1,Biographies & Memoirs,http://www.periplus.com/p/9780399590528/educated-a-memoir?path=1_12,268000.0,268000.0,0.0,9780399590528.0,Random House Trade,-,368.0,English,0.3,2
Ecce Homo,"Nietzsche, Friedrich",Paperback,1,Biographies & Memoirs,http://www.periplus.com/p/9780241752227/ecce-homo?path=1_12,148000.0,148000.0,0.0,9780241752227.0,Penguin Books Ltd,17 April 2025,144.0,English UK / Other,0.09,0
It’s Okay Not to Get Along with Everyone,"Snail, Dancing",Hardcover,1,Biographies & Memoirs,http://www.periplus.com/p/9781785128301/it-s-okay-not-to-get-along-with-everyone?path=1_12,379000.0,379000.0,0.0,9781785128301.0,Bonnier Books Ltd,06 November 2025,256.0,English UK / Other,0.58,0
I Want to Die but I Still Want to Eat Tteokbokki,"Sehee, Baek",Paperback,1,Biographies & Memoirs,http://www.periplus.com/p/9781526663665/i-want-to-die-but-i-still-want-to-eat-tteokbokki?path=1_12,250000.0,250000.0,0.0,9781526663665.0,Bloomsbury Publishing PLC,22 May 2025,224.0,English UK / Other,0.16,2
Nobody's Girl,"Roberts Giuffre, Virginia",Hardcover,1,Biographies & Memoirs,http://www.periplus.com/p/9781529985245/nobody-s-girl?path=1_12,590000.0,590000.0,0.0,9781529985245.0,Transworld Publishers Ltd,21 October 2025,400.0,English UK / Other,0.64,1
Every Day I Read,"Bo-reum, Hwang",Hardcover,1,Biographies & Memoirs,http://www.periplus.com/p/9781526692801/every-day-i-read?path=1_12,318000.0,318000.0,0.0,9781526692801.0,Bloomsbury Publishing PLC,23 October 2025,240.0,English UK / Other,0.29,0
Bat Eater,"Baker, Kylie Lee",Paperback,0,Biographies & Memoirs,http://www.periplus.com/p/9781399729826/bat-eater?path=1_12,315000.0,420000.0,25.0,9781399729826.0,Hodder & Stoughton,07 January 2025,0.0,English,0.37,0
What's Your Dream?,"Squibb, Simon",Paperback,1,Biographies & Memoirs,http://www.periplus.com/p/9781529935585/what-s-your-dream?path=1_12,420000.0,420000.0,0.0,9781529935585.0,Random House,16 January 2025,0.0,English,0.38,0
Careless People,"Wynn-Williams, Sarah",Paperback,1,Biographies & Memoirs,http://www.periplus.com/p/9781035065936/careless-people?path=1_12,428000.0,428000.0,0.0,9781035065936.0,Pan Macmillan,13 March 2025,400.0,English,0.49,0
"Nathaniel's Nutmeg: Or, the True and Incredible Adventures...","Milton, Giles",Paperback,1,Biographies & Memoirs,http://www.periplus.com/p/9781250362872/nathaniel-s-nutmeg-or-the-true-and-incredible-adventures-of-the-spice-trader-who-changed-the-course-of-history-25th-anniversary-edition?path=1_12,392000.0,392000.0,0.0,9781250362872.0,Picador USA,-,416.0,English,0.36,0
Private Equity,"Sun, Carrie",Paperback,1,Biographies & Memoirs,http://www.periplus.com/p/9781526634733/private-equity?path=1_12,265000.0,265000.0,0.0,9781526634733.0,Bloomsbury Publishing PLC,24 April 2025,352.0,English UK / Other,0.24,0
"Majapahit: Intrigue, Betrayal and War in Indonesia...","Van Der Linde, Herald",Paperback,1,Biographies & Memoirs,http://www.periplus.com/p/9781915310286/majapahit-intrigue-betrayal-and-war-in-indonesia-s-greatest-empire?path=1_12,285000.0,285000.0,0.0,9781915310286.0,Monsoon Books,22 August 2024,0.0,English,0.29,1
Notes on Being a Man,"Galloway, Scott",Paperback,1,Biographies & Memoirs,http://www.periplus.com/p/9781398554566/notes-on-being-a-man?path=1_12,223300.0,415000.0,46.0,9781398554566.0,Simon & Schuster UK,04 November 2025,0.0,English,0.34,0
Art of Florence,Uta Hasekamp,Paperback,1,Biographies & Memoirs,http://www.periplus.com/p/9783741900396/art-of-florence?path=1_12,365000.0,365000.0,0.0,9783741900396.0,Koenemann,23 September 2025,480.0,English,0.5,0
Poems & Prayers: Matthew McConaughey's brand new inspirational...,"McConaughey, Matthew",Hardcover,1,Biographies & Memoirs,http://www.periplus.com/p/9781035405541/poems-and-prayers-matthew-mcconaughey-s-brand-new-inspirational-book?path=1_12,399600.0,444000.0,10.0,9781035405541.0,Headline Publishing Group,16 September 2025,208.0,English UK / Other,0.36,0
A Tale Unasked,"Nijo, Lady",Paperback,1,Biographies & Memoirs,http://www.periplus.com/p/9780241562468/a-tale-unasked?path=1_12,244000.0,305000.0,20.0,9780241562468.0,Penguin Classics,02 October 2025,288.0,English,0.2,0
Taylor Swift Is Life: A Superfan's Guide to All Things...,"Perricone, Kathleen",Hardcover,1,Biographies & Memoirs,http://www.periplus.com/p/9780760390122/taylor-swift-is-life-a-superfan-s-guide-to-all-things-we-love-about-taylor-swift?path=1_12,34300.0,335000.0,90.0,9780760390122.0,Epic Ink Books,-,160.0,English,0.41,0
The Candidate's Dilemma: Anticorruptionism and Money...,"Kramer, Elisabeth A.",Paperback,1,Biographies & Memoirs,http://www.periplus.com/p/9781501764059/the-candidate-s-dilemma-anticorruptionism-and-money-politics-in-indonesian-election-campaigns?path=1_12,55200.0,575000.0,90.0,9781501764059.0,Southeast Asia Program Publications,-,216.0,English,0.32,0
House of Huawei,"Dou, Eva",Paperback,1,Biographies & Memoirs,http://www.periplus.com/p/9780349146485/house-of-huawei?path=1_12,360000.0,360000.0,0.0,9780349146485.0,"Little, Brown",14 January 2025,0.0,English,0.58,2
"Finding Chika, mm/Intl",Mitch Albom,Paperback,1,Biographies & Memoirs,http://www.periplus.com/p/9780063040960/finding-chika-mm-intl?path=1_12,148000.0,148000.0,0.0,9780063040960.0,HCUS,18 August 2020,256.0,English,0.3,0
Into the Uncut Grass,"Noah, Trevor",Hardcover,1,Biographies & Memoirs,http://www.periplus.com/p/9781399821339/into-the-uncut-grass?path=1_12,347400.0,399000.0,13.0,9781399821339.0,John Murray Press,08 October 2024,128.0,English UK / Other,0.37,0
Maybe You Should Talk to Someone,"Gottlieb, Lori",Paperback,1,Biographies & Memoirs,http://www.periplus.com/p/9781913348922/maybe-you-should-talk-to-someone?path=1_12,250000.0,250000.0,0.0,9781913348922.0,Scribe Publications,01 December 2022,432.0,English UK / Other,0.34,0
Spare,"Harry, Prince, Duke of Sussex",Hardcover,1,Biographies & Memoirs,http://www.periplus.com/p/9780857504791/spare?path=1_12,88800.0,490000.0,82.0,9780857504791.0,Transworld Publishers Ltd,10 January 2023,416.0,English UK / Other,0.64,0
All the Way to the River,"Gilbert, Elizabeth",Paperback,1,Biographies & Memoirs,http://www.periplus.com/p/9781526654588/all-the-way-to-the-river?path=1_12,250000.0,325000.0,23.0,9781526654588.0,Bloomsbury Publishing PLC,01 October 2025,400.0,English UK / Other,0.48,0
More,"Winter, Molly Roden",Hardcover,0,Biographies & Memoirs,http://www.periplus.com/p/9781529940343/more?path=1_12,498000.0,498000.0,0.0,9781529940343.0,Ebury Publishing,21 March 2024,304.0,English UK / Other,0.41,0
This Book Will Bury Me,"Winstead, Ashley",Paperback,0,Biographies & Memoirs,http://www.periplus.com/p/9781035905041/this-book-will-bury-me?path=1_12,262000.0,262000.0,0.0,9781035905041.0,Bloomsbury Publishing PLC,27 March 2025,480.0,English UK / Other,0.34,0
"Gossamer Years: Love, Passion and Marriage in Old ...",-,Paperback,1,Biographies & Memoirs,http://www.periplus.com/p/9784805316863/gossamer-years-love-passion-and-marriage-in-old-japan-the-intimate-diary-of-a-female-courtier?path=1_12,125000.0,232000.0,46.0,9784805316863.0,Tuttle Publishing,-,240.0,English,0.25,0
Hope: The Autobiography,Pope Francis,Hardcover,1,Biographies & Memoirs,http://www.periplus.com/p/9780593978771/hope-the-autobiography?path=1_12,188300.0,558000.0,66.0,9780593978771.0,Random House,-,320.0,English,0.57,0
Less,"Grant, Patrick",Paperback,1,Biographies & Memoirs,http://www.periplus.com/p/9780008663971/less?path=1_12,238000.0,238000.0,0.0,9780008663971.0,HarperCollins Publishers,22 May 2025,368.0,English UK / Other,0.35,0
I Want to Die but I Still Want to Eat Tteokbokki,"Sehee, Baek",Hardcover,1,Biographies & Memoirs,http://www.periplus.com/p/9781526663658/i-want-to-die-but-i-still-want-to-eat-tteokbokki?path=1_12,221200.0,316000.0,30.0,9781526663658.0,Bloomsbury Publishing PLC,06 June 2024,224.0,English UK / Other,0.33,1
Normal Schmormal: My Occasionally Helpful Guide to...,"Blaker, Ashley",Paperback,1,Biographies & Memoirs,http://www.periplus.com/p/9780008558147/normal-schmormal-my-occasionally-helpful-guide-to-parenting-kids-with-special-needs?path=1_12,59000.0,239000.0,75.0,9780008558147.0,HarperCollins,18 July 2024,384.0,English,0.27,0
The Bookshop Woman,"Hanada, Nanako",Paperback,0,Biographies & Memoirs,http://www.periplus.com/p/9781914240782/the-bookshop-woman?path=1_12,288000.0,288000.0,0.0,9781914240782.0,Octopus Publishing Group,05 June 2025,224.0,English UK / Other,0.16,1
HOPE,"Francis, Pope",Hardcover,1,Biographies & Memoirs,http://www.periplus.com/p/9780241764107/hope?path=1_12,314300.0,598000.0,47.0,9780241764107.0,Penguin Books Ltd,14 January 2025,320.0,English,0.53,0
I Survived Capitalism and All I Got Was This Lousy...,"Pendleton, Madeline",Hardcover,0,Biographies & Memoirs,http://www.periplus.com/p/9780385549783/i-survived-capitalism-and-all-i-got-was-this-lousy-t-shirt-everything-i-wish-i-never-had-to-learn-about-money?path=1_12,558000.0,558000.0,0.0,9780385549783.0,Doubleday Books,-,336.0,English,0.48,0
Joseph Conrad's Eastern Voyages: Tales of Singapore...,"Burnet, Ian",Paperback,1,Biographies & Memoirs,http://www.periplus.com/p/9781915310309/joseph-conrad-s-eastern-voyages-tales-of-singapore-and-an-east-borneo-river?path=1_12,298000.0,298000.0,0.0,9781915310309.0,Monsoon Books,22 August 2024,0.0,English,0.5,0
"Mind Over Miles: A Story of Endurance Running, Overcoming...",Hardest Geezer,Paperback,1,Biographies & Memoirs,http://www.periplus.com/p/9781529945935/mind-over-miles-a-story-of-endurance-running-overcoming-obstacles-and-finding-inner-peace?path=1_12,255000.0,255000.0,0.0,9781529945935.0,Ebury Spotlight,22 May 2025,304.0,English,0.23,0
Society of the Snow: The Definitive Account of the...,"Vierci, Pablo",Paperback,0,Biographies & Memoirs,http://www.periplus.com/p/9781408716397/society-of-the-snow-the-definitive-account-of-the-world-s-greatest-survival-story?path=1_12,455000.0,455000.0,0.0,9781408716397.0,Constable & Robinson,21 January 2025,384.0,English,0.32,0
Taylor Swift: Era by Era,"Sullivan, Caroline",Paperback,1,Biographies & Memoirs,http://www.periplus.com/p/9781789296990/taylor-swift-era-by-era?path=1_12,89000.0,349000.0,74.0,9781789296990.0,Michael O'Mara Books Ltd,06 June 2024,256.0,English UK / Other,0.36,0
Finding My Way,"Yousafzai, Malala",Paperback,1,Biographies & Memoirs,http://www.periplus.com/p/9781399619356/finding-my-way?path=1_12,202300.0,408000.0,50.0,9781399619356.0,Orion,21 October 2025,0.0,English,0.4,0
Character Limit,"Conger, Kate",Paperback,0,Biographies & Memoirs,http://www.periplus.com/p/9780593834282/character-limit?path=1_12,551000.0,551000.0,0.0,9780593834282.0,Penguin Putnam Inc,17 September 2024,0.0,English UK / Other,0.47,0
Source Code,"Gates, Bill",Hardcover,1,Biographies & Memoirs,http://www.periplus.com/p/9780241736678/source-code?path=1_12,195300.0,562000.0,65.0,9780241736678.0,Penguin Books Ltd,04 February 2025,336.0,English UK / Other,0.57,3
Bringing Up Bébé: One American Mother Discovers ...,"Druckerman, Pamela",Paperback,0,Biographies & Memoirs,http://www.periplus.com/p/9780143122968/bringing-up-b-b-one-american-mother-discovers-the-wisdom-of-french-parenting?path=1_12,294000.0,393000.0,25.0,9780143122968.0,Penguin Books,30 September 2014,432.0,English,0.36,4
"The Essential...Taylor Swift: Her Complete, Beautifully...","Young, Caroline",Hardcover,0,Biographies & Memoirs,http://www.periplus.com/p/9781917082006/the-essential-taylor-swift-her-complete-beautifully-illustrated-story?path=1_12,372000.0,372000.0,0.0,9781917082006.0,Gemini Editions,09 July 2024,176.0,English,0.57,0
The World Odyssey of a Balinese Prince,"Pucci, Idanna",Paperback,0,Biographies & Memoirs,http://www.periplus.com/p/9780804852593/the-world-odyssey-of-a-balinese-prince?path=1_12,331000.0,331000.0,0.0,9780804852593.0,Tuttle Publishing,03 March 2020,192.0,English,0.43,0
Welcome to Japan's Dark Side: Sensational True Crime...,"McSkyz, Bertrand Puard",Paperback,1,Biographies & Memoirs,http://www.periplus.com/p/9784805319994/welcome-to-japan-s-dark-side-sensational-true-crime-cases-that-will-shock-you?path=1_12,187600.0,268000.0,30.0,9784805319994.0,Tuttle Publishing,-,224.0,English,0.32,0
Brief Answers to the Big Questions  A/UK,Stephen Hawking,Paperback,1,Biographies & Memoirs,http://www.periplus.com/p/9781473695993/brief-answers-to-the-big-questions-a-uk?path=1_12,310000.0,325000.0,5.0,9781473695993.0,Hodder,05 March 2020,272.0,English,0.22,2
Only God Can Judge Me: The Many Lives of Tupac Shakur...,"Pearlman, Jeff",Hardcover,0,Biographies & Memoirs,http://www.periplus.com/p/9780063304574/only-god-can-judge-me-the-many-lives-of-tupac-shakur?path=1_12,672000.0,672000.0,0.0,9780063304574.0,Mariner Books,04 December 2025,464.0,English,0.68,0
Ecce Homo,"Nietzsche, Frederich",Hardcover,1,Biographies & Memoirs,http://www.periplus.com/p/9781398834484/ecce-homo?path=1_12,127200.0,215000.0,41.0,9781398834484.0,Arcturus Publishing Ltd,01 July 2024,144.0,English UK / Other,0.19,0
As Equals: The Oei Women of Java,Yeap Daryl,Paperback,1,Biographies & Memoirs,http://www.periplus.com/p/9789811280238/as-equals-the-oei-women-of-java?path=1_12,498000.0,498000.0,0.0,9789811280238.0,World Scientific Publishing Company,-,260.0,English,0.35,0
"One in a Millennial: On Friendship, Feelings, Fangirls...","Kennedy, Kate",Hardcover,0,Biographies & Memoirs,http://www.periplus.com/p/9781250285126/one-in-a-millennial-on-friendship-feelings-fangirls-and-fitting-in?path=1_12,788000.0,788000.0,0.0,9781250285126.0,St. Martin's Press,-,336.0,English,0.52,3
Spare,Prince Harry the Duke of Sussex,Hardcover,1,Biographies & Memoirs,http://www.periplus.com/p/9780593593806/spare?path=1_12,83300.0,490000.0,83.0,9780593593806.0,Random House,-,416.0,English,0.74,2
Matriarch: Oprah's Book Club: A Memoir,"Knowles, Tina",Hardcover,1,Biographies & Memoirs,http://www.periplus.com/p/9780593597408/matriarch-oprah-s-book-club-a-memoir?path=1_12,99000.0,389000.0,75.0,9780593597408.0,One World,-,432.0,English,0.75,0
Life Lessons,"Blades, Jay",Hardcover,0,Biographies & Memoirs,http://www.periplus.com/p/9781035010110/life-lessons?path=1_12,320000.0,320000.0,0.0,9781035010110.0,Pan Macmillan,28 September 2023,176.0,English UK / Other,0.24,0
You Will Never Be Me,"Sutanto, Jesse",Paperback,0,Biographies & Memoirs,http://www.periplus.com/p/9780008683764/you-will-never-be-me?path=1_12,262000.0,262000.0,0.0,9780008683764.0,HarperCollins Publishers,29 August 2024,320.0,English UK / Other,0.22,0
Trump: The Art of the Deal,"Trump, Donald",Paperback,1,Biographies & Memoirs,http://www.periplus.com/p/9781847943033/trump-the-art-of-the-deal?path=1_12,360000.0,360000.0,0.0,9781847943033.0,Cornerstone,13 August 2020,384.0,English UK / Other,0.29,0
Now That I Have Your Attention: 7 Lessons in Leading...,"Hamilton, Nicolas",Paperback,1,Biographies & Memoirs,http://www.periplus.com/p/9781804191736/now-that-i-have-your-attention-7-lessons-in-leading-a-life-bigger-than-they-expect?path=1_12,89000.0,335000.0,73.0,9781804191736.0,Radar,19 June 2025,288.0,English,0.2,0
The Worlds of Hayao Miyazaki: The Influences and Inspiration...,"Rapold, Nicolas",Hardcover,1,Biographies & Memoirs,http://www.periplus.com/p/9781836004813/the-worlds-of-hayao-miyazaki-the-influences-and-inspiration-behind-the-iconic-films?path=1_12,625000.0,685000.0,9.0,9781836004813.0,Frances Lincoln,18 September 2025,224.0,English,1.14,0
Homo Criminalis,"Galeotti, Mark",Paperback,1,Biographies & Memoirs,http://www.periplus.com/p/9781529148237/homo-criminalis?path=1_12,318400.0,398000.0,20.0,9781529148237.0,Ebury Publishing,07 August 2025,0.0,English,0.39,0
Meditations,"Aurelius, Marcus",Paperback,0,Biographies & Memoirs,http://www.periplus.com/p/9780008729974/meditations?path=1_12,207000.0,207000.0,0.0,9780008729974.0,HarperCollins Publishers,21 November 2024,144.0,English,0.11,0
Standing Firm for Indonesia's Democracy,Shiraishi Takashi,Paperback,0,Biographies & Memoirs,http://www.periplus.com/p/9789811281587/standing-firm-for-indonesia-s-democracy?path=1_12,1022000.0,1022000.0,0.0,9789811281587.0,World Scientific Publishing Company,-,352.0,English,0.47,0
Amir Sjarifoeddin: Politics and Truth in Indonesia...,"Mrázek, Rudolf",Paperback,1,Biographies & Memoirs,http://www.periplus.com/p/9781501777462/amir-sjarifoeddin-politics-and-truth-in-indonesia-1907-1948?path=1_12,657300.0,939000.0,30.0,9781501777462.0,Southeast Asia Program Publications,-,414.0,English,0.61,0
The Poetry of Chuya Nakahara: Japan's Modernist Master...,"Nakahara, Chuya",Hardcover,1,Biographies & Memoirs,http://www.periplus.com/p/9784805318973/the-poetry-of-chuya-nakahara-japan-s-modernist-master-free-bilingual-audio-recordings?path=1_12,418000.0,418000.0,0.0,9784805318973.0,Tuttle Publishing,-,384.0,English,0.59,0
Learning to Think.,"King, Tracy",Hardcover,0,Biographies & Memoirs,http://www.periplus.com/p/9780857527431/learning-to-think?path=1_12,446000.0,446000.0,0.0,9780857527431.0,Transworld Publishers Ltd,07 March 2024,336.0,English UK / Other,0.44,0
10% Happier 10th Anniversary: How I Tamed the Voice...,"Harris, Dan",Paperback,0,Biographies & Memoirs,http://www.periplus.com/p/9780063356474/10-happier-10th-anniversary-how-i-tamed-the-voice-in-my-head-reduced-stress-without-losing-my-edge-and-found-self-help-that-actually-works-a-true?path=1_12,372000.0,372000.0,0.0,9780063356474.0,Dey Street Books,-,272.0,English,0.2,0
Poor Charlie's Almanack: The Essential Wit and Wisdom...,"Munger, Charles T.",Hardcover,1,Biographies & Memoirs,http://www.periplus.com/p/9781953953230/poor-charlie-s-almanack-the-essential-wit-and-wisdom-of-charles-t-munger?path=1_12,560000.0,560000.0,0.0,9781953953230.0,Stripe Press,-,384.0,English,0.86,0
"Ceo, China: The Rise of XI Jinping","Brown, Kerry",Paperback,1,Biographies & Memoirs,http://www.periplus.com/p/9781350430747/ceo-china-the-rise-of-xi-jinping?path=1_12,395000.0,395000.0,0.0,9781350430747.0,Bloomsbury Academic,13 July 2023,288.0,English,0.36,0
Chop Fry Watch Learn: Fu Pei-Mei and the Making of...,"King, Michelle T.",Paperback,1,Biographies & Memoirs,http://www.periplus.com/p/9781324110484/chop-fry-watch-learn-fu-pei-mei-and-the-making-of-modern-chinese-food?path=1_12,125300.0,359000.0,65.0,9781324110484.0,W. W. Norton & Company,-,336.0,English,0.27,0
Everyone in the Group Chat Dies,"Chilton, L.M.",Paperback,0,Biographies & Memoirs,http://www.periplus.com/p/9781837930319/everyone-in-the-group-chat-dies?path=1_12,262000.0,262000.0,0.0,9781837930319.0,Bloomsbury Publishing PLC,13 March 2025,368.0,English UK / Other,0.26,0
We Are Free to Change the World,"Stonebridge, Lyndsey",Hardcover,1,Biographies & Memoirs,http://www.periplus.com/p/9781787332522/we-are-free-to-change-the-world?path=1_12,196000.0,429000.0,54.0,9781787332522.0,Vintage Publishing,25 January 2024,304.0,English UK / Other,0.51,0
"The Book of James: The Power, Politics, and Passion...","Babb, Valerie",Hardcover,0,Biographies & Memoirs,http://www.periplus.com/p/9781541702042/the-book-of-james-the-power-politics-and-passion-of-lebron?path=1_12,620000.0,620000.0,0.0,9781541702042.0,PublicAffairs,-,304.0,English,0.5,0
World Football Records 2025,"Radnedge, Keir",Hardcover,1,Biographies & Memoirs,http://www.periplus.com/p/9781802798616/world-football-records-2025?path=1_12,334400.0,418000.0,20.0,9781802798616.0,Headline Publishing Group,31 October 2024,224.0,English UK / Other,0.98,0
Oppenheimer: The Official Screenplay,"Nolan, Christopher",Paperback,0,Biographies & Memoirs,http://www.periplus.com/p/9780571381319/oppenheimer-the-official-screenplay?path=1_12,371000.0,371000.0,0.0,9780571381319.0,Faber & Faber,-,150.0,English,0.28,5
The Illustrated Book of Japanese Haiku: A Journey ...,-,Hardcover,1,Biographies & Memoirs,http://www.periplus.com/p/9784805318072/the-illustrated-book-of-japanese-haiku-a-journey-through-the-seasons-with-japan-s-best-loved-poets-free-online-audio?path=1_12,259000.0,320000.0,19.0,9784805318072.0,Tuttle Publishing,-,144.0,English,0.45,0
A Beginner's Guide to Japanese Haiku: Major Works ...,"Wilson, William Scott",Hardcover,1,Biographies & Memoirs,http://www.periplus.com/p/9784805316870/a-beginner-s-guide-to-japanese-haiku-major-works-by-japan-s-best-loved-poets-from-basho-and-issa-to-ryokan-and-santoka-with-works-by-six-women-poe?path=1_12,168000.0,258000.0,35.0,9784805316870.0,Tuttle Publishing,-,224.0,English,0.36,0
Autobiography of a Yogi: Timeless Wisdom Distilled...,"Yogananda, Paramahansa",Hardcover,1,Biographies & Memoirs,http://www.periplus.com/p/9781399821520/autobiography-of-a-yogi-timeless-wisdom-distilled?path=1_12,359000.0,359000.0,0.0,9781399821520.0,Jm One,-,224.0,English,0.3,0
How to Lose a Country: The 7 Steps from Democracy ...,"Temelkuran, Ece",Paperback,0,Biographies & Memoirs,http://www.periplus.com/p/9781837263073/how-to-lose-a-country-the-7-steps-from-democracy-to-fascism?path=1_12,392000.0,392000.0,0.0,9781837263073.0,Canongate Books,15 October 2024,304.0,English,0.23,1
Sergey Brin and Larry Page,"McNab, Chris",Paperback,1,Biographies & Memoirs,http://www.periplus.com/p/9781398822702/sergey-brin-and-larry-page?path=1_12,34300.0,199000.0,83.0,9781398822702.0,Arcturus Publishing Ltd,01 November 2024,208.0,English UK / Other,0.27,1
Voice for the Voiceless,"Dalai Lama, His Holiness the",Paperback,1,Biographies & Memoirs,http://www.periplus.com/p/9780008743772/voice-for-the-voiceless?path=1_12,118300.0,336000.0,65.0,9780008743772.0,HarperCollins Publishers,13 March 2025,272.0,English UK / Other,0.28,0
Discipline and Punish,"Foucault, Michel",Paperback,1,Biographies & Memoirs,http://www.periplus.com/p/9780241386019/discipline-and-punish?path=1_12,291000.0,291000.0,0.0,9780241386019.0,Penguin Books Ltd,09 April 2020,352.0,English,0.27,0
Beyond the Wand,"Felton, Tom",Paperback,0,Biographies & Memoirs,http://www.periplus.com/p/9781529149432/beyond-the-wand?path=1_12,393000.0,393000.0,0.0,9781529149432.0,Ebury Publishing,06 July 2023,320.0,English UK / Other,0.25,0
The Glass Islands: A Year in Lombok,"Heyward, Mark",Paperback,1,Biographies & Memoirs,http://www.periplus.com/p/9781915310163/the-glass-islands-a-year-in-lombok?path=1_12,258000.0,258000.0,0.0,9781915310163.0,Monsoon Books,15 September 2023,333.0,English,0.25,0
"The Maps We Carry : Psychedelics, Trauma and Our New...","Cartwright, Rose",Paperback,1,Biographies & Memoirs,http://www.periplus.com/p/9780008591922/the-maps-we-carry-psychedelics-trauma-and-our-new-path-to-mental-health?path=1_12,179200.0,224000.0,20.0,9780008591922.0,HarperCollins Publishers,16 January 2025,384.0,English UK / Other,0.26,0
Going Infinite,"Lewis, Michael",Paperback,0,Biographies & Memoirs,http://www.periplus.com/p/9781802063516/going-infinite?path=1_12,288000.0,288000.0,0.0,9781802063516.0,Penguin Books Ltd,27 August 2024,288.0,English UK / Other,0.22,0
The Book of Taylor: 50 Reasons Taylor Swift Rules ...,"Oliver, Billie",Hardcover,1,Biographies & Memoirs,http://www.periplus.com/p/9781923049499/the-book-of-taylor-50-reasons-taylor-swift-rules-the-world?path=1_12,48300.0,295000.0,84.0,9781923049499.0,Smith Street Books,10 September 2024,104.0,English,0.36,0
Fahrenheit-182,"Hoppus, Mark",Paperback,1,Biographies & Memoirs,http://www.periplus.com/p/9781408724569/fahrenheit-182?path=1_12,335700.0,379000.0,11.0,9781408724569.0,"Little, Brown",08 April 2025,0.0,English,0.51,4
The Rise : Kobe Bryant and the Pursuit of Immortality...,"Sielski, Mike",Paperback,1,Biographies & Memoirs,http://www.periplus.com/p/9781529096064/the-rise-kobe-bryant-and-the-pursuit-of-immortality?path=1_12,278000.0,278000.0,0.0,9781529096064.0,Pan Macmillan,26 January 2023,384.0,English UK / Other,0.31,0
Beyond the Story,"Kang, Myeongseok",Hardcover,0,Biographies & Memoirs,http://www.periplus.com/p/9781035031542/beyond-the-story?path=1_12,1050000.0,1050000.0,0.0,9781035031542.0,Pan Macmillan,09 July 2023,544.0,English UK / Other,1.21,0
What I Talk About When I Talk About Running: A Memoir...,"Murakami, Haruki",Paperback,1,Biographies & Memoirs,http://www.periplus.com/p/9780307473394/what-i-talk-about-when-i-talk-about-running-a-memoir?path=1_12,175000.0,175000.0,0.0,9780307473394.0,Knopf Doubleday Publishing Group,02 April 2009,192.0,English,0.1,1
Man's Search For Meaning,"Frankl, Viktor E.",Paperback,0,Biographies & Memoirs,http://www.periplus.com/p/9781844132393/man-s-search-for-meaning?path=1_12,236000.0,315000.0,25.0,9781844132393.0,Vintage Publishing,06 May 2004,160.0,English UK / Other,0.12,0
The Climate Book: The Facts and the Solutions,"Thunberg, Greta",Paperback,0,Biographies & Memoirs,http://www.periplus.com/p/9780593492321/the-climate-book-the-facts-and-the-solutions?path=1_12,414000.0,414000.0,0.0,9780593492321.0,Penguin Books,-,464.0,English,0.59,0
Selfish: Step Into a Journey of Self-Discovery to ...,"Szostak, Stephanie",Paperback,0,Biographies & Memoirs,http://www.periplus.com/p/9781637588895/selfish-step-into-a-journey-of-self-discovery-to-revive-confidence-joy-and-meaning?path=1_12,372000.0,372000.0,0.0,9781637588895.0,Post Hill Press,-,208.0,English,0.34,0
The Little Guide to Harry Styles: The New King of ...,Oh,Hardcover,0,Biographies & Memoirs,http://www.periplus.com/p/9781800696198/the-little-guide-to-harry-styles-the-new-king-of-pop?path=1_12,185000.0,185000.0,0.0,9781800696198.0,Oh,-,192.0,English,0.25,0
Confessions,Augustine,Paperback,0,Biographies & Memoirs,http://www.periplus.com/p/9780140441147/confessions?path=1_12,288000.0,288000.0,0.0,9780140441147.0,Penguin Classics,30 November 1961,352.0,English,0.26,1
From Here to the Great Unknown: Oprah's Book Club: ...,"Presley, Lisa Marie",Hardcover,0,Biographies & Memoirs,http://www.periplus.com/p/9780593733875/from-here-to-the-great-unknown-oprah-s-book-club-a-memoir?path=1_12,662000.0,662000.0,0.0,9780593733875.0,Random House,-,304.0,English,0.43,0
"Battle for the Bird: Jack Dorsey, Elon Musk, and the...","Wagner, Kurt",Hardcover,1,Biographies & Memoirs,http://www.periplus.com/p/9781668017357/battle-for-the-bird-jack-dorsey-elon-musk-and-the-44-billion-fight-for-twitter-s-soul?path=1_12,69000.0,512000.0,87.0,9781668017357.0,Atria Books,-,368.0,English,0.5,2
Baddest Man,"Kriegal, Mark",Paperback,1,Biographies & Memoirs,http://www.periplus.com/p/9781529958959/baddest-man?path=1_12,410000.0,410000.0,0.0,9781529958959.0,Ebury Publishing,05 June 2025,0.0,English,0.54,4
Silent Coup: How Corporations Overthrew Democracy,"Provost, Claire",Paperback,0,Biographies & Memoirs,http://www.periplus.com/p/9781350464568/silent-coup-how-corporations-overthrew-democracy?path=1_12,398000.0,398000.0,0.0,9781350464568.0,Bloomsbury Academic,19 September 2024,312.0,English,0.5,0
Greenlights,"McConaughey, Matthew",Hardcover,1,Biographies & Memoirs,http://www.periplus.com/p/9780593139134/greenlights?path=1_12,538000.0,538000.0,0.0,9780593139134.0,Crown Publishing Group (NY),20 October 2020,304.0,English,0.52,0
Bts: A Graphic Biography,"Zambello, Filippo",Hardcover,1,Biographies & Memoirs,http://www.periplus.com/p/9781836001041/bts-a-graphic-biography?path=1_12,34300.0,335000.0,90.0,9781836001041.0,White Lion Publishing,-,128.0,English,0.54,0
Adelaide,"Wheeler, Genevieve",Paperback,0,Biographies & Memoirs,http://www.periplus.com/p/9781035912742/adelaide?path=1_12,262000.0,262000.0,0.0,9781035912742.0,Bloomsbury Publishing PLC,07 November 2024,400.0,English UK / Other,0.28,0
The Showman : The Inside Story That Made a War Leader...,"Shuster, Simon",Paperback,0,Biographies & Memoirs,http://www.periplus.com/p/9780008599188/the-showman-the-inside-story-that-made-a-war-leader-of-volodymyr-zelensky?path=1_12,446000.0,446000.0,0.0,9780008599188.0,HarperCollins Publishers,23 January 2024,0.0,English,0.52,0
"Our Green Change: A Journey to Green School, Bali & ...","Radice, Sandra",Paperback,0,Biographies & Memoirs,http://www.periplus.com/p/9781922850645/our-green-change-a-journey-to-green-school-bali-and-beyond?path=1_12,285000.0,285000.0,0.0,9781922850645.0,Shawline Publishing Group,-,304.0,English,0.45,0
Greetings from Jakarta: Postcards of A Capital 1900...,"Merrillees, Scott",Hardcover,1,Biographies & Memoirs,http://www.periplus.com/p/9789793780887/greetings-from-jakarta-postcards-of-a-capital-1900-1950?path=1_12,350000.0,650000.0,46.0,9789793780887.0,,-,248.0,English,0.0,0
Not All Heroes Wear Capes: The Incredible Story of...,"Lancaster, Jono",Hardcover,0,Biographies & Memoirs,http://www.periplus.com/p/9781529149357/not-all-heroes-wear-capes-the-incredible-story-of-how-one-young-man-found-happiness-by-embracing-his-differences?path=1_12,446000.0,446000.0,0.0,9781529149357.0,Ebury Press,26 January 2024,224.0,English,0.32,0
Tears Become Rain: Stories of Transformation and Healing...,-,Paperback,0,Biographies & Memoirs,http://www.periplus.com/p/9781952692628/tears-become-rain-stories-of-transformation-and-healing-inspired-by-thich-nhat-hanh?path=1_12,472000.0,472000.0,0.0,9781952692628.0,Parallax Press,-,240.0,English,0.2,0
The Hard Sell : Crime and Punishment at an Opioid ...,"Hughes, Evan",Paperback,0,Biographies & Memoirs,http://www.periplus.com/p/9781035017898/the-hard-sell-crime-and-punishment-at-an-opioid-startup?path=1_12,288000.0,288000.0,0.0,9781035017898.0,Pan Macmillan,22 June 2023,288.0,English UK / Other,0.21,0
Is This Ok?: One Woman's Search for Connection Online...,"Gibsone, Harriet",Hardcover,0,Biographies & Memoirs,http://www.periplus.com/p/9781035000999/is-this-ok-one-woman-s-search-for-connection-online?path=1_12,446000.0,446000.0,0.0,9781035000999.0,Picador UK,25 May 2023,304.0,English,0.41,0
The Last Politician: Inside Joe Biden's White House...,"Foer, Franklin",Hardcover,0,Biographies & Memoirs,http://www.periplus.com/p/9781101981146/the-last-politician-inside-joe-biden-s-white-house-and-the-struggle-for-america-s-future?path=1_12,620000.0,620000.0,0.0,9781101981146.0,Penguin Press,-,432.0,English,0.66,0
The Red Emperor : Xi Jinping and His New China,"Sheridan, Michael",Paperback,0,Biographies & Memoirs,http://www.periplus.com/p/9781035413485/the-red-emperor-xi-jinping-and-his-new-china?path=1_12,358000.0,358000.0,0.0,9781035413485.0,Headline Publishing Group,29 August 2024,0.0,English,0.47,0
They All Came to Barneys: A Personal History of the...,"Pressman, Gene",Hardcover,1,Biographies & Memoirs,http://www.periplus.com/p/9780593654798/they-all-came-to-barneys-a-personal-history-of-the-world-s-greatest-store?path=1_12,279000.0,548000.0,49.0,9780593654798.0,Viking,-,400.0,English,0.64,0
Impossible City,"Kuper, Simon",Paperback,0,Biographies & Memoirs,http://www.periplus.com/p/9781800816503/impossible-city?path=1_12,288000.0,288000.0,0.0,9781800816503.0,Profile Books Ltd,06 February 2025,272.0,English UK / Other,0.23,0
Sonny Boy,"Pacino, Al",Hardcover,0,Biographies & Memoirs,http://www.periplus.com/p/9781529912623/sonny-boy?path=1_12,569000.0,569000.0,0.0,9781529912623.0,Cornerstone,15 October 2024,384.0,English UK / Other,0.68,0
Leo XIV,"Altieri, Christopher R.",Paperback,1,Biographies & Memoirs,http://www.periplus.com/p/9781399430883/leo-xiv?path=1_12,216300.0,408000.0,47.0,9781399430883.0,Bloomsbury Publishing (UK),02 October 2025,224.0,English,0.3,0
Taylor Swift - American Girl,"McHugh, Carolyn",Hardcover,1,Biographies & Memoirs,http://www.periplus.com/p/9781915343024/taylor-swift-american-girl?path=1_12,49000.0,405000.0,88.0,9781915343024.0,Sona Books,02 May 2023,112.0,English,0.64,0
Taylor Swift - A Life in Pictures,"McHugh, Carolyn",Hardcover,1,Biographies & Memoirs,http://www.periplus.com/p/9781915343673/taylor-swift-a-life-in-pictures?path=1_12,83300.0,478000.0,83.0,9781915343673.0,Sona Books,15 September 2024,80.0,English,0.7,0
Kitchen Confidential Annotated Edition: Adventures...,"Bourdain, Anthony",Paperback,0,Biographies & Memoirs,http://www.periplus.com/p/9780063376502/kitchen-confidential-annotated-edition-adventures-in-the-culinary-underbelly?path=1_12,496000.0,496000.0,0.0,9780063376502.0,Ecco Press,-,416.0,English,0.46,1
Why I Am So Clever,"Nietzsche, Friedrich",Paperback,1,Biographies & Memoirs,http://www.periplus.com/p/9780241251850/why-i-am-so-clever?path=1_12,92000.0,92000.0,0.0,9780241251850.0,Penguin Books,03 March 2016,64.0,English,0.05,1
Totto-Chan: The Little Girl at the Window,"Kuroyanagi, Tetsuko",Paperback,0,Biographies & Memoirs,http://www.periplus.com/p/9781568363912/totto-chan-the-little-girl-at-the-window?path=1_12,227000.0,227000.0,0.0,9781568363912.0,Kodansha International,23 March 2012,232.0,English,0.23,2
Confronting Evil: Assessing the Worst of the Worst...,"O'Reilly, Bill",Hardcover,1,Biographies & Memoirs,http://www.periplus.com/p/9781250374042/confronting-evil-assessing-the-worst-of-the-worst?path=1_12,300300.0,569000.0,47.0,9781250374042.0,St. Martin's Press,-,304.0,English,0.5,0
George Yeo: Musings - Series One,"Yeo, George Yong-Boon",Paperback,0,Biographies & Memoirs,http://www.periplus.com/p/9789811261282/george-yeo-musings-series-one?path=1_12,1559000.0,1559000.0,0.0,9789811261282.0,World Scientific Publishing Company,-,480.0,English,0.62,0
Ring of Fire: An Indonesian Odyssey,"Blair, Lawrence",Paperback,1,Biographies & Memoirs,http://www.periplus.com/p/9780648758020/ring-of-fire-an-indonesian-odyssey?path=1_12,370000.0,370000.0,0.0,9780648758020.0,Dean Publishing,-,346.0,English,0.62,0
The Unabridged Journals of Sylvia Plath,"Plath, Sylvia",Paperback,0,Biographies & Memoirs,http://www.periplus.com/p/9780385720250/the-unabridged-journals-of-sylvia-plath?path=1_12,496000.0,496000.0,0.0,9780385720250.0,Vintage,17 October 2000,768.0,English,0.61,0
The Look,"Obama, Michelle",Hardcover,1,Biographies & Memoirs,http://www.periplus.com/p/9780593800706/the-look?path=1_12,409000.0,828000.0,51.0,9780593800706.0,Crown Publishing Group (NY),-,304.0,English,1.84,0
Taylor Swift: Icon,"Sprinkel, Katy",Paperback,0,Biographies & Memoirs,http://www.periplus.com/p/9781637274866/taylor-swift-icon?path=1_12,309000.0,309000.0,0.0,9781637274866.0,Triumph Books (IL),-,112.0,English,0.41,0
Mad Woman,"Gordon, Bryony",Paperback,0,Biographies & Memoirs,http://www.periplus.com/p/9781035408696/mad-woman?path=1_12,320000.0,320000.0,0.0,9781035408696.0,Headline Publishing Group,15 February 2024,0.0,English,0.4,0
The Lonely City : Adventures in the Art of Being Alone...,"Laing, Olivia",Paperback,0,Biographies & Memoirs,http://www.periplus.com/p/9781782111252/the-lonely-city-adventures-in-the-art-of-being-alone?path=1_12,288000.0,288000.0,0.0,9781782111252.0,Canongate Books,02 March 2017,336.0,English UK / Other,0.23,0
Good Arguments: How Debate Teaches Us to Listen and...,"Seo, Bo",Paperback,0,Biographies & Memoirs,http://www.periplus.com/p/9780593299531/good-arguments-how-debate-teaches-us-to-listen-and-be-heard?path=1_12,393000.0,393000.0,0.0,9780593299531.0,Penguin Books,-,352.0,English,0.27,0
Making It So,"Stewart, Patrick",Hardcover,0,Biographies & Memoirs,http://www.periplus.com/p/9781398512948/making-it-so?path=1_12,656000.0,656000.0,0.0,9781398512948.0,Simon & Schuster Ltd,03 October 2023,480.0,English UK / Other,0.69,0
Breaking Twitter,"Mezrich, Ben",Paperback,0,Biographies & Memoirs,http://www.periplus.com/p/9781035032471/breaking-twitter?path=1_12,446000.0,446000.0,0.0,9781035032471.0,Pan Macmillan,09 November 2023,352.0,English,0.44,0
Spare Us! : A Harrody,Bruno Vincent,Hardcover,0,Biographies & Memoirs,http://www.periplus.com/p/9780349146065/spare-us-a-harrody?path=1_12,262000.0,262000.0,0.0,9780349146065.0,"Little, Brown Book Group",06 April 2023,112.0,English,0.2,0
Agatha Christie,"Worsley, Lucy",Paperback,0,Biographies & Memoirs,http://www.periplus.com/p/9781529303919/agatha-christie?path=1_12,288000.0,288000.0,0.0,9781529303919.0,Hodder & Stoughton,31 August 2023,432.0,English UK / Other,0.33,0
Taylor Swift Style: Fashion Through the Eras,"Chapelle, Sarah",Hardcover,0,Biographies & Memoirs,http://www.periplus.com/p/9781250906151/taylor-swift-style-fashion-through-the-eras?path=1_12,724000.0,724000.0,0.0,9781250906151.0,St. Martin's Griffin,-,352.0,English,1.2,0
The Dream: Breaking Champions League Records,"Ancelotti, Carlo",Hardcover,1,Biographies & Memoirs,http://www.periplus.com/p/9781529955569/the-dream-breaking-champions-league-records?path=1_12,520000.0,520000.0,0.0,9781529955569.0,Ebury Spotlight,25 September 2025,304.0,English,0.57,0
Shoe Dog,"Knight, Phil",Paperback,1,Biographies & Memoirs,http://www.periplus.com/p/9781471146725/shoe-dog?path=1_12,270000.0,270000.0,0.0,9781471146725.0,Simon & Schuster Ltd,03 May 2018,400.0,English UK / Other,0.29,3
Owner of a Lonely Heart: A Memoir,"Nguyen, Beth",Hardcover,0,Biographies & Memoirs,http://www.periplus.com/p/9781982196349/owner-of-a-lonely-heart-a-memoir?path=1_12,709000.0,709000.0,0.0,9781982196349.0,Scribner Book Company,-,256.0,English,0.37,0
Smart Money,"Larsen, Casey",Paperback,0,Biographies & Memoirs,http://www.periplus.com/p/9781526678478/smart-money?path=1_12,400000.0,400000.0,0.0,9781526678478.0,Bloomsbury Export,24 October 2024,0.0,English UK / Other,0.43,0
Defiant Dreams,"Kapoor, Malaina",Paperback,0,Biographies & Memoirs,http://www.periplus.com/p/9780857528810/defiant-dreams?path=1_12,446000.0,446000.0,0.0,9780857528810.0,Transworld,01 June 2023,0.0,English,0.39,0
Man's Search for Meaning,"Frankl, Viktor E.",Paperback,1,Biographies & Memoirs,http://www.periplus.com/p/9780807014271/man-s-search-for-meaning?path=1_12,360000.0,360000.0,0.0,9780807014271.0,Beacon Press,01 June 2006,184.0,English,0.23,1
The Real Osamu Dazai: A Life in Twenty Stories,"Dazai, Osamu",Paperback,1,Biographies & Memoirs,http://www.periplus.com/p/9784805318348/the-real-osamu-dazai-a-life-in-twenty-stories?path=1_12,268000.0,268000.0,0.0,9784805318348.0,Tuttle Publishing,-,320.0,English,0.36,0
Going Infinite,"Lewis, Michael",Hardcover,0,Biographies & Memoirs,http://www.periplus.com/p/9780241651117/going-infinite?path=1_12,534000.0,534000.0,0.0,9780241651117.0,Penguin Books Ltd,03 October 2023,272.0,English UK / Other,0.47,0
Every Moment Was You,"Ha, Taewoan",Paperback,1,Biographies & Memoirs,http://www.periplus.com/p/9780349443515/every-moment-was-you?path=1_12,152150.0,359000.0,58.0,9780349443515.0,"Little, Brown Book Group",15 May 2025,288.0,English UK / Other,0.35,0
"Delivering Happiness: A Path to Profits, Passion, ...","Hsieh, Tony",Paperback,0,Biographies & Memoirs,http://www.periplus.com/p/9780446576222/delivering-happiness-a-path-to-profits-passion-and-purpose?path=1_12,393000.0,393000.0,0.0,9780446576222.0,Grand Central Publishing,19 March 2013,272.0,English,0.27,0
Lost Horizons: A Foreign Correspondent's Extraordinary...,"Gray, Denis D.",Hardcover,1,Biographies & Memoirs,http://www.periplus.com/p/9780804858595/lost-horizons-a-foreign-correspondent-s-extraordinary-life-story?path=1_12,299600.0,428000.0,30.0,9780804858595.0,Tuttle Publishing,-,304.0,English,0.5,0
Extremely Hardcore: Inside Elon Musk's Twitter,"Schiffer, Zoë",Hardcover,0,Biographies & Memoirs,http://www.periplus.com/p/9780593716601/extremely-hardcore-inside-elon-musk-s-twitter?path=1_12,708000.0,708000.0,0.0,9780593716601.0,Portfolio,-,352.0,English,0.54,0
Chinese Parents Don't Say I Love You,"Chung, Candice",Hardcover,0,Biographies & Memoirs,http://www.periplus.com/p/9781783968855/chinese-parents-don-t-say-i-love-you?path=1_12,446000.0,446000.0,0.0,9781783968855.0,Elliott & Thompson Limited,24 April 2025,256.0,English UK / Other,0.44,0
Abroad in Japan,"Broad, Chris",Paperback,0,Biographies & Memoirs,http://www.periplus.com/p/9781804992227/abroad-in-japan?path=1_12,288000.0,288000.0,0.0,9781804992227.0,Transworld,16 July 2024,320.0,English,0.23,0
Pieces of the Action,"Bush, Vannevar",Hardcover,0,Biographies & Memoirs,http://www.periplus.com/p/9781953953209/pieces-of-the-action?path=1_12,496000.0,496000.0,0.0,9781953953209.0,Stripe Press,-,376.0,English,0.92,0
Burn Book,"Swisher, Kara",Paperback,1,Biographies & Memoirs,http://www.periplus.com/p/9780349442136/burn-book?path=1_12,49000.0,328000.0,85.0,9780349442136.0,"Little, Brown",27 February 2024,0.0,English,0.46,0
"Titan: The Life of John D. Rockefeller, Sr.","Chernow, Ron",Paperback,0,Biographies & Memoirs,http://www.periplus.com/p/9781400077304/titan-the-life-of-john-d-rockefeller-sr?path=1_12,517000.0,517000.0,0.0,9781400077304.0,Vintage,30 March 2004,832.0,English,1.02,0
John & Paul: A Love Story in Songs,"Leslie, Ian",Hardcover,0,Biographies & Memoirs,http://www.periplus.com/p/9781250869548/john-and-paul-a-love-story-in-songs?path=1_12,662000.0,662000.0,0.0,9781250869548.0,Celadon Books,-,448.0,English,0.65,7
Letters to Milena,"Kafka, Franz",Paperback,1,Biographies & Memoirs,http://www.periplus.com/p/9781784874001/letters-to-milena?path=1_12,250000.0,250000.0,0.0,9781784874001.0,Vintage Publishing,06 December 2018,272.0,English UK / Other,0.19,0
The Bill Gates Problem : Reckoning with the Myth of...,"Schwab, Tim",Paperback,1,Biographies & Memoirs,http://www.periplus.com/p/9780241609484/the-bill-gates-problem-reckoning-with-the-myth-of-the-good-billionaire?path=1_12,128800.0,245000.0,47.0,9780241609484.0,Penguin Books Ltd,19 September 2024,496.0,English UK / Other,0.35,0
"Network of Lies: The Epic Saga of Fox News, Donald...","Stelter, Brian",Hardcover,0,Biographies & Memoirs,http://www.periplus.com/p/9781668046906/network-of-lies-the-epic-saga-of-fox-news-donald-trump-and-the-battle-for-american-democracy?path=1_12,788000.0,788000.0,0.0,9781668046906.0,Atria/One Signal Publishers,-,384.0,English,0.52,0
100 Philosophers: The Wisdom of the World's Great ...,"Levene, Lesley",Hardcover,1,Biographies & Memoirs,http://www.periplus.com/p/9781789293708/100-philosophers-the-wisdom-of-the-world-s-great-thinkers?path=1_12,210800.0,248000.0,15.0,9781789293708.0,Michael O'Mara Books,01 September 2022,192.0,English,0.31,0
Source Code: My Beginnings,"Gates, Bill",Hardcover,1,Biographies & Memoirs,http://www.periplus.com/p/9780593801581/source-code-my-beginnings?path=1_12,259000.0,515000.0,50.0,9780593801581.0,Knopf Publishing Group,-,336.0,English,0.63,2
Erik Ten Hag: The Biography,"Meijer, Maarten",Paperback,0,Biographies & Memoirs,http://www.periplus.com/p/9781529903638/erik-ten-hag-the-biography?path=1_12,413000.0,413000.0,0.0,9781529903638.0,Ebury Spotlight,31 October 2023,288.0,English,0.26,0
The Complete Persepolis: Volumes 1 and 2,"Satrapi, Marjane",Paperback,0,Biographies & Memoirs,http://www.periplus.com/p/9780375714832/the-complete-persepolis-volumes-1-and-2?path=1_12,579000.0,579000.0,0.0,9780375714832.0,Pantheon Books,30 October 2007,352.0,English,0.59,2
I Want to Die but I Want to Eat Tteokbokki,"Sehee, Baek",Paperback,1,Biographies & Memoirs,http://www.periplus.com/p/9781526648099/i-want-to-die-but-i-want-to-eat-tteokbokki?path=1_12,240000.0,240000.0,0.0,9781526648099.0,Bloomsbury Publishing PLC,06 July 2023,208.0,English UK / Other,0.16,1
Strong Female Character,"Brady, Fern",Paperback,0,Biographies & Memoirs,http://www.periplus.com/p/9781914240478/strong-female-character?path=1_12,341000.0,341000.0,0.0,9781914240478.0,Octopus Publishing Group,11 January 2024,288.0,English UK / Other,0.2,0
The Snowball : Warren Buffett and the Business of ...,"Schroeder, Alice",Paperback,1,Biographies & Memoirs,http://www.periplus.com/p/9780747596493/the-snowball-warren-buffett-and-the-business-of-life?path=1_12,385000.0,385000.0,0.0,9780747596493.0,Bloomsbury Publishing PLC,16 September 2009,848.0,English UK / Other,0.66,0
Wonder Boy,"Jeans, David",Paperback,0,Biographies & Memoirs,http://www.periplus.com/p/9781911709213/wonder-boy?path=1_12,446000.0,446000.0,0.0,9781911709213.0,Transworld Publishers Ltd,27 April 2023,384.0,English UK / Other,0.49,0
Mao: The Man Who Made China,"Short, Philip",Paperback,0,Biographies & Memoirs,http://www.periplus.com/p/9781350376724/mao-the-man-who-made-china?path=1_12,557000.0,557000.0,0.0,9781350376724.0,Bloomsbury Academic,-,864.0,English,0.68,0
From Third World To First (International Edition),Kuan Yew Lee,Paperback,0,Biographies & Memoirs,http://www.periplus.com/p/9780060957513/from-third-world-to-first-international-edition?path=1_12,393000.0,393000.0,0.0,9780060957513.0,HarperBusiness,08 February 2011,768.0,English,0.82,0
Jokowi and the New Indonesia: A Political Biography...,"Prasodjo, Darmawan",Hardcover,1,Biographies & Memoirs,http://www.periplus.com/p/9780804854177/jokowi-and-the-new-indonesia-a-political-biography?path=1_12,140000.0,398000.0,65.0,9780804854177.0,Tuttle Publishing,-,352.0,English,0.75,0
Beyond the Story: 10-Year Record of Bts,Bts,Hardcover,0,Biographies & Memoirs,http://www.periplus.com/p/9781250326751/beyond-the-story-10-year-record-of-bts?path=1_12,931000.0,931000.0,0.0,9781250326751.0,Flatiron Books,-,544.0,English,1.0,0
Muhammad,"Armstrong, Karen",Paperback,1,Biographies & Memoirs,http://www.periplus.com/p/9780007256068/muhammad?path=1_12,200000.0,200000.0,0.0,9780007256068.0,HarperCollins Publishers,05 March 2007,240.0,English UK / Other,0.19,0
A House in Bali,"McPhee, Colin",Paperback,1,Biographies & Memoirs,http://www.periplus.com/p/9780804853712/a-house-in-bali?path=1_12,238000.0,238000.0,0.0,9780804853712.0,Tuttle Publishing,-,288.0,English,0.34,0
The Woman in Me,"Spears, Britney",Hardcover,1,Biographies & Memoirs,http://www.periplus.com/p/9781668009048/the-woman-in-me?path=1_12,111200.0,558000.0,80.0,9781668009048.0,Gallery Books,-,288.0,English,0.45,0
"Tiger, Tiger","Patterson, James",Hardcover,0,Biographies & Memoirs,http://www.periplus.com/p/9781529195705/tiger-tiger?path=1_12,419000.0,419000.0,0.0,9781529195705.0,Cornerstone,01 August 2024,448.0,English UK / Other,0.68,0
A Different Kind of Power: A Memoir,"Ardern, Jacinda",Hardcover,0,Biographies & Memoirs,http://www.periplus.com/p/9780593728697/a-different-kind-of-power-a-memoir?path=1_12,662000.0,662000.0,0.0,9780593728697.0,Crown Publishing Group (NY),-,352.0,English,0.54,0
A Japanese Art Journey: A Curator's Memoir of Polka...,"McArthur, Meher",Hardcover,1,Biographies & Memoirs,http://www.periplus.com/p/9784805319901/a-japanese-art-journey-a-curator-s-memoir-of-polka-dot-pumpkins-paper-dolls-and-woodblock-prints?path=1_12,231000.0,330000.0,30.0,9784805319901.0,Tuttle Publishing,-,208.0,English,0.52,0
Have A Little Faith,"Albom, Mitch",Paperback,1,Biographies & Memoirs,http://www.periplus.com/p/9780751537512/have-a-little-faith?path=1_12,180000.0,180000.0,0.0,9780751537512.0,"Little, Brown Book Group",02 September 2010,272.0,English UK / Other,0.22,0
Kitchen Confidential: Adventures in the Culinary Underbelly...,"Bourdain, Anthony",Paperback,0,Biographies & Memoirs,http://www.periplus.com/p/9780060899226/kitchen-confidential-adventures-in-the-culinary-underbelly?path=1_12,393000.0,393000.0,0.0,9780060899226.0,Ecco Press,01 January 2007,352.0,English,0.26,0
When Breath Becomes Air,"Kalanithi, Paul",Paperback,0,Biographies & Memoirs,http://www.periplus.com/p/9781529110944/when-breath-becomes-air?path=1_12,262000.0,262000.0,0.0,9781529110944.0,Random House,31 December 2018,0.0,English,0.14,5
George Yeo: Musings - Series Two,"Yeo, George Yong-Boon",Paperback,0,Biographies & Memoirs,http://www.periplus.com/p/9789811261299/george-yeo-musings-series-two?path=1_12,1559000.0,1559000.0,0.0,9789811261299.0,World Scientific Publishing Company,-,620.0,English,0.94,0
Hope,"Parker, Tom",Paperback,0,Biographies & Memoirs,http://www.periplus.com/p/9781788707206/hope?path=1_12,262000.0,262000.0,0.0,9781788707206.0,Bonnier,16 February 2023,304.0,English,0.0,0
The Letters of Vincent Van Gogh,"Van Gogh, Vincent",Paperback,0,Biographies & Memoirs,http://www.periplus.com/p/9780140446746/the-letters-of-vincent-van-gogh?path=1_12,310000.0,414000.0,25.0,9780140446746.0,Penguin Classics,01 March 1998,560.0,English,0.39,0
St. Augustine's Confessions,"Augustine, Saint",Paperback,0,Biographies & Memoirs,http://www.periplus.com/p/9780199537822/st-augustine-s-confessions?path=1_12,164000.0,164000.0,0.0,9780199537822.0,Oxford University Press,15 February 2009,352.0,English,0.24,0
Unlocking Your Inner Zelensky: Lessons We Can All ...,"Kanzer, Jessie Asya",Paperback,0,Biographies & Memoirs,http://www.periplus.com/p/9781250894762/unlocking-your-inner-zelensky-lessons-we-can-all-learn-from-an-unexpected-leader?path=1_12,393000.0,393000.0,0.0,9781250894762.0,St. Martin's Essentials,-,240.0,English,0.25,0
The Outsider: The Life and Work of Lafcadio Hearn: ...,"Kemme, Steve",Hardcover,1,Biographies & Memoirs,http://www.periplus.com/p/9784805317600/the-outsider-the-life-and-work-of-lafcadio-hearn-the-man-who-introduced-voodoo-creole-cooking-and-japanese-ghosts-to-the-world?path=1_12,99000.0,389000.0,75.0,9784805317600.0,Tuttle Publishing,-,272.0,English,0.45,0
Cuckooland,"Burgis, Tom",Paperback,1,Biographies & Memoirs,http://www.periplus.com/p/9780008564759/cuckooland?path=1_12,79000.0,288000.0,73.0,9780008564759.0,HarperCollins Publishers,29 February 2024,0.0,English,0.33,0
Panini Legends: A Celebration of the World's Greatest...,"Lansdowne, Greg",Hardcover,0,Biographies & Memoirs,http://www.periplus.com/p/9781399412339/panini-legends-a-celebration-of-the-world-s-greatest-football-stickers?path=1_12,496000.0,496000.0,0.0,9781399412339.0,Bloomsbury Sport,10 December 2024,240.0,English,0.91,0
GABBY'S DOLLHOUSE AQUA MAGIC,ALLIGATOR,Paperback,1,Arts & Photography,http://www.periplus.com/p/9781788245562/gabby-s-dollhouse-aqua-magic?path=1_11,138000.0,138000.0,0.0,9781788245562.0,ELM TREE DISTRIBUTORS PTE LTD,-,0.0,English,0.5,0
"The Little Frog's Guide to Life: Love, Advice and ...","Eequay, Maybell",Hardcover,1,Arts & Photography,http://www.periplus.com/p/9781837994731/the-little-frog-s-guide-to-life-love-advice-and-inspiration-for-every-day-from-the-internet-s-beloved-mushroom-frog?path=1_11,235000.0,235000.0,0.0,9781837994731.0,Summersdale,14 August 2025,96.0,English,0.18,0
Harry Potter: Hedwig Plush Journal,Insights,Hardcover,1,Arts & Photography,http://www.periplus.com/p/9798886633849/harry-potter-hedwig-plush-journal?path=1_11,375000.0,375000.0,0.0,9798886633849.0,Insights,-,184.0,English,0.45,0
Louvre,martina Padberd,Paperback,1,Arts & Photography,http://www.periplus.com/p/9783741900587/louvre?path=1_11,365000.0,365000.0,0.0,9783741900587.0,Koenemann,01 January 2025,539.0,English,0.5,0
A Photographic Guide to the Birds of Indonesia: Updated...,"Strange, Morten",Paperback,1,Arts & Photography,http://www.periplus.com/p/9780804858397/a-photographic-guide-to-the-birds-of-indonesia-updated-second-edition?path=1_11,628000.0,628000.0,0.0,9780804858397.0,Tuttle Publishing,-,544.0,English,0.79,0
Fashion Illustration Techniques: A Beginner's Guide...,"Fukuchi, Hiroko",Paperback,1,Arts & Photography,http://www.periplus.com/p/9784805319451/fashion-illustration-techniques-a-beginner-s-guide-for-fashion-designers-and-illustrators-with-over-1400-illustrations?path=1_11,358000.0,358000.0,0.0,9784805319451.0,Tuttle Publishing,-,144.0,English,0.45,0
A Beautiful World :,"Norbury, James",Hardcover,1,Arts & Photography,http://www.periplus.com/p/9780241757529/a-beautiful-world?path=1_11,449000.0,449000.0,0.0,9780241757529.0,Penguin Books Ltd,25 September 2025,176.0,English UK / Other,0.68,0
For Art and for Life,"Van Gogh, Vincent",Paperback,0,Arts & Photography,http://www.periplus.com/p/9780241752463/for-art-and-for-life?path=1_11,157000.0,157000.0,0.0,9780241752463.0,Penguin Books Ltd,17 April 2025,176.0,English UK / Other,0.11,0
"Insect Anatomy: The Curious World of Bees, Beetles...","Rothman, Julia",Paperback,0,Arts & Photography,http://www.periplus.com/p/9781635868784/insect-anatomy-the-curious-world-of-bees-beetles-butterflies-and-bugs?path=1_11,393000.0,393000.0,0.0,9781635868784.0,Storey Publishing,-,208.0,English,0.59,0
Beauty,"Warhol, Andy",Paperback,1,Arts & Photography,http://www.periplus.com/p/9780241752326/beauty?path=1_11,138000.0,142000.0,3.0,9780241752326.0,Penguin Books Ltd,17 April 2025,128.0,English UK / Other,0.08,0
The Complete Guide to Drawing Manga & Anime: A Comprehensive...,"Date, Naoto",Paperback,1,Arts & Photography,http://www.periplus.com/p/9784805317662/the-complete-guide-to-drawing-manga-and-anime-a-comprehensive-13-week-art-course-with-65-clear-and-easy-daily-lessons?path=1_11,328000.0,328000.0,0.0,9784805317662.0,Tuttle Publishing,-,192.0,English,0.64,1
A Beginner's Guide to Watercolor Painting: Step-By...,"Miyoshi, Takako Y.",Hardcover,1,Arts & Photography,http://www.periplus.com/p/9784805317488/a-beginner-s-guide-to-watercolor-painting-step-by-step-lessons-for-portraits-landscapes-and-still-lifes-includes-16-practice-postcards?path=1_11,295200.0,328000.0,10.0,9784805317488.0,Tuttle Publishing,-,112.0,English,0.59,0
Dear Moon,"Haleem, Zayneb",Hardcover,1,Arts & Photography,http://www.periplus.com/p/9781529932447/dear-moon?path=1_11,328000.0,410000.0,20.0,9781529932447.0,Ebury Publishing,05 December 2024,128.0,English UK / Other,0.57,0
Art of Florence,Uta Hasekamp,Paperback,1,Arts & Photography,http://www.periplus.com/p/9783741900396/art-of-florence?path=1_11,365000.0,365000.0,0.0,9783741900396.0,Koenemann,23 September 2025,480.0,English,0.5,0
Kew Pocketbooks: Medicinal Plants,"Howes, Melanie-Jayne",Hardcover,1,Arts & Photography,http://www.periplus.com/p/9781842468210/kew-pocketbooks-medicinal-plants?path=1_11,248000.0,248000.0,0.0,9781842468210.0,Royal Botanic Gardens Kew,10 May 2025,96.0,English,0.3,0
Ishiguro- Klara and the Sun  Intl A,Unknown Author,Unknown,1,Arts & Photography,http://www.periplus.com/p/9780593468494/ishiguro-klara-and-the-sun-intl-a?path=1_11,195000.0,195000.0,0.0,9780593468494.0,PRHUS,-,0.0,English,0.6,2
Paw Patrol Colouring & Activity Pack,Unknown Author,Paperback,1,Arts & Photography,http://www.periplus.com/p/9781788246743/paw-patrol-colouring-and-activity-pack?path=1_11,275000.0,275000.0,0.0,9781788246743.0,Alligator Books,06 December 2024,0.0,English,0.5,0
Art of Rome,ruth dangelmaier,Paperback,1,Arts & Photography,http://www.periplus.com/p/9783741900488/art-of-rome?path=1_11,338000.0,338000.0,0.0,9783741900488.0,,09 January 2024,480.0,English,0.5,0
Sketch Your World: A Guide to Sketch Journaling (Over...,"Sekimoto, Kimiko",Hardcover,1,Arts & Photography,http://www.periplus.com/p/9784805316849/sketch-your-world-a-guide-to-sketch-journaling-over-500-illustrations?path=1_11,268000.0,268000.0,0.0,9784805316849.0,Tuttle Publishing,-,128.0,English,0.43,0
Unicorn Aqua Magic Book,Unknown Author,Paperback,1,Arts & Photography,http://www.periplus.com/p/9781788246347/unicorn-aqua-magic-book?path=1_11,115200.0,128000.0,10.0,9781788246347.0,Alligator Books,-,0.0,English,0.0,0
Into the Uncut Grass,"Noah, Trevor",Hardcover,1,Arts & Photography,http://www.periplus.com/p/9781399821339/into-the-uncut-grass?path=1_11,347400.0,399000.0,13.0,9781399821339.0,John Murray Press,08 October 2024,128.0,English UK / Other,0.37,0
When the Museum is Closed,"Yagi, Emi",Paperback,1,Arts & Photography,http://www.periplus.com/p/9781787304642/when-the-museum-is-closed?path=1_11,259000.0,345000.0,25.0,9781787304642.0,Vintage Publishing,10 July 2025,160.0,English,0.17,0
Manga Muscles: An Artist's Guide to Drawing Powerful...,"Itadori, Syu",Paperback,1,Arts & Photography,http://www.periplus.com/p/9780804858267/manga-muscles-an-artist-s-guide-to-drawing-powerful-male-bodies-with-over-500-color-and-b-and-w-illustrations?path=1_11,199500.0,285000.0,30.0,9780804858267.0,Tuttle Publishing,-,144.0,English,0.59,0
Crochet Cute Amigurumi Animals with Mix-And-Match ...,The Halations,Hardcover,1,Arts & Photography,http://www.periplus.com/p/9780804857864/crochet-cute-amigurumi-animals-with-mix-and-match-outfits-76-easy-to-follow-patterns-using-clear-japanese-style-crochet-charts?path=1_11,298000.0,298000.0,0.0,9780804857864.0,Tuttle Publishing,-,96.0,English,0.61,0
Colored Pencil Drawings & Doodles: Draw Adorable Animals...,Atelier Rili,Paperback,1,Arts & Photography,http://www.periplus.com/p/9784805317952/colored-pencil-drawings-and-doodles-draw-adorable-animals-flowers-foods-and-characters-with-just-12-colored-pencils-over-500-illustrations-how-to?path=1_11,138600.0,288000.0,52.0,9784805317952.0,Tuttle Publishing,-,128.0,English,0.39,0
The Complete Guide to Manga Composition: Learn the...,"Matsuoka, Shinji",Paperback,1,Arts & Photography,http://www.periplus.com/p/9784805318010/the-complete-guide-to-manga-composition-learn-the-art-of-perspective-and-dynamic-storytelling-over-400-illustrations?path=1_11,268200.0,298000.0,10.0,9784805318010.0,Tuttle Publishing,-,144.0,English,0.59,0
How to Draw Animals: A Visual Reference Guide to Sketching...,"Naito, Sadao",Paperback,1,Arts & Photography,http://www.periplus.com/p/9784805317358/how-to-draw-animals-a-visual-reference-guide-to-sketching-100-animals-including-popular-dog-and-cat-breeds-with-over-800-illustrations?path=1_11,318000.0,328000.0,3.0,9784805317358.0,Tuttle Publishing,-,176.0,English,0.54,0
How to Draw Anything Anytime: A Beginner's Guide to...,Kamo,Paperback,1,Arts & Photography,http://www.periplus.com/p/9780804853804/how-to-draw-anything-anytime-a-beginner-s-guide-to-cute-and-easy-doodles-over-1-000-illustrations?path=1_11,268000.0,268000.0,0.0,9780804853804.0,Tuttle Publishing,-,96.0,English,0.41,0
Following the Moon,"Norbury, James",Hardcover,0,Arts & Photography,http://www.periplus.com/p/9780241686737/following-the-moon?path=1_11,498000.0,498000.0,0.0,9780241686737.0,Penguin Books Ltd,19 September 2024,176.0,English UK / Other,0.67,0
Little Book of Rolex: The Story Behind the Iconic ...,"Sims, Josh",Hardcover,0,Arts & Photography,http://www.periplus.com/p/9781802797596/little-book-of-rolex-the-story-behind-the-iconic-brand?path=1_11,351000.0,351000.0,0.0,9781802797596.0,Welbeck,-,160.0,English,0.34,0
Pop-Up Dior,Fashionary,Hardcover,1,Arts & Photography,http://www.periplus.com/p/9789881655042/pop-up-dior?path=1_11,545000.0,545000.0,0.0,9789881655042.0,Fashionary,25 September 2025,32.0,English,0.34,0
"Manga Character Design: Faces, Fashions, Hairstyles...","Akagi, Shun",Paperback,1,Arts & Photography,http://www.periplus.com/p/9784805318027/manga-character-design-faces-fashions-hairstyles-and-more-with-over-800-illustrations?path=1_11,256000.0,320000.0,20.0,9784805318027.0,Tuttle Publishing,-,144.0,English,0.59,0
Renaissance 1420-1600,Unknown Author,Hardcover,1,Arts & Photography,http://www.periplus.com/p/9783741900570/renaissance-1420-1600?path=1_11,365000.0,365000.0,0.0,9783741900570.0,Koenemann,01 July 2019,540.0,English,3.15,0
Claude Monet,Unknown Author,Paperback,0,Arts & Photography,http://www.periplus.com/p/9783741939280/claude-monet?path=1_11,185000.0,185000.0,0.0,9783741939280.0,Koenemann,01 August 2024,0.0,English,1.5,0
The Story of Art without Men :,"Hessel, Katy",Paperback,0,Arts & Photography,http://www.periplus.com/p/9781529156096/the-story-of-art-without-men?path=1_11,341000.0,341000.0,0.0,9781529156096.0,Cornerstone,29 August 2024,576.0,English UK / Other,0.86,0
Enchanted Forest,"Basford, Johanna",Paperback,1,Arts & Photography,http://www.periplus.com/p/9781399622431/enchanted-forest?path=1_11,360000.0,360000.0,0.0,9781399622431.0,Orion Publishing Co,07 August 2025,96.0,English UK / Other,0.55,0
The Simple Art of Japanese Calligraphy: A Step-By-...,"Takenami, Yoko",Paperback,0,Arts & Photography,http://www.periplus.com/p/9781800652255/the-simple-art-of-japanese-calligraphy-a-step-by-step-guide-to-creating-japanese-characters-with-15-projects-to-make?path=1_11,393000.0,393000.0,0.0,9781800652255.0,Cico,-,128.0,English,0.53,0
The Ultimate Guide to Manga Fashion: Learn to Draw...,Rabimaru,Paperback,1,Arts & Photography,http://www.periplus.com/p/9784805317532/the-ultimate-guide-to-manga-fashion-learn-to-draw-realistic-clothing-from-streetwear-to-high-fashion-with-over-1000-illustrations?path=1_11,108000.0,298000.0,64.0,9784805317532.0,Tuttle Publishing,-,160.0,English,0.5,0
Create Your Own Comic Book: A Sketchbook & Drawing...,-,Paperback,1,Arts & Photography,http://www.periplus.com/p/9780804857079/create-your-own-comic-book-a-sketchbook-and-drawing-guide-for-kids-with-124-practice-pages?path=1_11,166600.0,238000.0,30.0,9780804857079.0,Tuttle Publishing,-,144.0,English,0.57,0
Becoming an Artist: How to Make Art Like a Human by...,"Sava, Scott Christian",Hardcover,1,Arts & Photography,http://www.periplus.com/p/9781401996932/becoming-an-artist-how-to-make-art-like-a-human-by-embracing-failure-discovering-your-creative-voice-and-finding-joy-in-the-process?path=1_11,459000.0,459000.0,0.0,9781401996932.0,Hay House LLC,-,272.0,English,0.43,0
The Manga Artist's Guide to Digital Color & Lighting...,"Date, Naoto",Paperback,1,Arts & Photography,http://www.periplus.com/p/9784805318881/the-manga-artist-s-guide-to-digital-color-and-lighting-learn-to-use-light-color-and-shadows-to-achieve-professional-results?path=1_11,222600.0,318000.0,30.0,9784805318881.0,Tuttle Publishing,-,144.0,English,0.59,0
Impressionism 1860-1910,La Grande Parade,Paperback,1,Arts & Photography,http://www.periplus.com/p/9783741900563/impressionism-1860-1910?path=1_11,365000.0,365000.0,0.0,9783741900563.0,Koenemann,01 January 2025,0.0,English,0.5,0
Studio Ghibli: Architecture in Animation,Studio Ghibli,Hardcover,0,Arts & Photography,http://www.periplus.com/p/9781974740864/studio-ghibli-architecture-in-animation?path=1_11,724000.0,724000.0,0.0,9781974740864.0,Viz Media,-,192.0,English,1.27,0
Michelangelo,Ruth Dangelmaier,Paperback,0,Arts & Photography,http://www.periplus.com/p/9783741939501/michelangelo?path=1_11,185000.0,185000.0,0.0,9783741939501.0,Koenemann,01 January 2024,192.0,English,0.5,0
Blueprints,"Sautoy, Marcus du",Paperback,1,Arts & Photography,http://www.periplus.com/p/9780008685003/blueprints?path=1_11,319200.0,399000.0,20.0,9780008685003.0,HarperCollins Publishers,08 May 2025,0.0,English,0.48,0
A Step-By-Step Guide to Botanical Drawing & Painting...,"Kobayashi, Hidenari",Paperback,1,Arts & Photography,http://www.periplus.com/p/9780804856393/a-step-by-step-guide-to-botanical-drawing-and-painting-create-realistic-pencil-and-watercolor-illustrations-of-flowers-fruits-plants-and-more-with?path=1_11,233100.0,298000.0,22.0,9780804856393.0,Tuttle Publishing,-,128.0,English,0.56,0
A Book of Days : The New York Times bestseller,"Smith, Patti",Paperback,1,Arts & Photography,http://www.periplus.com/p/9781526650993/a-book-of-days-the-new-york-times-bestseller?path=1_11,233100.0,333000.0,30.0,9781526650993.0,Bloomsbury Publishing PLC,25 April 2024,400.0,English UK / Other,0.57,0
Vintage Industrial Interiors,by Martinez Alonso (Author),Paperback,1,Arts & Photography,http://www.periplus.com/p/9783741936784/vintage-industrial-interiors?path=1_11,365000.0,365000.0,0.0,9783741936784.0,,01 August 2024,0.0,English,1.62,0
The Midnight Shift : The Korean Bestselling Cult Novel...,"Cheon, Seon-Ran",Paperback,1,Arts & Photography,http://www.periplus.com/p/9781526679826/the-midnight-shift-the-korean-bestselling-cult-novel?path=1_11,325000.0,325000.0,0.0,9781526679826.0,Bloomsbury Publishing PLC,14 August 2025,304.0,English UK / Other,0.32,0
Colour Concepts,"Loske, Alexandra",Hardcover,1,Arts & Photography,http://www.periplus.com/p/9783754401248/colour-concepts?path=1_11,678000.0,678000.0,0.0,9783754401248.0,Taschen GmbH,10 July 2025,512.0,English,1.14,0
How to Create Manga: Drawing Dynamic Hand & Body Movements...,Sideranch,Paperback,1,Arts & Photography,http://www.periplus.com/p/9784805318638/how-to-create-manga-drawing-dynamic-hand-and-body-movements-the-ultimate-bible-for-beginning-artists?path=1_11,278800.0,328000.0,15.0,9784805318638.0,Tuttle Publishing,-,176.0,English,0.7,0
Digital Manga Composition & Perspective: A Guide for...,"Tomono, Rui",Paperback,1,Arts & Photography,http://www.periplus.com/p/9784805317921/digital-manga-composition-and-perspective-a-guide-for-comic-book-artists?path=1_11,138600.0,308000.0,55.0,9784805317921.0,Tuttle Publishing,-,128.0,English,0.61,0
The Complete Book of Origami: A Beginner's Guide to...,-,Paperback,1,Arts & Photography,http://www.periplus.com/p/9784805318775/the-complete-book-of-origami-a-beginner-s-guide-to-the-most-popular-folded-paper-models?path=1_11,270300.0,318000.0,15.0,9784805318775.0,Tuttle Publishing,-,192.0,English,0.59,0
Korean Smiling Tiger Blank Paperback Journal: Blank...,Tuttle Studio,Paperback,1,Arts & Photography,http://www.periplus.com/p/9780804856188/korean-smiling-tiger-blank-paperback-journal-blank-notebook-with-pocket-korean-tiger-minhwa-folk-art-painting?path=1_11,148000.0,198000.0,25.0,9780804856188.0,Tuttle Publishing,-,144.0,English,0.0,0
Hiroshige's One Hundred Famous Views of EDO: The Definitive...,"Marks, Andreas",Hardcover,1,Arts & Photography,http://www.periplus.com/p/9784805317716/hiroshige-s-one-hundred-famous-views-of-edo-the-definitive-collector-s-edition-woodblock-prints?path=1_11,348600.0,598000.0,42.0,9784805317716.0,Tuttle Publishing,-,320.0,English,1.5,0
Modern Japanese Painting Techniques: A Step-By-Step...,"Fukui, Shinichi",Paperback,1,Arts & Photography,http://www.periplus.com/p/9780804859370/modern-japanese-painting-techniques-a-step-by-step-beginner-s-guide-over-21-lessons-and-300-illustrations?path=1_11,128000.0,128000.0,0.0,9780804859370.0,Tuttle Publishing,-,144.0,English,0.73,0
Hermès - The Fashion Icons,"James, Alison",Hardcover,0,Arts & Photography,http://www.periplus.com/p/9781915343482/herm-s-the-fashion-icons?path=1_11,724000.0,724000.0,0.0,9781915343482.0,Sona Books,26 November 2024,144.0,English,0.75,0
Ways of Seeing,"Berger, John",Paperback,1,Arts & Photography,http://www.periplus.com/p/9780141035796/ways-of-seeing?path=1_11,258000.0,258000.0,0.0,9780141035796.0,Penguin Books Ltd,25 September 2008,176.0,English UK / Other,0.12,0
Monet. the Triumph of Impressionism,"Wildenstein, Daniel",Hardcover,1,Arts & Photography,http://www.periplus.com/p/9783836551014/monet-the-triumph-of-impressionism?path=1_11,585000.0,585000.0,0.0,9783836551014.0,Taschen,15 March 2014,616.0,English,0.95,1
"How to Draw Sci-Fi Fantasy Mecha: Spaceships, Airplanes...","Somemori, Kenichi",Paperback,1,Arts & Photography,http://www.periplus.com/p/9784805319468/how-to-draw-sci-fi-fantasy-mecha-spaceships-airplanes-cars-submarines-and-more-over-450-illustrations?path=1_11,222600.0,318000.0,30.0,9784805319468.0,Tuttle Publishing,-,144.0,English,0.57,0
"The Silent Patient : The record-breaking, multimillion...","Michaelides, Alex",Paperback,1,Arts & Photography,http://www.periplus.com/p/9781409181637/the-silent-patient-the-record-breaking-multimillion-copy-sunday-times-bestselling-thriller-and-tiktok-sensation?path=1_11,258000.0,258000.0,0.0,9781409181637.0,Orion Publishing Co,12 December 2019,352.0,English UK / Other,0.25,1
The Artist's Way Toolkit,"Cameron, Julia",Paperback,1,Arts & Photography,http://www.periplus.com/p/9781805222033/the-artist-s-way-toolkit?path=1_11,216000.0,289000.0,25.0,9781805222033.0,Profile Books Ltd,23 January 2025,160.0,English UK / Other,0.17,0
The Rolex Legacy : The history of Rolex through 120...,"Dowling, James",Hardcover,1,Arts & Photography,http://www.periplus.com/p/9781788405966/the-rolex-legacy-the-history-of-rolex-through-120-seminal-and-rare-watches?path=1_11,1380000.0,1380000.0,0.0,9781788405966.0,Octopus Publishing Group,16 October 2025,336.0,English UK / Other,2.35,0
Shibori Indigo Butterflies Paperback Journal: Dotted...,Tuttle Studio,Paperback,1,Arts & Photography,http://www.periplus.com/p/9780804855693/shibori-indigo-butterflies-paperback-journal-dotted-notebook-with-pocket?path=1_11,148000.0,198000.0,25.0,9780804855693.0,Tuttle Publishing,-,144.0,English,0.0,0
Ultimate Taylor Swift Sticker Mosaic Art: 13 Fearless...,"Powell, Logan",Paperback,0,Arts & Photography,http://www.periplus.com/p/9781497206939/ultimate-taylor-swift-sticker-mosaic-art-13-fearless-mosaic-art-designs-and-fun-facts?path=1_11,310000.0,310000.0,0.0,9781497206939.0,Design Originals,-,74.0,English,0.37,0
Asia's Greatest Wildlife Sanctuaries: In Support of...,"Lai, Fanny",Hardcover,1,Arts & Photography,http://www.periplus.com/p/9780804856348/asia-s-greatest-wildlife-sanctuaries-in-support-of-birdlife-international?path=1_11,298000.0,525000.0,43.0,9780804856348.0,Tuttle Publishing,-,320.0,English,1.13,0
Indian Ancient Origins: Stories of People & Civilization...,-,Hardcover,0,Arts & Photography,http://www.periplus.com/p/9781804176177/indian-ancient-origins-stories-of-people-and-civilization?path=1_11,288000.0,288000.0,0.0,9781804176177.0,Flame Tree Collections,-,416.0,English,0.32,0
The Tale of Genji Coloring Book: Thirty Full-Color...,"Shikibu, Lady Murasaki",Paperback,1,Arts & Photography,http://www.periplus.com/p/9784805319819/the-tale-of-genji-coloring-book-thirty-full-color-scenes-from-japan-s-classic-romance?path=1_11,166600.0,238000.0,30.0,9784805319819.0,Tuttle Publishing,-,64.0,English,0.27,0
How to Photograph Absolutely Everything,"Ang, Tom",Hardcover,1,Arts & Photography,http://www.periplus.com/p/9780241719114/how-to-photograph-absolutely-everything?path=1_11,598000.0,598000.0,0.0,9780241719114.0,Dorling Kindersley Ltd,17 April 2025,384.0,English UK / Other,1.35,1
Rudolf Bonnet - beauty remains,Dr. H. de Roever-Bonnet,Hardcover,1,Arts & Photography,http://www.periplus.com/p/9789090374796/rudolf-bonnet-beauty-remains?path=1_11,1225000.0,1225000.0,0.0,9789090374796.0,Zeeuws Veilinghuis,01 November 2023,288.0,English,2.0,0
Photorealistic Colored Pencil Drawing Techniques: ...,Cocomaru,Paperback,1,Arts & Photography,http://www.periplus.com/p/9784805317440/photorealistic-colored-pencil-drawing-techniques-step-by-step-lessons-for-vibrant-realistic-drawings-with-over-700-illustrations?path=1_11,131600.0,298000.0,56.0,9784805317440.0,Tuttle Publishing,-,128.0,English,0.57,0
Dogs of the World: A Gallery of Pups from Purebreds...,"Chin, Lili",Hardcover,0,Arts & Photography,http://www.periplus.com/p/9781984862006/dogs-of-the-world-a-gallery-of-pups-from-purebreds-to-mutts-a-dog-breed-book?path=1_11,455000.0,455000.0,0.0,9781984862006.0,Ten Speed Press,-,288.0,English,0.64,0
"The Gucci Style Principles : Be Inspired, Transform...","Rogers, Hannah",Hardcover,0,Arts & Photography,http://www.periplus.com/p/9781529930573/the-gucci-style-principles-be-inspired-transform-how-you-dress?path=1_11,393000.0,393000.0,0.0,9781529930573.0,Ebury Publishing,10 October 2024,192.0,English UK / Other,0.46,0
They All Came to Barneys: A Personal History of the...,"Pressman, Gene",Hardcover,1,Arts & Photography,http://www.periplus.com/p/9780593654798/they-all-came-to-barneys-a-personal-history-of-the-world-s-greatest-store?path=1_11,279000.0,548000.0,49.0,9780593654798.0,Viking,-,400.0,English,0.64,0
Van Gogh. the Complete Paintings,"Walther, Ingo F.",Hardcover,1,Arts & Photography,http://www.periplus.com/p/9783836557153/van-gogh-the-complete-paintings?path=1_11,652000.0,652000.0,0.0,9783836557153.0,Taschen,15 May 2015,744.0,English,1.13,1
"Origami Monsters & Magic: Scary Creatures, Skeletons...","Sasagawa, Isamu",Paperback,1,Arts & Photography,http://www.periplus.com/p/9784805318782/origami-monsters-and-magic-scary-creatures-skeletons-talismans-weapons-and-treasure-plus-magic-tricks-and-novelties-includes-step-by-step-instru?path=1_11,175000.0,250000.0,30.0,9784805318782.0,Tuttle Publishing,-,128.0,English,0.41,0
Taylor Swift - A Life in Pictures,"McHugh, Carolyn",Hardcover,1,Arts & Photography,http://www.periplus.com/p/9781915343673/taylor-swift-a-life-in-pictures?path=1_11,83300.0,478000.0,83.0,9781915343673.0,Sona Books,15 September 2024,80.0,English,0.7,0
"Fantasy Costumes for Manga, Anime & Cosplay: A Drawing...","Morozumi, Junka",Paperback,1,Arts & Photography,http://www.periplus.com/p/9784805317495/fantasy-costumes-for-manga-anime-and-cosplay-a-drawing-guide-and-sourcebook-with-over-1100-color-illustrations?path=1_11,228000.0,285000.0,20.0,9784805317495.0,Tuttle Publishing,-,160.0,English,0.64,0
The Great When : A Long London Novel,"Moore, Alan",Paperback,1,Arts & Photography,http://www.periplus.com/p/9781526643230/the-great-when-a-long-london-novel?path=1_11,231000.0,308000.0,25.0,9781526643230.0,Bloomsbury Publishing (UK),01 October 2024,336.0,English,0.42,0
Japanese Yokai and Other Supernatural Beings: Authentic...,"Marks, Andreas",Hardcover,1,Arts & Photography,http://www.periplus.com/p/9784805317150/japanese-yokai-and-other-supernatural-beings-authentic-paintings-and-prints-of-100-ghosts-demons-monsters-and-magicians?path=1_11,450000.0,450000.0,0.0,9784805317150.0,Tuttle Publishing,-,240.0,English,1.02,0
"Chainsaw Man, Vol. 9: Bath","Fujimoto, Tatsuki",Paperback,0,Arts & Photography,http://www.periplus.com/p/9781974724048/chainsaw-man-vol-9-bath?path=1_11,248000.0,248000.0,0.0,9781974724048.0,Viz Media,-,192.0,English,0.19,0
The Look,"Obama, Michelle",Hardcover,1,Arts & Photography,http://www.periplus.com/p/9780593800706/the-look?path=1_11,409000.0,828000.0,51.0,9780593800706.0,Crown Publishing Group (NY),-,304.0,English,1.84,0
Gucci - The Fashion Icons,"James, Alison",Hardcover,0,Arts & Photography,http://www.periplus.com/p/9781915343475/gucci-the-fashion-icons?path=1_11,724000.0,724000.0,0.0,9781915343475.0,Sona Books,05 November 2024,144.0,English,0.77,0
Barbie(tm): The World Tour,"Robbie, Margot",Hardcover,0,Arts & Photography,http://www.periplus.com/p/9780789345578/barbie-tm-the-world-tour?path=1_11,1137000.0,1137000.0,0.0,9780789345578.0,Rizzoli International Publications,-,160.0,English,1.38,0
Taylor Swift Style: Fashion Through the Eras,"Chapelle, Sarah",Hardcover,0,Arts & Photography,http://www.periplus.com/p/9781250906151/taylor-swift-style-fashion-through-the-eras?path=1_11,724000.0,724000.0,0.0,9781250906151.0,St. Martin's Griffin,-,352.0,English,1.2,0
Hidden Message Word Search 2,Hinkler Pty Ltd,Paperback,0,Arts & Photography,http://www.periplus.com/p/9781488908347/hidden-message-word-search-2?path=1_11,88000.0,88000.0,0.0,9781488908347.0,Hinkler,-,0.0,English,0.5,0
Dungeons & Dragons Worlds & Realms: Adventures from...,"Lee, Adam",Hardcover,0,Arts & Photography,http://www.periplus.com/p/9780593835500/dungeons-and-dragons-worlds-and-realms-adventures-from-greyhawk-to-faer-n-and-beyond?path=1_11,1034000.0,1034000.0,0.0,9780593835500.0,Ten Speed Press,-,368.0,English,2.02,0
Bulgari,"Taylor, Rachael",Hardcover,0,Arts & Photography,http://www.periplus.com/p/9781800789579/bulgari?path=1_11,367000.0,367000.0,0.0,9781800789579.0,Studio Press,18 March 2025,160.0,English,0.35,0
Korean Woman with Plum Blossoms Lined Hardcover Journal...,Tuttle Studio,Hardcover,1,Arts & Photography,http://www.periplus.com/p/9780804855624/korean-woman-with-plum-blossoms-lined-hardcover-journal-lined-notebook-with-ribbon-bookmark?path=1_11,188000.0,288000.0,35.0,9780804855624.0,Tuttle Publishing,-,144.0,English,0.0,0
100 Japanese Gardens: The Best Gardens to Visit in...,"Mansfield, Stephen",Paperback,1,Arts & Photography,http://www.periplus.com/p/9784805314562/100-japanese-gardens-the-best-gardens-to-visit-in-japan?path=1_11,232000.0,255000.0,9.0,9784805314562.0,Tuttle Publishing,19 March 2019,240.0,English,0.45,0
Korean Dancers Dotted Hardcover Journal: Blank Notebook...,-,Hardcover,1,Arts & Photography,http://www.periplus.com/p/9780804855198/korean-dancers-dotted-hardcover-journal-blank-notebook-with-ribbon-bookmark?path=1_11,188000.0,248000.0,24.0,9780804855198.0,Tuttle Publishing,-,144.0,English,0.7,0
Crochet Cute Dolls with Mix-And-Match Outfits: 66 ...,Miya,Hardcover,1,Arts & Photography,http://www.periplus.com/p/9780804854511/crochet-cute-dolls-with-mix-and-match-outfits-66-adorable-amigurumi-patterns?path=1_11,214200.0,238000.0,10.0,9780804854511.0,Tuttle Publishing,-,96.0,English,0.64,0
The Globemakers : The Curious Story of an Ancient ...,"Bellerby, Peter",Hardcover,0,Arts & Photography,http://www.periplus.com/p/9781526650870/the-globemakers-the-curious-story-of-an-ancient-craft?path=1_11,656000.0,656000.0,0.0,9781526650870.0,Bloomsbury Publishing PLC,14 September 2023,240.0,English UK / Other,0.95,0
Little Book of Dolce & Gabbana: The Story of the Iconic...,"Bumpus, Jessica",Hardcover,0,Arts & Photography,http://www.periplus.com/p/9781802797657/little-book-of-dolce-and-gabbana-the-story-of-the-iconic-fashion-house?path=1_11,351000.0,351000.0,0.0,9781802797657.0,Welbeck,-,160.0,English,0.34,0
Ocean Anatomy: The Curious Parts & Pieces of the World...,"Rothman, Julia",Paperback,0,Arts & Photography,http://www.periplus.com/p/9781635861600/ocean-anatomy-the-curious-parts-and-pieces-of-the-world-under-the-sea?path=1_11,393000.0,393000.0,0.0,9781635861600.0,Storey Publishing,28 April 2020,208.0,English,0.59,0
Asia: From the Urals to the Pacific,"Burrows, Victoria",Hardcover,1,Arts & Photography,http://www.periplus.com/p/9781838865184/asia-from-the-urals-to-the-pacific?path=1_11,359000.0,479000.0,25.0,9781838865184.0,Amber Books,-,224.0,English,1.43,0
Japanese Garden Design,"Keane, Marc Peter",Hardcover,1,Arts & Photography,http://www.periplus.com/p/9784805319321/japanese-garden-design?path=1_11,355600.0,508000.0,30.0,9784805319321.0,Tuttle Publishing,-,176.0,English,0.95,0
Graphic Novel Builder: The Illustrated Guide to Making...,-,Paperback,0,Arts & Photography,http://www.periplus.com/p/9780008696047/graphic-novel-builder-the-illustrated-guide-to-making-your-own-comics?path=1_11,434000.0,434000.0,0.0,9780008696047.0,Collins,11 March 2025,160.0,English,0.36,0
Ametora: How Japan Saved American Style,"Marx, W. David",Hardcover,0,Arts & Photography,http://www.periplus.com/p/9781541604339/ametora-how-japan-saved-american-style?path=1_11,620000.0,620000.0,0.0,9781541604339.0,Basic Books,-,304.0,English,0.41,0
Cute Plushies and Mochi Dolls: Sweet Manga-Style Kawaii...,"Teranishi, Eriko",Hardcover,1,Arts & Photography,http://www.periplus.com/p/9780804857871/cute-plushies-and-mochi-dolls-sweet-manga-style-kawaii-characters-to-sew?path=1_11,208600.0,298000.0,30.0,9780804857871.0,Tuttle Publishing,-,112.0,English,0.66,0
Foolproof Sketching & Painting Techniques for Beginners...,"Kuramae, Tomoko",Hardcover,1,Arts & Photography,http://www.periplus.com/p/9780804856225/foolproof-sketching-and-painting-techniques-for-beginners-for-pencil-pen-and-watercolors-with-over-400-illustrations?path=1_11,138600.0,298000.0,53.0,9780804856225.0,Tuttle Publishing,-,96.0,English,0.7,0
"Kawaii Origami Animals: Fold Adorable Paper Cats, ...",Kamikey,Paperback,1,Arts & Photography,http://www.periplus.com/p/9784805319062/kawaii-origami-animals-fold-adorable-paper-cats-dogs-bugs-and-more-75-easy-to-fold-projects?path=1_11,268000.0,268000.0,0.0,9784805319062.0,Tuttle Publishing,-,144.0,English,0.45,0
Extreme Distance Paper Airplanes: New Designs for ...,"Toda, Takuo",Paperback,1,Arts & Photography,http://www.periplus.com/p/9784805318737/extreme-distance-paper-airplanes-new-designs-for-ultra-long-range-flights-includes-32-tear-out-paper-planes?path=1_11,278000.0,278000.0,0.0,9784805318737.0,Tuttle Publishing,-,128.0,English,0.5,0
A Guide to Drawing Manga Fantasy Furries: And Other...,"Sumiyoshi, Ryo",Paperback,1,Arts & Photography,http://www.periplus.com/p/9784805317341/a-guide-to-drawing-manga-fantasy-furries-and-other-anthropomorphic-creatures-over-700-illustrations?path=1_11,108000.0,298000.0,64.0,9784805317341.0,Tuttle Publishing,-,144.0,English,0.61,0
A Beginner's Guide to Sketching Buildings & Landscapes...,"Yamada, Masao",Paperback,1,Arts & Photography,http://www.periplus.com/p/9780804856232/a-beginner-s-guide-to-sketching-buildings-and-landscapes-perspective-and-proportions-for-drawing-architecture-gardens-and-more-with-over-500-illustr?path=1_11,295200.0,328000.0,10.0,9780804856232.0,Tuttle Publishing,-,128.0,English,0.5,0
The World Atlas of Football Stadiums: 1000 Iconic ...,"Gillard, John",Hardcover,1,Arts & Photography,http://www.periplus.com/p/9780789345820/the-world-atlas-of-football-stadiums-1000-iconic-grounds-and-their-stories?path=1_11,569000.0,758000.0,25.0,9780789345820.0,Rizzoli Universe,-,336.0,English,1.26,0
Kinfolk Travel: Slower Ways to See the World,"Burns, John",Hardcover,1,Arts & Photography,http://www.periplus.com/p/9781648290749/kinfolk-travel-slower-ways-to-see-the-world?path=1_11,850000.0,850000.0,0.0,9781648290749.0,Artisan Publishers,-,352.0,English,1.54,0
A Pocket Guide to New Balance,"May, Rob",Hardcover,0,Arts & Photography,http://www.periplus.com/p/9781529444704/a-pocket-guide-to-new-balance?path=1_11,426000.0,426000.0,0.0,9781529444704.0,Laurence King,-,160.0,English,0.39,0
How to Draw Manga Furries: The Complete Guide to Anthropomorphic...,Hitsujirobo,Paperback,1,Arts & Photography,http://www.periplus.com/p/9784805316832/how-to-draw-manga-furries-the-complete-guide-to-anthropomorphic-fantasy-characters-750-illustrations?path=1_11,167300.0,275000.0,39.0,9784805316832.0,Tuttle Publishing,-,144.0,English,0.61,0
Blank Comic Book: Draw Your Own Manga! (84 Blank Pages...,-,Paperback,1,Arts & Photography,http://www.periplus.com/p/9780804855877/blank-comic-book-draw-your-own-manga-84-blank-pages-of-21-different-templates?path=1_11,54600.0,118000.0,54.0,9780804855877.0,Tuttle Publishing,-,96.0,English,0.39,0
Golden Waves Hardcover Journal: Dotted Notebook: With...,Tuttle Studio,Hardcover,1,Arts & Photography,http://www.periplus.com/p/9780804855686/golden-waves-hardcover-journal-dotted-notebook-with-ribbon-bookmark?path=1_11,188000.0,248000.0,24.0,9780804855686.0,Tuttle Publishing,-,144.0,English,0.0,0
The Art of Demon Slayer: Kimetsu No Yaiba,-,Hardcover,0,Arts & Photography,http://www.periplus.com/p/9781974734108/the-art-of-demon-slayer-kimetsu-no-yaiba?path=1_11,525000.0,525000.0,0.0,9781974734108.0,Viz Media,25 April 2023,160.0,English,1.04,0
Threads of Empire,"Armstrong, Dorothy",Paperback,1,Arts & Photography,http://www.periplus.com/p/9781399614238/threads-of-empire?path=1_11,132300.0,379000.0,65.0,9781399614238.0,Orion,27 February 2025,0.0,English,0.48,0
Meditations on Tea: A Coloring Book to Soothe the ...,"Okakura, Kakuzo",Paperback,1,Arts & Photography,http://www.periplus.com/p/9780804850636/meditations-on-tea-a-coloring-book-to-soothe-the-soul?path=1_11,54600.0,78000.0,30.0,9780804850636.0,Tuttle Publishing,17 April 2018,96.0,English,0.43,0
Anime & Manga Digital Coloring Guide: Choose the Colors...,"Sakurai, Teruko",Paperback,1,Arts & Photography,http://www.periplus.com/p/9784805317228/anime-and-manga-digital-coloring-guide-choose-the-colors-that-bring-your-drawings-to-life-with-over-1000-color-combinations?path=1_11,138600.0,298000.0,53.0,9784805317228.0,Tuttle Publishing,-,192.0,English,0.68,0
A Pocket Guide to Nike,"Sims, Josh",Hardcover,1,Arts & Photography,http://www.periplus.com/p/9781529438666/a-pocket-guide-to-nike?path=1_11,199000.0,425000.0,53.0,9781529438666.0,Laurence King,-,160.0,English,0.36,0
Michael S. Smith Classic by Design,"Smith, Michael S.",Hardcover,0,Arts & Photography,http://www.periplus.com/p/9780847830251/michael-s-smith-classic-by-design?path=1_11,1365000.0,1365000.0,0.0,9780847830251.0,Rizzoli International Publications,-,272.0,English,1.88,0
The Jewelry Book,-,Hardcover,1,Arts & Photography,http://www.periplus.com/p/9781838667788/the-jewelry-book?path=1_11,1489000.0,1975000.0,25.0,9781838667788.0,Phaidon Press,-,328.0,English,2.28,0
Strong Female Character,"Brady, Fern",Paperback,0,Arts & Photography,http://www.periplus.com/p/9781914240478/strong-female-character?path=1_11,341000.0,341000.0,0.0,9781914240478.0,Octopus Publishing Group,11 January 2024,288.0,English UK / Other,0.2,0
Paper Quilling for Beginners: A Complete All-In-One...,"Nakatani, Motoko Maggie",Hardcover,1,Arts & Photography,http://www.periplus.com/p/9780804857666/paper-quilling-for-beginners-a-complete-all-in-one-guide-to-creating-paper-flowers-plants-vegetables-and-other-decorative-items?path=1_11,208600.0,298000.0,30.0,9780804857666.0,Tuttle Publishing,-,96.0,English,0.77,0
Colors in Japanese Art: The Use of Color in Japan'...,"Hamada, Nobuyoshi",Hardcover,1,Arts & Photography,http://www.periplus.com/p/9784805318188/colors-in-japanese-art-the-use-of-color-in-japan-s-fine-and-decorative-arts?path=1_11,336000.0,480000.0,30.0,9784805318188.0,Tuttle Publishing,-,208.0,English,1.34,0
Caraval,"Garber, Stephanie",Paperback,1,Arts & Photography,http://www.periplus.com/p/9781250095268/caraval?path=1_11,240000.0,240000.0,0.0,9781250095268.0,Flatiron Books,01 May 2018,448.0,English,0.39,3
Beyond the Story: 10-Year Record of Bts,Bts,Hardcover,0,Arts & Photography,http://www.periplus.com/p/9781250326751/beyond-the-story-10-year-record-of-bts?path=1_11,931000.0,931000.0,0.0,9781250326751.0,Flatiron Books,-,544.0,English,1.0,0
Monet: The Pop-Up Book,-,Hardcover,0,Arts & Photography,http://www.periplus.com/p/9783791377476/monet-the-pop-up-book?path=1_11,579000.0,579000.0,0.0,9783791377476.0,Prestel Publishing,-,10.0,English,0.59,0
Traditional Colors of Japan: Japanese Color Harmony...,"Sakurai, Teruko",Paperback,1,Arts & Photography,http://www.periplus.com/p/9784805316412/traditional-colors-of-japan-japanese-color-harmony-dictionary-the-complete-guide-for-designers-and-graphic-artists-over-2-750-color-combinations-an?path=1_11,131600.0,298000.0,56.0,9784805316412.0,Tuttle Publishing,-,288.0,English,0.64,1
"Batik, Traditional Textiles of Indonesia: From the...","Smend, Rudolf",Hardcover,0,Arts & Photography,http://www.periplus.com/p/9780804846431/batik-traditional-textiles-of-indonesia-from-the-rudolf-smend-and-donald-harper-collections?path=1_11,619000.0,619000.0,0.0,9780804846431.0,Tuttle Publishing,02 February 2016,176.0,English,1.32,0
Dawn of the Firebird,"Rana, Sarah Mughal",Paperback,1,Arts & Photography,http://www.periplus.com/p/9781526674388/dawn-of-the-firebird?path=1_11,198000.0,368000.0,46.0,9781526674388.0,Bloomsbury Publishing (UK),04 December 2025,480.0,English,0.58,0
The Letters of Vincent Van Gogh,"Van Gogh, Vincent",Paperback,0,Arts & Photography,http://www.periplus.com/p/9780140446746/the-letters-of-vincent-van-gogh?path=1_11,310000.0,414000.0,25.0,9780140446746.0,Penguin Classics,01 March 1998,560.0,English,0.39,0
Modern Colors of Japan: Japanese Color Harmony Dictionary...,"Sakurai, Teruko",Paperback,1,Arts & Photography,http://www.periplus.com/p/9784805316405/modern-colors-of-japan-japanese-color-harmony-dictionary-the-complete-guide-for-designers-and-graphic-artists-over-3-300-color-combinations-and-pat?path=1_11,131600.0,290000.0,55.0,9784805316405.0,Tuttle Publishing,-,304.0,English,0.66,0
Panini Legends: A Celebration of the World's Greatest...,"Lansdowne, Greg",Hardcover,0,Arts & Photography,http://www.periplus.com/p/9781399412339/panini-legends-a-celebration-of-the-world-s-greatest-football-stickers?path=1_11,496000.0,496000.0,0.0,9781399412339.0,Bloomsbury Sport,10 December 2024,240.0,English,0.91,0
The Story of Art,"Gombrich, Eh",Paperback,0,Arts & Photography,http://www.periplus.com/p/9780714832470/the-story-of-art?path=1_11,1033000.0,1033000.0,0.0,9780714832470.0,Phaidon Press,09 September 1995,688.0,English,1.66,0
Spider-Man: Into the Spider-Verse -The Art of the ...,"Zahed, Ramin",Hardcover,0,Arts & Photography,http://www.periplus.com/p/9781785659461/spider-man-into-the-spider-verse-the-art-of-the-movie?path=1_11,930000.0,930000.0,0.0,9781785659461.0,Titan Books (UK),18 December 2018,204.0,English,1.81,0
Absolutely Chanel,"Örmen, Catherine",Hardcover,0,Arts & Photography,http://www.periplus.com/p/9781529438239/absolutely-chanel?path=1_11,1344000.0,1344000.0,0.0,9781529438239.0,Laurence King,-,128.0,English,1.84,0
Once Upon a Broken Heart,"Garber, Stephanie",Hardcover,0,Arts & Photography,http://www.periplus.com/p/9781250268396/once-upon-a-broken-heart?path=1_11,434000.0,434000.0,0.0,9781250268396.0,Flatiron Books,-,416.0,English,0.61,0
Jujutsu Kaisen: The Official Anime Guide: Season 1...,"Akutami, Gege",Paperback,0,Arts & Photography,http://www.periplus.com/p/9781974740819/jujutsu-kaisen-the-official-anime-guide-season-1?path=1_11,372000.0,372000.0,0.0,9781974740819.0,Viz Media,-,168.0,English,0.52,0
The Animation Atlas: The Ghibliotheque Guide to the...,"Cunningham, Jake",Hardcover,1,Arts & Photography,http://www.periplus.com/p/9781035427291/the-animation-atlas-the-ghibliotheque-guide-to-the-world-of-animated-film?path=1_11,279300.0,528000.0,47.0,9781035427291.0,Welbeck,-,192.0,English,0.82,0
"Create Kemonomimi Characters for Cosplay, Anime & ...",Shugao,Paperback,1,Arts & Photography,http://www.periplus.com/p/9784805317693/create-kemonomimi-characters-for-cosplay-anime-and-manga-furries-with-realistic-animal-features-and-matching-fashions-with-over-600-illustrations?path=1_11,118000.0,285000.0,59.0,9784805317693.0,Tuttle Publishing,-,144.0,English,0.45,0
Little Book of Seoul Style: The Fashion Story of the...,"Pineda-Kim, Dianne",Hardcover,0,Arts & Photography,http://www.periplus.com/p/9781802797800/little-book-of-seoul-style-the-fashion-story-of-the-iconic-city?path=1_11,351000.0,351000.0,0.0,9781802797800.0,Welbeck,-,160.0,English,0.32,1
Little Book of Japan,"Anderson, Charlotte",Hardcover,1,Arts & Photography,http://www.periplus.com/p/9784805312131/little-book-of-japan?path=1_11,166000.0,270000.0,39.0,9784805312131.0,Tuttle Publishing,10 September 2013,192.0,English,0.5,4
Japanese Knitting Stitch Bible: 260 Exquisite Patterns...,"Shida, Hitomi",Paperback,1,Arts & Photography,http://www.periplus.com/p/9784805314531/japanese-knitting-stitch-bible-260-exquisite-patterns-by-hitomi-shida?path=1_11,187600.0,268000.0,30.0,9784805314531.0,Tuttle Publishing,10 October 2017,160.0,English,0.84,1
The Impressionists Handbook: The Greatest Works and...,"Katz, Robert",Paperback,0,Arts & Photography,http://www.periplus.com/p/9781846816529/the-impressionists-handbook-the-greatest-works-and-the-world-that-inspired-them?path=1_11,210000.0,210000.0,0.0,9781846816529.0,Southwater Publishing,07 May 2019,256.0,English,0.64,0
Tokyo Megacity,-,Hardcover,1,Arts & Photography,http://www.periplus.com/p/9784805315569/tokyo-megacity?path=1_11,348000.0,348000.0,0.0,9784805315569.0,Tuttle Publishing,24 March 2020,176.0,English,0.98,0
100 Paintings from the Collections of the National...,"Taylor, David",Hardcover,0,Arts & Photography,http://www.periplus.com/p/9780707804606/100-paintings-from-the-collections-of-the-national-trust?path=1_11,262000.0,262000.0,0.0,9780707804606.0,National Trust,02 September 2021,224.0,English UK / Other,0.59,0
Draw Amazing Manga Characters: A Drawing Exercise ...,Akariko,Paperback,1,Arts & Photography,http://www.periplus.com/p/9784805316771/draw-amazing-manga-characters-a-drawing-exercise-book-for-beginners-learn-the-secrets-of-japanese-illustrators-learn-81-poses-over-850-illustrati?path=1_11,167300.0,268000.0,38.0,9784805316771.0,Tuttle Publishing,-,224.0,English,0.73,0
Hiroshige Snow on MT Haruna Hardcover Journal: Dotted...,Tuttle Studio,Hardcover,1,Arts & Photography,http://www.periplus.com/p/9780804855709/hiroshige-snow-on-mt-haruna-hardcover-journal-dotted-notebk-with-ribbon-bookmark?path=1_11,188000.0,248000.0,24.0,9780804855709.0,Tuttle Publishing,-,144.0,English,0.0,0
Fantasy Characters & Creatures: An Artist's Sourcebook...,"Matsuura, Satoshi",Paperback,1,Arts & Photography,http://www.periplus.com/p/9784805317945/fantasy-characters-and-creatures-an-artist-s-sourcebook-whimsical-beasts-anthropomorphic-monsters-and-more-with-over-600-illustrations?path=1_11,298000.0,298000.0,0.0,9784805317945.0,Tuttle Publishing,-,144.0,English,0.73,0
Van Gogh: The Pop-Up Book,"Carter, David",Hardcover,0,Arts & Photography,http://www.periplus.com/p/9783791391564/van-gogh-the-pop-up-book?path=1_11,578000.0,578000.0,0.0,9783791391564.0,Prestel Publishing,-,12.0,English,0.64,0
Design as Art,"Munari, Bruno",Paperback,0,Arts & Photography,http://www.periplus.com/p/9780141035819/design-as-art?path=1_11,264000.0,352000.0,25.0,9780141035819.0,Penguin Classics,01 May 2009,224.0,English,0.16,0
Eyes of the Ancestors: The Arts of Island Southeast...,-,Paperback,1,Arts & Photography,http://www.periplus.com/p/9780804851732/eyes-of-the-ancestors-the-arts-of-island-southeast-asia-at-the-dallas-museum-of-art?path=1_11,198000.0,637000.0,69.0,9780804851732.0,Tuttle Publishing,26 March 2019,336.0,English,1.91,0
Monsters,"Dederer, Claire",Paperback,0,Arts & Photography,http://www.periplus.com/p/9781399715072/monsters?path=1_11,341000.0,341000.0,0.0,9781399715072.0,Hodder & Stoughton,23 May 2024,288.0,English UK / Other,0.21,0
A Pocket Guide to Converse,"Bumpus, Jessica",Hardcover,0,Arts & Photography,http://www.periplus.com/p/9781529444407/a-pocket-guide-to-converse?path=1_11,413000.0,413000.0,0.0,9781529444407.0,Laurence King,17 June 2025,160.0,English,0.41,0
Korea Style,"Iwatate, Marcia",Hardcover,1,Arts & Photography,http://www.periplus.com/p/9780804855280/korea-style?path=1_11,262500.0,375000.0,30.0,9780804855280.0,Tuttle Publishing,-,224.0,English,1.16,0
Pro Tips & Techniques for Drawing Animals: Make Lifelike...,"Miyanaga, Michiyo",Paperback,1,Arts & Photography,http://www.periplus.com/p/9780804856119/pro-tips-and-techniques-for-drawing-animals-make-lifelike-drawings-of-63-different-animals-over-650-illustrations?path=1_11,138600.0,298000.0,53.0,9780804856119.0,Tuttle Publishing,-,192.0,English,0.74,0
Draw Your Own Manga: Blank Comic Book (with 21 Different...,-,Paperback,1,Arts & Photography,http://www.periplus.com/p/9780804856607/draw-your-own-manga-blank-comic-book-with-21-different-templates?path=1_11,94500.0,135000.0,30.0,9780804856607.0,Tuttle Publishing,-,96.0,English,0.33,0
Icons of Style - Zendaya: The Story of a Fashion Icon...,"Bateman, Kristen",Hardcover,0,Arts & Photography,http://www.periplus.com/p/9781802798074/icons-of-style-zendaya-the-story-of-a-fashion-icon?path=1_11,393000.0,393000.0,0.0,9781802798074.0,Welbeck,-,224.0,English,0.5,0
Japanese Mingei Folk Crafts: An Illustrated Guide ...,"Okazaki, Manami",Hardcover,1,Arts & Photography,http://www.periplus.com/p/9784805317310/japanese-mingei-folk-crafts-an-illustrated-guide-to-the-folk-arts-and-artisans-of-japan?path=1_11,262500.0,375000.0,30.0,9784805317310.0,Tuttle Publishing,-,160.0,English,0.91,0
Dior - The Fashion Icons,"O'Neill, Michael",Hardcover,0,Arts & Photography,http://www.periplus.com/p/9781915343314/dior-the-fashion-icons?path=1_11,577000.0,577000.0,0.0,9781915343314.0,Sona Books,-,144.0,English,0.75,0
A Life in Shadows: Shadow Theatre in South East Asia...,"Korsovitis, Constantine",Paperback,0,Arts & Photography,http://www.periplus.com/p/9786164510845/a-life-in-shadows-shadow-theatre-in-south-east-asia?path=1_11,755000.0,755000.0,0.0,9786164510845.0,River Books,09 June 2025,202.0,English,1.02,0
Bong Joon Ho: Director's Inspiration,"Joon Ho, Bong",Hardcover,0,Arts & Photography,http://www.periplus.com/p/9781636811802/bong-joon-ho-director-s-inspiration?path=1_11,826000.0,826000.0,0.0,9781636811802.0,Delmonico Books,-,192.0,English,1.06,0
Kinfolk Journeys,"Burns, John",Hardcover,0,Arts & Photography,http://www.periplus.com/p/9781648291913/kinfolk-journeys?path=1_11,931000.0,931000.0,0.0,9781648291913.0,Artisan Publishers,-,256.0,English,1.13,0
A Beginner's Guide to Colored Pencil Drawing: Realistic...,"Watanabe, Yoshiko",Paperback,1,Arts & Photography,http://www.periplus.com/p/9780804856249/a-beginner-s-guide-to-colored-pencil-drawing-realistic-drawings-in-14-easy-lessons-with-over-200-illustrations?path=1_11,208600.0,298000.0,30.0,9780804856249.0,Tuttle Publishing,-,128.0,English,0.54,0
The Ballad of Never After,"Garber, Stephanie",Hardcover,0,Arts & Photography,http://www.periplus.com/p/9781250268426/the-ballad-of-never-after?path=1_11,413000.0,413000.0,0.0,9781250268426.0,Flatiron Books,-,416.0,English,0.59,0
Kew Pocketbooks: Herbs and Spices,-,Hardcover,1,Arts & Photography,http://www.periplus.com/p/9781842467534/kew-pocketbooks-herbs-and-spices?path=1_11,228000.0,228000.0,0.0,9781842467534.0,Royal Botanic Gardens Kew,05 September 2022,96.0,English,0.32,0
An Enchantment of Ravens,"Rogerson, Margaret",Paperback,0,Arts & Photography,http://www.periplus.com/p/9781481497596/an-enchantment-of-ravens?path=1_11,269000.0,269000.0,0.0,9781481497596.0,Margaret K. McElderry Books,25 September 2018,320.0,English,0.27,2
I Will Judge You by Your Bookshelf,"Snider, Grant",Hardcover,0,Arts & Photography,http://www.periplus.com/p/9781419737114/i-will-judge-you-by-your-bookshelf?path=1_11,351000.0,351000.0,0.0,9781419737114.0,Harry N. Abrams,14 April 2020,128.0,English,0.64,1
Kew Pocketbooks: Wildflowers,"Ikin, Ed",Hardcover,0,Arts & Photography,http://www.periplus.com/p/9781842467350/kew-pocketbooks-wildflowers?path=1_11,268000.0,268000.0,0.0,9781842467350.0,Royal Botanic Gardens Kew,01 August 2021,96.0,English,0.29,0
Tattoos: The Untold History of a Modern Art,"Lodder, Matt",Hardcover,0,Arts & Photography,http://www.periplus.com/p/9780300269390/tattoos-the-untold-history-of-a-modern-art?path=1_11,724000.0,724000.0,0.0,9780300269390.0,Yale University Press,-,224.0,English,0.91,0
The World According to Vincent Van Gogh,"Bakker, Nienke",Hardcover,0,Arts & Photography,http://www.periplus.com/p/9780500028728/the-world-according-to-vincent-van-gogh?path=1_11,413000.0,413000.0,0.0,9780500028728.0,Thames & Hudson,28 January 2025,176.0,English,0.36,0
IB Business Management: Internal Assessment The Definitive...,"Ismail, Seba",Paperback,0,Arts & Photography,http://www.periplus.com/p/9781999611583/ib-business-management-internal-assessment-the-definitive-business-management-hl-sl-ia-guide-for-the-international-baccalaureate-ib-diploma?path=1_11,744000.0,744000.0,0.0,9781999611583.0,Zouev Elite Publishing,-,156.0,English,0.39,0
Surfexplore: Discovering New Surfing Locations Worldwide...,"Callahan, John Seaton",Hardcover,0,Arts & Photography,http://www.periplus.com/p/9780764369810/surfexplore-discovering-new-surfing-locations-worldwide?path=1_11,1241000.0,1241000.0,0.0,9780764369810.0,Schiffer Publishing,-,304.0,English,2.09,0
The Art Book: Mini Format,"Editors, Phaidon",Hardcover,1,Arts & Photography,http://www.periplus.com/p/9781837291489/the-art-book-mini-format?path=1_11,300300.0,562000.0,47.0,9781837291489.0,Phaidon Press,-,592.0,English,0.75,0
Creative Perspective for Artists and Illustrators,"Watson, Ernest W.",Paperback,0,Arts & Photography,http://www.periplus.com/p/9780486273372/creative-perspective-for-artists-and-illustrators?path=1_11,309000.0,309000.0,0.0,9780486273372.0,Dover Publications,14 January 1993,160.0,English,0.44,0
Norman Rockwell: 332 Magazine Covers,"Finch, Christopher",Hardcover,0,Arts & Photography,http://www.periplus.com/p/9780789204097/norman-rockwell-332-magazine-covers?path=1_11,268000.0,268000.0,0.0,9780789204097.0,Abbeville Press,01 October 1997,384.0,English,0.34,0
Little Book of Hermès: The Story of the Iconic Fashion...,"Homer, Karen",Hardcover,0,Arts & Photography,http://www.periplus.com/p/9781802790115/little-book-of-herm-s-the-story-of-the-iconic-fashion-house?path=1_11,351000.0,351000.0,0.0,9781802790115.0,Welbeck,-,160.0,English,0.34,0
Learn to Draw Exciting Anime & Manga Characters: Lessons...,Sideranch,Paperback,1,Arts & Photography,http://www.periplus.com/p/9784805317167/learn-to-draw-exciting-anime-and-manga-characters-lessons-from-100-professional-japanese-illustrators-with-over-600-illustrations-to-improve-your-digi?path=1_11,328000.0,328000.0,0.0,9784805317167.0,Tuttle Publishing,-,216.0,English,0.61,0
Little Book of Milan Style: The Fashion History of...,"Graves, Laia Farran",Hardcover,0,Arts & Photography,http://www.periplus.com/p/9781802797831/little-book-of-milan-style-the-fashion-history-of-the-iconic-city?path=1_11,351000.0,351000.0,0.0,9781802797831.0,Welbeck,-,160.0,English,0.32,0
Fluid: A Fashion Revolution,"Reed, Harris",Hardcover,0,Arts & Photography,http://www.periplus.com/p/9781419767586/fluid-a-fashion-revolution?path=1_11,931000.0,931000.0,0.0,9781419767586.0,Abrams Books,-,240.0,English,1.22,0
Little Book of Tom Ford: The Story of the Iconic Brand...,"Bateman, Kristen",Hardcover,0,Arts & Photography,http://www.periplus.com/p/9781802796483/little-book-of-tom-ford-the-story-of-the-iconic-brand?path=1_11,351000.0,351000.0,0.0,9781802796483.0,Welbeck,-,160.0,English,0.29,0
Peter Moore: Sneaker Legend: The Designer Who Revolutionized...,"Coles, Jason",Hardcover,0,Arts & Photography,http://www.periplus.com/p/9780847835430/peter-moore-sneaker-legend-the-designer-who-revolutionized-nike-and-adidas?path=1_11,1551000.0,1551000.0,0.0,9780847835430.0,Rizzoli International Publications,-,304.0,English,1.84,0
Daisy Haites,"Hastings, Jessa",Paperback,0,Arts & Photography,http://www.periplus.com/p/9781398717213/daisy-haites?path=1_11,393000.0,393000.0,0.0,9781398717213.0,Orion Publishing Co,15 December 2022,432.0,English UK / Other,0.54,0
Color and Light: A Guide for the Realist Painter Volume...,"Gurney, James",Paperback,0,Arts & Photography,http://www.periplus.com/p/9780740797712/color-and-light-a-guide-for-the-realist-painter-volume-2?path=1_11,465000.0,620000.0,25.0,9780740797712.0,Andrews McMeel Publishing,30 November 2010,224.0,English,0.91,1
The NASA Archives. 45th Ed.,"Bizony, Piers",Hardcover,0,Arts & Photography,http://www.periplus.com/p/9783836588089/the-nasa-archives-45th-ed?path=1_11,724000.0,724000.0,0.0,9783836588089.0,Taschen,22 December 2022,512.0,English,1.13,0
Once Upon a Broken Heart,"Garber, Stephanie",Paperback,0,Arts & Photography,http://www.periplus.com/p/9781250268402/once-upon-a-broken-heart?path=1_11,201000.0,269000.0,25.0,9781250268402.0,Flatiron Books,-,432.0,English,0.39,0
The Cat Who Taught Zen :,"Norbury, James",Hardcover,0,Arts & Photography,http://www.periplus.com/p/9780241640159/the-cat-who-taught-zen?path=1_11,498000.0,498000.0,0.0,9780241640159.0,Penguin Books Ltd,28 September 2023,176.0,English UK / Other,0.66,0
The Politics of Design: A (Not So) Global Design Manual...,"Pater, Ruben",Paperback,0,Arts & Photography,http://www.periplus.com/p/9789063694227/the-politics-of-design-a-not-so-global-design-manual-for-visual-communication?path=1_11,263000.0,351000.0,25.0,9789063694227.0,Bis Publishers,07 July 2016,32.0,English,0.2,0
The Short Story of Art: A Pocket Guide to Key Movements...,-,Paperback,0,Arts & Photography,http://www.periplus.com/p/9781780679686/the-short-story-of-art-a-pocket-guide-to-key-movements-works-themes-and-techniques-art-history-introduction-a-guide-to-art?path=1_11,446000.0,446000.0,0.0,9781780679686.0,Laurence King,02 May 2017,224.0,English,0.54,0
Gustav Klimt. the Complete Paintings,"Natter, Tobias G.",Hardcover,0,Arts & Photography,http://www.periplus.com/p/9783836562904/gustav-klimt-the-complete-paintings?path=1_11,603000.0,603000.0,0.0,9783836562904.0,Taschen,30 March 2018,512.0,English,0.93,1
Ikat Textiles of the Indonesian Archipelago,"Ten Hoopen, Peter",Hardcover,1,Arts & Photography,http://www.periplus.com/p/9789881902474/ikat-textiles-of-the-indonesian-archipelago?path=1_11,1975000.0,2380000.0,17.0,9789881902474.0,Hku Museum and Art Gallery,01 November 2018,600.0,English,3.95,0
Little Book of Dior,"Homer, Karen",Hardcover,0,Arts & Photography,http://www.periplus.com/p/9781787393776/little-book-of-dior?path=1_11,351000.0,351000.0,0.0,9781787393776.0,Welbeck,03 March 2020,160.0,English,0.34,0
Harry Styles: And the Clothes He Wears,"Newman, Terry",Hardcover,0,Arts & Photography,http://www.periplus.com/p/9781788841702/harry-styles-and-the-clothes-he-wears?path=1_11,620000.0,620000.0,0.0,9781788841702.0,Acc Art Books,-,160.0,English,0.92,0
First Person Singular,"Murakami, Haruki",Paperback,0,Arts & Photography,http://www.periplus.com/p/9781529113594/first-person-singular?path=1_11,262000.0,262000.0,0.0,9781529113594.0,Vintage Publishing,05 April 2022,256.0,English,0.19,0
Mystic Islands Oracle: Wisdom from Java and beyond...,by Mira Nurdianti,Paperback,1,Cooking & Food,http://www.periplus.com/p/9781922786210/mystic-islands-oracle-wisdom-from-java-and-beyond-rockpool-oracle?path=1_17,498000.0,498000.0,0.0,9781922786210.0,Rockpool Publishing,13 May 2025,112.0,English,0.36,0
Murdle: Volume 1: 100 Elementary to Impossible Mysteries...,"Karber, G. T.",Paperback,1,Cooking & Food,http://www.periplus.com/p/9781250892317/murdle-volume-1-100-elementary-to-impossible-mysteries-to-solve-using-logic-skill-and-the-power-of-deduction?path=1_17,318000.0,318000.0,0.0,9781250892317.0,St. Martin's Griffin,-,384.0,English,0.41,2
Harry Potter: Hedwig Owl Figurine: With Sound!,Warner Bros Consumer Products Inc,Paperback,1,Cooking & Food,http://www.periplus.com/p/9780762479832/harry-potter-hedwig-owl-figurine-with-sound?path=1_17,295000.0,295000.0,0.0,9780762479832.0,Rp Minis,-,16.0,English,0.18,0
Letters to the Human Race...from the Cat: Feline Frustrations...,"Halls, Vicky",Hardcover,1,Cooking & Food,http://www.periplus.com/p/9781788405546/letters-to-the-human-race-from-the-cat-feline-frustrations-about-inferior-species?path=1_17,325000.0,325000.0,0.0,9781788405546.0,Cassell,19 November 2024,160.0,English,0.2,0
Murdle: Volume 2: 100 Elementary to Impossible Mysteries...,"Karber, G. T.",Paperback,1,Cooking & Food,http://www.periplus.com/p/9781250892324/murdle-volume-2-100-elementary-to-impossible-mysteries-to-solve-using-logic-skill-and-the-power-of-deduction?path=1_17,287000.0,317000.0,9.0,9781250892324.0,St. Martin's Griffin,-,384.0,English,0.38,1
The Future Saints : The new unforgettable romance ...,"Winstead, Ashley",Paperback,1,Cooking & Food,http://www.periplus.com/p/9781035920303/the-future-saints-the-new-unforgettable-romance-from-tiktok-sensation-and-international-bestseller-ashley-winstead?path=1_17,169000.0,218000.0,22.0,9781035920303.0,Bloomsbury Publishing PLC,22 January 2026,384.0,English UK / Other,0.27,0
Meowdle: 75 Feline Crime Puzzles to Solve Using Logic...,"Ayres, Laura Jayne",Paperback,0,Cooking & Food,http://www.periplus.com/p/9781529442007/meowdle-75-feline-crime-puzzles-to-solve-using-logic-skill-and-the-power-of-catnip?path=1_17,288000.0,288000.0,0.0,9781529442007.0,Greenfinch,-,208.0,English,0.1,0
"Hope, Dream, Live!: Daily Hopeful, Positive Thoughts...",Unknown Author,Unknown,1,Cooking & Food,http://www.periplus.com/p/9781846348891/hope-dream-live-daily-hopeful-positive-thoughts-365-great-days?path=1_17,139300.0,258000.0,46.0,9781846348891.0,Helen Exley,26 March 2024,368.0,English,0.36,0
Lego(r) Botanicals: Tiny Wildflower Bouquet,-,Hardcover,1,Cooking & Food,http://www.periplus.com/p/9781464245367/lego-r-botanicals-tiny-wildflower-bouquet?path=1_17,310250.0,365000.0,15.0,9781464245367.0,Sourcebooks,-,32.0,English,0.16,0
How to Tell a Story: The Essential Guide to Memorable...,The Moth,Paperback,1,Cooking & Food,http://www.periplus.com/p/9780593139028/how-to-tell-a-story-the-essential-guide-to-memorable-storytelling-from-the-moth?path=1_17,365000.0,365000.0,0.0,9780593139028.0,Crown Publishing Group (NY),-,352.0,English,0.25,0
Taylor Swift Is Life: A Superfan's Guide to All Things...,"Perricone, Kathleen",Hardcover,1,Cooking & Food,http://www.periplus.com/p/9780760390122/taylor-swift-is-life-a-superfan-s-guide-to-all-things-we-love-about-taylor-swift?path=1_17,34300.0,335000.0,90.0,9780760390122.0,Epic Ink Books,-,160.0,English,0.41,0
"Pandora's Box: How Guts, Guile, and Greed Upended ...","Biskind, Peter",Hardcover,0,Cooking & Food,http://www.periplus.com/p/9780062991669/pandora-s-box-how-guts-guile-and-greed-upended-tv?path=1_17,672000.0,672000.0,0.0,9780062991669.0,William Morrow & Company,-,400.0,English,0.51,0
How to Win at Chess: The Ultimate Guide for Beginners...,"Rozman, Levy",Hardcover,1,Cooking & Food,http://www.periplus.com/p/9781984862075/how-to-win-at-chess-the-ultimate-guide-for-beginners-and-beyond?path=1_17,575000.0,575000.0,0.0,9781984862075.0,Ten Speed Press,-,272.0,English,0.79,0
Past-Life Energy Oracle: A 44-Card Deck and Guidebook...,Sandra Anne Taylor,Paperback,0,Cooking & Food,http://www.periplus.com/p/9781401964306/past-life-energy-oracle-a-44-card-deck-and-guidebook?path=1_17,413000.0,413000.0,0.0,9781401964306.0,Hay House LLC,16 July 2024,136.0,English,0.35,0
Lego(r) Botanicals: Tiny Desert Garden,-,Hardcover,1,Cooking & Food,http://www.periplus.com/p/9781464231353/lego-r-botanicals-tiny-desert-garden?path=1_17,365000.0,365000.0,0.0,9781464231353.0,Sourcebooks,-,32.0,English,0.18,0
I'm Just a Little Guy: How to Escape the Horrors and...,"James, Charlie",Hardcover,1,Cooking & Food,http://www.periplus.com/p/9781683694946/i-m-just-a-little-guy-how-to-escape-the-horrors-and-get-back-to-dillydallying?path=1_17,261000.0,261000.0,0.0,9781683694946.0,Quirk Books,-,128.0,English,0.2,0
The Pocket Sherlock Holmes: Quizzes and Puzzles,Gemini,Hardcover,0,Cooking & Food,http://www.periplus.com/p/9781917082938/the-pocket-sherlock-holmes-quizzes-and-puzzles?path=1_17,206000.0,206000.0,0.0,9781917082938.0,Gemini Adult,-,128.0,English,0.2,0
Normal Schmormal: My Occasionally Helpful Guide to...,"Blaker, Ashley",Paperback,1,Cooking & Food,http://www.periplus.com/p/9780008558147/normal-schmormal-my-occasionally-helpful-guide-to-parenting-kids-with-special-needs?path=1_17,59000.0,239000.0,75.0,9780008558147.0,HarperCollins,18 July 2024,384.0,English,0.27,0
Harry Potter Golden Snitch Kit (Revised and Upgraded...,"Lemke, Donald",Paperback,1,Cooking & Food,http://www.periplus.com/p/9780762482429/harry-potter-golden-snitch-kit-revised-and-upgraded-revised-edition?path=1_17,258000.0,258000.0,0.0,9780762482429.0,Rp Minis,-,48.0,English,0.08,0
Against Progress,"Zizek, Slavoj",Paperback,0,Cooking & Food,http://www.periplus.com/p/9781350515857/against-progress?path=1_17,309000.0,309000.0,0.0,9781350515857.0,Bloomsbury Academic,09 January 2025,136.0,English,0.16,0
Taylor Swift: Era by Era,"Sullivan, Caroline",Paperback,1,Cooking & Food,http://www.periplus.com/p/9781789296990/taylor-swift-era-by-era?path=1_17,89000.0,349000.0,74.0,9781789296990.0,Michael O'Mara Books Ltd,06 June 2024,256.0,English UK / Other,0.36,0
"The Essential...Taylor Swift: Her Complete, Beautifully...","Young, Caroline",Hardcover,0,Cooking & Food,http://www.periplus.com/p/9781917082006/the-essential-taylor-swift-her-complete-beautifully-illustrated-story?path=1_17,372000.0,372000.0,0.0,9781917082006.0,Gemini Editions,09 July 2024,176.0,English,0.57,0
Bordergrams: 80 Secret Spy Connection Puzzles from...,"Karber, G. T.",Paperback,1,Cooking & Food,http://www.periplus.com/p/9781250382580/bordergrams-80-secret-spy-connection-puzzles-from-the-bestselling-author-of-murdle?path=1_17,312000.0,312000.0,0.0,9781250382580.0,St. Martin's Griffin,-,256.0,English,0.34,0
Only God Can Judge Me: The Many Lives of Tupac Shakur...,"Pearlman, Jeff",Hardcover,0,Cooking & Food,http://www.periplus.com/p/9780063304574/only-god-can-judge-me-the-many-lives-of-tupac-shakur?path=1_17,672000.0,672000.0,0.0,9780063304574.0,Mariner Books,04 December 2025,464.0,English,0.68,0
Studio Ghibli: Architecture in Animation,Studio Ghibli,Hardcover,0,Cooking & Food,http://www.periplus.com/p/9781974740864/studio-ghibli-architecture-in-animation?path=1_17,724000.0,724000.0,0.0,9781974740864.0,Viz Media,-,192.0,English,1.27,0
Faux Suede Puzzles: Word Search,-,Paperback,0,Cooking & Food,http://www.periplus.com/p/9781488967658/faux-suede-puzzles-word-search?path=1_17,310000.0,310000.0,0.0,9781488967658.0,Solve It!,-,160.0,English,0.25,0
Chess Illustrated: The Game of Kings,"Horne, Alastair",Hardcover,1,Cooking & Food,http://www.periplus.com/p/9781838865191/chess-illustrated-the-game-of-kings?path=1_17,430500.0,615000.0,30.0,9781838865191.0,Amber Books,-,160.0,English,1.16,0
Taylor - Icon of our Times,"McHugh, Carolyn",Hardcover,1,Cooking & Food,http://www.periplus.com/p/9781915343833/taylor-icon-of-our-times?path=1_17,48300.0,278000.0,83.0,9781915343833.0,Danann Media Publishing Limited,14 October 2024,160.0,English UK / Other,0.35,0
BOWIELAND,"Carpenter, Peter",Paperback,1,Cooking & Food,http://www.periplus.com/p/9781800961562/bowieland?path=1_17,151200.0,244000.0,38.0,9781800961562.0,Octopus Publishing Group,08 January 2026,352.0,English UK / Other,0.24,0
Brain Games for Adults: Mixed Puzzles and Smart Brainteasers...,"Moore, Gareth",Paperback,1,Cooking & Food,http://www.periplus.com/p/9781789293821/brain-games-for-adults-mixed-puzzles-and-smart-brainteasers-to-challenge-your-iq?path=1_17,185000.0,185000.0,0.0,9781789293821.0,Michael O'Mara Books,01 January 2023,192.0,English,0.18,0
A Book of Days : The New York Times bestseller,"Smith, Patti",Paperback,1,Cooking & Food,http://www.periplus.com/p/9781526650993/a-book-of-days-the-new-york-times-bestseller?path=1_17,233100.0,333000.0,30.0,9781526650993.0,Bloomsbury Publishing PLC,25 April 2024,400.0,English UK / Other,0.57,0
The Worlds of Hayao Miyazaki: The Influences and Inspiration...,"Rapold, Nicolas",Hardcover,1,Cooking & Food,http://www.periplus.com/p/9781836004813/the-worlds-of-hayao-miyazaki-the-influences-and-inspiration-behind-the-iconic-films?path=1_17,625000.0,685000.0,9.0,9781836004813.0,Frances Lincoln,18 September 2025,224.0,English,1.14,0
Bread of Angels: A Memoir US,by Patti Smith,Paperback,0,Cooking & Food,http://www.periplus.com/p/9798217154241/bread-of-angels-a-memoir-us?path=1_17,525000.0,525000.0,0.0,9798217154241.0,PRHUS,04 November 2025,288.0,English,0.4,0
Tropical Coral Reef Marine Life - 1000 Piece Jigsaw...,-,Paperback,1,Cooking & Food,http://www.periplus.com/p/9780804854719/tropical-coral-reef-marine-life-1000-piece-jigsaw-puzzle-finished-size-29-in-x-20-inch-74-x-51-cm?path=1_17,198000.0,248000.0,20.0,9780804854719.0,Tuttle Publishing,-,0.0,English,0.68,0
Origami Polyhedra for Beginners: Amazing Geometric...,"Kawamura, Miyuki",Paperback,1,Cooking & Food,http://www.periplus.com/p/9784805318102/origami-polyhedra-for-beginners-amazing-geometric-paper-models-from-a-leading-japanese-expert?path=1_17,157500.0,225000.0,30.0,9784805318102.0,Tuttle Publishing,-,96.0,English,0.41,0
The World of Oscar Wilde 1000 Piece Puzzle: A Jigsaw...,-,Hardcover,0,Cooking & Food,http://www.periplus.com/p/9781399620017/the-world-of-oscar-wilde-1000-piece-puzzle-a-jigsaw-by-adam-simpson?path=1_17,517000.0,517000.0,0.0,9781399620017.0,Laurence King,-,0.0,English,0.79,0
The Creative ACT: A Way of Being,"Rubin, Rick",Hardcover,0,Cooking & Food,http://www.periplus.com/p/9780593652886/the-creative-act-a-way-of-being?path=1_17,662000.0,662000.0,0.0,9780593652886.0,Penguin Press,-,432.0,English,0.61,2
Oppenheimer: The Official Screenplay,"Nolan, Christopher",Paperback,0,Cooking & Food,http://www.periplus.com/p/9780571381319/oppenheimer-the-official-screenplay?path=1_17,371000.0,371000.0,0.0,,,,,,,0
The In-Between in Javanese Performing Arts: History...,Sumarsam,Paperback,1,Cooking & Food,http://www.periplus.com/p/9780819501264/the-in-between-in-javanese-performing-arts-history-and-myth-interculturalism-and-interreligiosity?path=1_17,258300.0,489000.0,47.0,9780819501264.0,Wesleyan University Press,-,288.0,English,0.39,0
Faux Suede Puzzles: Sudoku,-,Paperback,0,Cooking & Food,http://www.periplus.com/p/9781488967672/faux-suede-puzzles-sudoku?path=1_17,310000.0,310000.0,0.0,9781488967672.0,Solve It!,-,160.0,English,0.25,0
Yoga Tarot,"by Massimiliano Filadoro, Adriana Farina",Paperback,0,Cooking & Food,http://www.periplus.com/p/9780738775890/yoga-tarot?path=1_17,578000.0,578000.0,0.0,9780738775890.0,Llewellyn Publication,08 July 2023,0.0,English,1.05,0
It's Complicated: Confessions of Messy Modern Love...,"Found, Philippa",Hardcover,1,Cooking & Food,http://www.periplus.com/p/9780008652609/it-s-complicated-confessions-of-messy-modern-love?path=1_17,209000.0,275000.0,24.0,9780008652609.0,Pavilion Books,04 February 2025,256.0,English,0.22,0
Sound System: The Political Power of Music,"Randall, Dave",Paperback,1,Cooking & Food,http://www.periplus.com/p/9780745351339/sound-system-the-political-power-of-music?path=1_17,294000.0,420000.0,30.0,9780745351339.0,Pluto Press (UK),-,208.0,English,0.18,0
"Action Origami: Paper Toys That Fly, Hop, Twirl, Shake...","Sasagawa, Isamu",Paperback,1,Cooking & Food,http://www.periplus.com/p/9784805319444/action-origami-paper-toys-that-fly-hop-twirl-shake-and-surprise?path=1_17,199500.0,285000.0,30.0,9784805319444.0,Tuttle Publishing,-,144.0,English,0.45,0
Mood Machine,"Pelly, Liz",Paperback,1,Cooking & Food,http://www.periplus.com/p/9781399718851/mood-machine?path=1_17,169000.0,340000.0,50.0,9781399718851.0,Hodder & Stoughton,13 March 2025,0.0,English,0.36,0
Beyond the Story,"Kang, Myeongseok",Hardcover,0,Cooking & Food,http://www.periplus.com/p/9781035031542/beyond-the-story?path=1_17,1050000.0,1050000.0,0.0,9781035031542.0,Pan Macmillan,09 July 2023,544.0,English UK / Other,1.21,0
Asian Rainforest Wildlife - 1000 Piece Jigsaw Puzzle...,Unknown Author,Unknown,1,Cooking & Food,http://www.periplus.com/p/9780804855082/asian-rainforest-wildlife-1000-piece-jigsaw-puzzle-finished-size-29-in-x-20-inch-73-7-x-50-8-cm?path=1_17,198000.0,263000.0,25.0,9780804855082.0,Tuttle Publishing,-,0.0,English,0.0,0
The Joy of Small Things,"Parkinson, Hannah Jane",Paperback,1,Cooking & Food,http://www.periplus.com/p/9781783352364/the-joy-of-small-things?path=1_17,234000.0,234000.0,0.0,9781783352364.0,Faber & Faber,-,256.0,English,0.2,0
The Little Guide to Harry Styles: The New King of ...,Oh,Hardcover,0,Cooking & Food,http://www.periplus.com/p/9781800696198/the-little-guide-to-harry-styles-the-new-king-of-pop?path=1_17,185000.0,185000.0,0.0,9781800696198.0,Oh,-,192.0,English,0.25,0
Bts: A Graphic Biography,"Zambello, Filippo",Hardcover,1,Cooking & Food,http://www.periplus.com/p/9781836001041/bts-a-graphic-biography?path=1_17,34300.0,335000.0,90.0,9781836001041.0,White Lion Publishing,-,128.0,English,0.54,0
The NEW Comedy Bible: The Ultimate Guide to Writing...,"Carter, Judy",Paperback,0,Cooking & Food,http://www.periplus.com/p/9781947480841/the-new-comedy-bible-the-ultimate-guide-to-writing-and-performing-stand-up-comedy?path=1_17,492000.0,492000.0,0.0,9781947480841.0,Indie Books International,07 January 2020,294.0,English,0.44,0
Barbie: The Screenplay,"Gerwig, Greta",Paperback,0,Cooking & Food,http://www.periplus.com/p/9780571390137/barbie-the-screenplay?path=1_17,393000.0,393000.0,0.0,9780571390137.0,Faber & Faber,-,138.0,English,0.29,0
Shake It Up: Delicious Cocktails Inspired by the Music...,Welbeck,Hardcover,1,Cooking & Food,http://www.periplus.com/p/9781035419869/shake-it-up-delicious-cocktails-inspired-by-the-music-of-taylor-swift?path=1_17,55300.0,318000.0,83.0,9781035419869.0,Welbeck,-,176.0,English,0.43,0
For the Swifties: A Puzzle Book Inspired by Taylor...,"Alonzo, Aida",Paperback,0,Cooking & Food,http://www.periplus.com/p/9781408734162/for-the-swifties-a-puzzle-book-inspired-by-taylor-swift-unofficial-version-unofficial-version?path=1_17,413000.0,413000.0,0.0,9781408734162.0,Sphere,14 January 2025,160.0,English,0.18,0
Dress Up Harry: A Harry Styles Paper Doll Book Featuring...,-,Paperback,1,Cooking & Food,http://www.periplus.com/p/9781923049031/dress-up-harry-a-harry-styles-paper-doll-book-featuring-his-most-iconic-looks?path=1_17,29400.0,365000.0,92.0,9781923049031.0,Smith Street Books,30 January 2024,32.0,English,0.22,0
One Fold at a Time Origami: 38 Easy Models for First...,"Jackson, Paul",Paperback,1,Cooking & Food,http://www.periplus.com/p/9784805318997/one-fold-at-a-time-origami-38-easy-models-for-first-time-folders?path=1_17,118000.0,278000.0,58.0,9784805318997.0,Tuttle Publishing,-,128.0,English,0.41,0
Taylor Swift - American Girl,"McHugh, Carolyn",Hardcover,1,Cooking & Food,http://www.periplus.com/p/9781915343024/taylor-swift-american-girl?path=1_17,49000.0,405000.0,88.0,9781915343024.0,Sona Books,02 May 2023,112.0,English,0.64,0
Taylor Swift - A Life in Pictures,"McHugh, Carolyn",Hardcover,1,Cooking & Food,http://www.periplus.com/p/9781915343673/taylor-swift-a-life-in-pictures?path=1_17,83300.0,478000.0,83.0,9781915343673.0,Sona Books,15 September 2024,80.0,English,0.7,0
"Egyptian Sacred Animals Oracle (Egyptian Tarot, 6)",Silvana Alasia,Paperback,0,Cooking & Food,http://www.periplus.com/p/9780738782256/egyptian-sacred-animals-oracle-egyptian-tarot-6?path=1_17,454000.0,454000.0,0.0,9780738782256.0,Llewellyn Publication,08 October 2025,128.0,English,0.29,0
A Sherlock Holmes Escape Book: The Adventure of the...,"Sacker, Ormond",Paperback,0,Cooking & Food,http://www.periplus.com/p/9781781454985/a-sherlock-holmes-escape-book-the-adventure-of-the-train-of-the-dead?path=1_17,248000.0,248000.0,0.0,9781781454985.0,Ammonite Press,14 October 2025,152.0,English,0.28,0
Perfect Pocket Puzzles: Sudoku,"Moore, Gareth",Paperback,1,Cooking & Food,http://www.periplus.com/p/9781789294194/perfect-pocket-puzzles-sudoku?path=1_17,148500.0,165000.0,10.0,9781789294194.0,Michael O'Mara Books,01 November 2022,192.0,English,0.16,0
Einstein Origami Paper Puzzles & Games: 30 Paper Tangrams...,"Chen, Sy",Paperback,1,Cooking & Food,http://www.periplus.com/p/9780804859097/einstein-origami-paper-puzzles-and-games-30-paper-tangrams-mosaics-and-other-brain-teasers?path=1_17,208600.0,298000.0,30.0,9780804859097.0,Tuttle Publishing,-,144.0,English,0.61,0
Healthy Brain Origami: Fold Decorative Paper Models...,"Ohara, Mayumi",Paperback,1,Cooking & Food,http://www.periplus.com/p/9784805318959/healthy-brain-origami-fold-decorative-paper-models-that-boost-mental-acumen-and-keep-your-brain-active-craft-a-happier-healthier-brain?path=1_17,194600.0,278000.0,30.0,9784805318959.0,Tuttle Publishing,-,128.0,English,0.41,0
Taylor Swift: Icon,"Sprinkel, Katy",Paperback,0,Cooking & Food,http://www.periplus.com/p/9781637274866/taylor-swift-icon?path=1_17,309000.0,309000.0,0.0,9781637274866.0,Triumph Books (IL),-,112.0,English,0.41,0
Tokyo by Night - 1000 Piece Jigsaw Puzzle: Tokyo's...,Unknown Author,Unknown,1,Cooking & Food,http://www.periplus.com/p/9780804854702/tokyo-by-night-1000-piece-jigsaw-puzzle-tokyo-s-kabuki-cho-district-at-night-finished-size-24-x-18-inches-61-x-46-cm?path=1_17,288000.0,288000.0,0.0,9780804854702.0,Tuttle Publishing,-,0.0,English,0.54,0
Perfect Pocket Puzzles: Word Searches 2,"Moore, Gareth",Paperback,1,Cooking & Food,http://www.periplus.com/p/9781789296068/perfect-pocket-puzzles-word-searches-2?path=1_17,148500.0,165000.0,10.0,9781789296068.0,Michael O'Mara Books,30 July 2024,192.0,English,0.16,0
Barbie(tm): The World Tour,"Robbie, Margot",Hardcover,0,Cooking & Food,http://www.periplus.com/p/9780789345578/barbie-tm-the-world-tour?path=1_17,1137000.0,1137000.0,0.0,9780789345578.0,Rizzoli International Publications,-,160.0,English,1.38,0
The Little Book of Famous Last Words: Classic Quotes...,Oh,Hardcover,0,Cooking & Food,http://www.periplus.com/p/9781800695658/the-little-book-of-famous-last-words-classic-quotes-and-quips-that-deserve-the-last-word?path=1_17,183000.0,183000.0,0.0,9781800695658.0,Oh,-,192.0,English,0.25,0
Dungeons & Dragons Worlds & Realms: Adventures from...,"Lee, Adam",Hardcover,0,Cooking & Food,http://www.periplus.com/p/9780593835500/dungeons-and-dragons-worlds-and-realms-adventures-from-greyhawk-to-faer-n-and-beyond?path=1_17,1034000.0,1034000.0,0.0,9780593835500.0,Ten Speed Press,-,368.0,English,2.02,0
Perfect Pocket Puzzles: Word Searches,"Moore, Gareth",Paperback,1,Cooking & Food,http://www.periplus.com/p/9781789294200/perfect-pocket-puzzles-word-searches?path=1_17,165000.0,165000.0,0.0,9781789294200.0,Michael O'Mara Books,01 November 2022,192.0,English,0.16,0
The Pocket Anime Movies,Gemini,Hardcover,1,Cooking & Food,http://www.periplus.com/p/9781802472998/the-pocket-anime-movies?path=1_17,104300.0,198000.0,47.0,9781802472998.0,Gemini Adult,-,128.0,English,0.23,0
Kitty Language: An Illustrated Guide to Understanding...,"Chin, Lili",Hardcover,0,Cooking & Food,http://www.periplus.com/p/9781984861986/kitty-language-an-illustrated-guide-to-understanding-your-cat?path=1_17,331000.0,331000.0,0.0,9781984861986.0,Ten Speed Press,-,160.0,English,0.36,0
John & Paul: A Love Story in Songs,"Leslie, Ian",Hardcover,0,Cooking & Food,http://www.periplus.com/p/9781250869548/john-and-paul-a-love-story-in-songs?path=1_17,662000.0,662000.0,0.0,9781250869548.0,Celadon Books,-,448.0,English,0.65,7
Just Kids,"Smith, Patti",Paperback,1,Cooking & Food,http://www.periplus.com/p/9780747568766/just-kids?path=1_17,299000.0,299000.0,0.0,9780747568766.0,Bloomsbury Publishing PLC,04 January 2011,320.0,English UK / Other,0.26,0
Walt Disney's Donald Duck Donald Duck Finds Pirate...,"Barks, Carl",Hardcover,0,Cooking & Food,http://www.periplus.com/p/9798875001130/walt-disney-s-donald-duck-donald-duck-finds-pirate-gold-the-complete-carl-barks-disney-library-vol-1?path=1_17,827000.0,827000.0,0.0,9798875001130.0,Fantagraphics Books,-,240.0,English,0.84,0
Murdle: Volume 3: 100 Elementary to Impossible Mysteries...,"Karber, G. T.",Paperback,0,Cooking & Food,http://www.periplus.com/p/9781250892331/murdle-volume-3-100-elementary-to-impossible-mysteries-to-solve-using-logic-skill-and-the-power-of-deduction?path=1_17,358000.0,358000.0,0.0,9781250892331.0,St. Martin's Griffin,-,384.0,English,0.41,0
Jane Austen Oracle,Lulumineuse,Hardcover,0,Cooking & Food,http://www.periplus.com/p/9781835410646/jane-austen-oracle?path=1_17,517000.0,517000.0,0.0,9781835410646.0,Titan Books (UK),-,48.0,English,0.57,0
The Official Agatha Christie Puzzle Book: Put Your...,"Agatha Christie Ltd, Agatha Christie",Paperback,0,Cooking & Food,http://www.periplus.com/p/9781399627931/the-official-agatha-christie-puzzle-book-put-your-detective-skills-to-the-ultimate-test?path=1_17,455000.0,455000.0,0.0,9781399627931.0,Laurence King,-,240.0,English,0.39,1
Hope,"Parker, Tom",Paperback,0,Cooking & Food,http://www.periplus.com/p/9781788707206/hope?path=1_17,262000.0,262000.0,0.0,9781788707206.0,Bonnier,16 February 2023,304.0,English,0.0,0
Sherlock Holmes Escape Book: Adventure of the Two ...,"Sacker, Ormond",Paperback,0,Cooking & Food,http://www.periplus.com/p/9781781454886/sherlock-holmes-escape-book-adventure-of-the-two-flying-scotsmen?path=1_17,310000.0,310000.0,0.0,9781781454886.0,Ammonite Press,01 April 2025,152.0,English,0.3,0
The Taylor Swift Activity Book: An Unofficial Lovefest...,"Joyce, Nathan",Paperback,0,Cooking & Food,http://www.periplus.com/p/9780008713317/the-taylor-swift-activity-book-an-unofficial-lovefest?path=1_17,310000.0,310000.0,0.0,9780008713317.0,Pavilion Books,15 October 2024,192.0,English,0.15,0
Dress Up Taylor: A Taylor Swift Paper Doll Book Featuring...,-,Paperback,1,Cooking & Food,http://www.periplus.com/p/9781923049765/dress-up-taylor-a-taylor-swift-paper-doll-book-featuring-her-iconic-eras?path=1_17,34300.0,365000.0,91.0,9781923049765.0,Smith Street Books,08 October 2024,32.0,English,0.23,0
Jujutsu Kaisen: The Official Anime Guide: Season 1...,"Akutami, Gege",Paperback,0,Cooking & Food,http://www.periplus.com/p/9781974740819/jujutsu-kaisen-the-official-anime-guide-season-1?path=1_17,372000.0,372000.0,0.0,9781974740819.0,Viz Media,-,168.0,English,0.52,0
The Animation Atlas: The Ghibliotheque Guide to the...,"Cunningham, Jake",Hardcover,1,Cooking & Food,http://www.periplus.com/p/9781035427291/the-animation-atlas-the-ghibliotheque-guide-to-the-world-of-animated-film?path=1_17,279300.0,528000.0,47.0,9781035427291.0,Welbeck,-,192.0,English,0.82,0
Theory of Games and Economic Behavior,"Neumann, John Von",Paperback,0,Cooking & Food,http://www.periplus.com/p/9788401848506/theory-of-games-and-economic-behavior?path=1_17,620000.0,620000.0,0.0,9788401848506.0,Interbooks,-,660.0,English,0.87,2
"The Animator's Survival Kit: A Manual of Methods, ...","Williams, Richard",Paperback,0,Cooking & Food,http://www.periplus.com/p/9780865478978/the-animator-s-survival-kit-a-manual-of-methods-principles-and-formulas-for-classical-computer-games-stop-motion-and-internet-animators?path=1_17,776000.0,776000.0,0.0,9780865478978.0,"Farrar, Straus and Giroux",25 September 2012,392.0,English,1.66,0
Step by Step to Stand-Up Comedy - Revised Edition,"Dean, Greg",Paperback,0,Cooking & Food,http://www.periplus.com/p/9780989735179/step-by-step-to-stand-up-comedy-revised-edition?path=1_17,496000.0,496000.0,0.0,9780989735179.0,Be Funny Inc.,29 August 2018,216.0,English,0.29,0
The Stone Age : Sixty Years of the Rolling Stones,"Jones, Lesley-Ann",Paperback,0,Cooking & Food,http://www.periplus.com/p/9781789465532/the-stone-age-sixty-years-of-the-rolling-stones?path=1_17,288000.0,288000.0,0.0,9781789465532.0,John Blake Publishing Ltd,08 June 2023,400.0,English UK / Other,0.32,0
Geishas and the Floating World - 1000 Piece Jigsaw...,-,Paperback,1,Cooking & Food,http://www.periplus.com/p/9780804854290/geishas-and-the-floating-world-1000-piece-jigsaw-puzzle-finished-size-24-x-18-inches-61-x-46-cm?path=1_17,225000.0,225000.0,0.0,9780804854290.0,Tuttle Publishing,07 July 2021,0.0,English,0.54,0
Jigsaw Puzzle Cherry Blossom Season in Old Tokyo,Unknown Author,Unknown,1,Cooking & Food,http://www.periplus.com/p/9780804854160/jigsaw-puzzle-cherry-blossom-season-in-old-tokyo?path=1_17,288000.0,288000.0,0.0,9780804854160.0,Periplus / Tuttle,13 April 2021,1000.0,English,0.54,0
Ghibliverse: Studio Ghibli Beyond the Films,"Cunningham, Jake",Hardcover,0,Cooking & Food,http://www.periplus.com/p/9781802797367/ghibliverse-studio-ghibli-beyond-the-films?path=1_17,516000.0,516000.0,0.0,9781802797367.0,Welbeck,-,192.0,English,0.73,0
Taylor Swift,"Newkey-Burden, Chas",Paperback,0,Cooking & Food,http://www.periplus.com/p/9780008696320/taylor-swift?path=1_17,288000.0,288000.0,0.0,9780008696320.0,HarperCollins Publishers,28 March 2024,304.0,English UK / Other,0.22,0
Roger Dahl's Comic Japan: Best of Zero Gravity Cartoons...,"Dahl, Roger",Paperback,0,Cooking & Food,http://www.periplus.com/p/9784805313374/roger-dahl-s-comic-japan-best-of-zero-gravity-cartoons-from-the-japan-times-the-lighter-side-of-tokyo-life?path=1_17,254000.0,254000.0,0.0,9784805313374.0,Tuttle Publishing,10 March 2015,168.0,English,0.41,4
"Balinese Dance, Drama & Music: A Beginner's Guide ...","Dibia, I. Wayan",Hardcover,1,Cooking & Food,http://www.periplus.com/p/9780804852760/balinese-dance-drama-and-music-a-beginner-s-guide-to-the-performing-arts-of-bali-bonus-online-content?path=1_17,318000.0,318000.0,0.0,9780804852760.0,Tuttle Publishing,20 June 2023,112.0,English,0.73,0
"Studio Ghibli: 100 Collectible Postcards, Volume 2...",Unknown Author,Unknown,1,Cooking & Food,http://www.periplus.com/p/9781797224503/studio-ghibli-100-collectible-postcards-volume-2-final-frames-from-the-feature-films-1984-2023?path=1_17,516000.0,516000.0,0.0,9781797224503.0,Chronicle Books,-,100.0,English,0.6,0
Taylor Swift,-,Hardcover,0,Cooking & Food,http://www.periplus.com/p/9781958395684/taylor-swift?path=1_17,455000.0,455000.0,0.0,9781958395684.0,Hearst Home,-,144.0,English,0.29,0
When in Rome,"Adams, Sarah",Paperback,0,Cooking & Food,http://www.periplus.com/p/9781472297051/when-in-rome?path=1_17,288000.0,288000.0,0.0,9781472297051.0,Headline Publishing Group,20 September 2022,320.0,English UK / Other,0.23,1
"Autumn Foliage in Kyoto, Japan - 1000 Piece Jigsaw...",-,Hardcover,1,Cooking & Food,http://www.periplus.com/p/9780804854696/autumn-foliage-in-kyoto-japan-1000-piece-jigsaw-puzzle-finished-size-29-x-20-inch-74-x-51-cm?path=1_17,89600.0,328000.0,73.0,9780804854696.0,Tuttle Publishing,-,0.0,English,0.0,0
A Life in Shadows: Shadow Theatre in South East Asia...,"Korsovitis, Constantine",Paperback,0,Cooking & Food,http://www.periplus.com/p/9786164510845/a-life-in-shadows-shadow-theatre-in-south-east-asia?path=1_17,755000.0,755000.0,0.0,9786164510845.0,River Books,09 June 2025,202.0,English,1.02,0
Truly,"Richie, Lionel",Paperback,1,Cooking & Food,http://www.periplus.com/p/9780008752330/truly?path=1_17,209300.0,399000.0,48.0,9780008752330.0,HarperCollins Publishers,30 September 2025,0.0,English,0.66,0
Bong Joon Ho: Director's Inspiration,"Joon Ho, Bong",Hardcover,0,Cooking & Food,http://www.periplus.com/p/9781636811802/bong-joon-ho-director-s-inspiration?path=1_17,826000.0,826000.0,0.0,9781636811802.0,Delmonico Books,-,192.0,English,1.06,0
Bobby Fischer Teaches Chess,"Fischer, Bobby",Paperback,0,Cooking & Food,http://www.periplus.com/p/9780553263152/bobby-fischer-teaches-chess?path=1_17,207000.0,207000.0,0.0,9780553263152.0,Bantam,01 July 1982,352.0,English,0.17,0
Badass Affirmations: The Wit and Wisdom of Wild Women...,"Anderson, Becca",Paperback,0,Cooking & Food,http://www.periplus.com/p/9781633537521/badass-affirmations-the-wit-and-wisdom-of-wild-women-inspirational-quotes-for-women-book-gift-for-women-powerful-affirmations?path=1_17,369000.0,369000.0,0.0,9781633537521.0,Mango,15 May 2018,220.0,English,0.18,0
"The I Wonder Bookstore: (Japanese Books, Book Lover...","Yoshitake, Shinsuke",Hardcover,0,Cooking & Food,http://www.periplus.com/p/9781452176512/the-i-wonder-bookstore-japanese-books-book-lover-gifts-interactive-books-for-kids?path=1_17,392000.0,392000.0,0.0,9781452176512.0,Chronicle Books,12 February 2019,104.0,English,0.3,2
Stay True,"Hsu, Hua",Paperback,0,Cooking & Food,http://www.periplus.com/p/9781035036370/stay-true?path=1_17,288000.0,288000.0,0.0,9781035036370.0,Pan Macmillan,14 September 2023,208.0,English UK / Other,0.15,0
Samurai Warriors in Battle- 1000 Piece Jigsaw Puzzle...,-,Hardcover,1,Cooking & Food,http://www.periplus.com/p/9780804856140/samurai-warriors-in-battle-1000-piece-jigsaw-puzzle-finished-size-29-x-20-inch-74-x-51-cm?path=1_17,108800.0,328000.0,67.0,9780804856140.0,Tuttle Publishing,-,0.0,English,0.0,0
The Golden Future Oracle: A 44-Card Deck and Guidebook...,Diana Cooper,Paperback,0,Cooking & Food,http://www.periplus.com/p/9781837820030/the-golden-future-oracle-a-44-card-deck-and-guidebook?path=1_17,517000.0,517000.0,0.0,9781837820030.0,Hay House UK,19 March 2024,257.0,English,1.05,0
"Storyworthy: Engage, Teach, Persuade, and Change Your...","Dicks, Matthew",Paperback,1,Cooking & Food,http://www.periplus.com/p/9781608685486/storyworthy-engage-teach-persuade-and-change-your-life-through-the-power-of-storytelling?path=1_17,445000.0,465000.0,4.0,9781608685486.0,New World Library,12 June 2018,368.0,English,0.43,0
Logical Chess: Move by Move: Every Move Explained,"Chernev, Irving",Paperback,1,Cooking & Food,http://www.periplus.com/p/9780713484649/logical-chess-move-by-move-every-move-explained?path=1_17,412250.0,485000.0,15.0,9780713484649.0,Batsford,30 June 2003,256.0,English,0.28,0
Ayoade on Top,"Ayoade, Richard",Paperback,0,Cooking & Food,http://www.periplus.com/p/9780571339143/ayoade-on-top?path=1_17,330000.0,330000.0,0.0,9780571339143.0,Faber & Faber,06 October 2020,240.0,English,0.2,0
The Little Guide to Taylor Swift: Words to Shake It...,Oh,Hardcover,0,Cooking & Food,http://www.periplus.com/p/9781800691698/the-little-guide-to-taylor-swift-words-to-shake-it-off?path=1_17,185000.0,185000.0,0.0,9781800691698.0,Oh,15 February 2022,192.0,English,0.25,0
Jigsaw Puzzle Gardens by Bay Singapore,Unknown Author,Unknown,1,Cooking & Food,http://www.periplus.com/p/9780804853163/jigsaw-puzzle-gardens-by-bay-singapore?path=1_17,288000.0,288000.0,0.0,9780804853163.0,Periplus / Tuttle,04 August 2021,0.0,English,0.0,0
The Game Master's Book of Astonishing Random Tables...,"Egloff, Ben",Hardcover,0,Cooking & Food,http://www.periplus.com/p/9781956403251/the-game-master-s-book-of-astonishing-random-tables-300-unique-roll-tables-to-enhance-your-worldbuilding-storytelling-locations-magic-and-more-fo?path=1_17,517000.0,517000.0,0.0,9781956403251.0,Media Lab Books,-,288.0,English,1.1,0
The Science of Interstellar,"Thorne, Kip",Paperback,0,Cooking & Food,http://www.periplus.com/p/9780393351378/the-science-of-interstellar?path=1_17,516000.0,516000.0,0.0,9780393351378.0,W. W. Norton & Company,07 November 2014,336.0,English,0.88,0
Superman: The Art and Making of the Film,"Field, James",Hardcover,0,Cooking & Food,http://www.periplus.com/p/9781419780752/superman-the-art-and-making-of-the-film?path=1_17,1034000.0,1034000.0,0.0,9781419780752.0,Harry N. Abrams,-,176.0,English,1.34,0
Jigsaw Puzzle Moon Viewing in Japan,Unknown Author,Unknown,1,Cooking & Food,http://www.periplus.com/p/9780804854306/jigsaw-puzzle-moon-viewing-in-japan?path=1_17,180000.0,225000.0,20.0,9780804854306.0,Periplus / Tuttle,07 October 2021,1000.0,English,0.0,0
The Little Guide to K-Pop: The Korean Music Wave,Oh,Hardcover,0,Cooking & Food,http://www.periplus.com/p/9781800695757/the-little-guide-to-k-pop-the-korean-music-wave?path=1_17,185000.0,185000.0,0.0,9781800695757.0,Oh,-,192.0,English,0.23,0
Wisdom of the Oracle Pocket Divination Cards: A 52...,Colette Baron-Reid,Paperback,0,Cooking & Food,http://www.periplus.com/p/9781401978228/wisdom-of-the-oracle-pocket-divination-cards-a-52-card-oracle-deck-for-love-happiness-spiritual-growth-and-living-your-purpose?path=1_17,413000.0,413000.0,0.0,9781401978228.0,Hay House LLC,27 August 2024,240.0,English,0.23,0
The Time Traveler's Oracle: A 44-Card Deck and Guidebook...,Denise Linn,Paperback,0,Cooking & Food,http://www.periplus.com/p/9781401972462/the-time-traveler-s-oracle-a-44-card-deck-and-guidebook?path=1_17,517000.0,517000.0,0.0,9781401972462.0,Hay House LLC,21 May 2024,144.0,English,1.05,0
The Physics of Star Wars: The Science Behind a Galaxy...,"Johnson, Patrick",Paperback,0,Cooking & Food,http://www.periplus.com/p/9781507203309/the-physics-of-star-wars-the-science-behind-a-galaxy-far-far-away?path=1_17,372000.0,372000.0,0.0,9781507203309.0,Adams Media Corporation,07 November 2017,256.0,English,0.3,0
"Sorry I'm Late, I Didn't Want to Come: One Introvert...","Pan, Jessica",Paperback,0,Cooking & Food,http://www.periplus.com/p/9781449499235/sorry-i-m-late-i-didn-t-want-to-come-one-introvert-s-year-of-saying-yes?path=1_17,351000.0,351000.0,0.0,9781449499235.0,Andrews McMeel Publishing,28 May 2019,272.0,English,0.36,0
The Basic Laws of Human Stupidity,"Cipolla, Carlo M.",Hardcover,0,Cooking & Food,http://www.periplus.com/p/9780385546478/the-basic-laws-of-human-stupidity?path=1_17,372000.0,372000.0,0.0,9780385546478.0,Doubleday Books,06 April 2021,96.0,English,0.14,0
Disney Frozen Tiny Book,Unknown Author,Unknown,0,Cooking & Food,http://www.periplus.com/p/9781647225711/disney-frozen-tiny-book?path=1_17,207000.0,207000.0,0.0,9781647225711.0,Insight Editions,-,192.0,English,0.02,0
The World of Bridgerton 1000 Piece Puzzle: A 1000-...,-,Hardcover,0,Cooking & Food,http://www.periplus.com/p/9781399615945/the-world-of-bridgerton-1000-piece-puzzle-a-1000-piece-jigsaw-puzzle-with-over-30-characters-to-spot?path=1_17,517000.0,517000.0,0.0,9781399615945.0,Laurence King,-,0.0,English,0.0,0
Walt Disney's Donald Duck Maharajah Donald: The Complete...,"Barks, Carl",Hardcover,0,Cooking & Food,http://www.periplus.com/p/9781683969006/walt-disney-s-donald-duck-maharajah-donald-the-complete-carl-barks-disney-library-vol-4?path=1_17,724000.0,724000.0,0.0,9781683969006.0,Fantagraphics Books,-,224.0,English,0.87,0
Walt Disney's Donald Duck Mystery of the Swamp: The...,"Barks, Carl",Hardcover,0,Cooking & Food,http://www.periplus.com/p/9781683969723/walt-disney-s-donald-duck-mystery-of-the-swamp-the-complete-carl-barks-disney-library-vol-3?path=1_17,724000.0,724000.0,0.0,9781683969723.0,Fantagraphics Books,-,240.0,English,0.93,0
Walt Disney's Donald Duck Frozen Gold: The Complete...,"Barks, Carl",Hardcover,0,Cooking & Food,http://www.periplus.com/p/9781683969884/walt-disney-s-donald-duck-frozen-gold-the-complete-carl-barks-disney-library-vol-2?path=1_17,827000.0,827000.0,0.0,9781683969884.0,Fantagraphics Books,-,240.0,English,0.92,0
Seasons of the Witch: Mabon,"by Lorriane Anderson (Author), Juliet Di",Paperback,0,Cooking & Food,http://www.periplus.com/p/9781922579751/seasons-of-the-witch-mabon?path=1_17,516000.0,516000.0,0.0,9781922579751.0,,12 June 2023,160.0,English,0.37,0
Guides of the Hidden Realms Oracle: A 44-Card Deck...,Colette Baron-Reid,Paperback,0,Cooking & Food,http://www.periplus.com/p/9781401971748/guides-of-the-hidden-realms-oracle-a-44-card-deck-and-guidebook?path=1_17,413000.0,413000.0,0.0,9781401971748.0,Hay House LLC,18 June 2024,128.0,English,0.36,0
Basic Principles of Classical Ballet: Russian Ballet...,"Vaganova, Agrippina",Paperback,0,Cooking & Food,http://www.periplus.com/p/9780486220369/basic-principles-of-classical-ballet-russian-ballet-technique?path=1_17,268000.0,268000.0,0.0,9780486220369.0,Dover Publications,01 June 1969,192.0,English,0.22,0
Let's Spend the Night Together: Backstage Secrets ...,"Des Barres, Pamela",Paperback,0,Cooking & Food,http://www.periplus.com/p/9781556527890/let-s-spend-the-night-together-backstage-secrets-of-rock-muses-and-supergroupies?path=1_17,393000.0,393000.0,0.0,9781556527890.0,Chicago Review Press,01 September 2008,400.0,English,0.53,0
Doll's House,"Ibsen, Henrik",Paperback,0,Cooking & Food,http://www.periplus.com/p/9781566632263/doll-s-house?path=1_17,226000.0,226000.0,0.0,9781566632263.0,Ivan R. Dee Publisher,20 December 1999,128.0,English,0.18,0
Frankie Manning: Ambassador of Lindy Hop,"Manning, Frankie",Paperback,0,Cooking & Food,http://www.periplus.com/p/9781592135646/frankie-manning-ambassador-of-lindy-hop?path=1_17,612000.0,612000.0,0.0,9781592135646.0,Temple University Press,01 September 2008,312.0,English,0.54,0
"Here, There and Everywhere: My Life Recording the ...","Emerick, Geoff",Paperback,0,Cooking & Food,http://www.periplus.com/p/9781592402694/here-there-and-everywhere-my-life-recording-the-music-of-the-beatles?path=1_17,414000.0,414000.0,0.0,9781592402694.0,Avery Publishing Group,01 March 2007,400.0,English,0.32,0
My System: Winning Chess Strategies,"Nimzowitsch, Aron",Paperback,0,Cooking & Food,http://www.periplus.com/p/9781607964520/my-system-winning-chess-strategies?path=1_17,393000.0,393000.0,0.0,9781607964520.0,WWW.Snowballpublishing.com,29 May 2012,272.0,English,0.37,0
Making Movies,"Lumet, Sidney",Paperback,0,Cooking & Food,http://www.periplus.com/p/9780679756606/making-movies?path=1_17,372000.0,372000.0,0.0,9780679756606.0,Vintage,19 March 1996,240.0,English,0.23,0
The Seven Deadly Chess Sins,"Rowson, Jonathan",Paperback,0,Cooking & Food,http://www.periplus.com/p/9781901983364/the-seven-deadly-chess-sins?path=1_17,516000.0,516000.0,0.0,9781901983364.0,Gambit Publications,01 March 2001,208.0,English,0.39,0
"My 60 Memorable Games: Chess Tactics, Chess Strategies...","Fischer, Bobby",Paperback,0,Cooking & Food,http://www.periplus.com/p/9781906388300/my-60-memorable-games-chess-tactics-chess-strategies-with-bobby-fischer?path=1_17,475000.0,475000.0,0.0,9781906388300.0,Batsford,01 April 2009,384.0,English,0.48,0
Framed Ink: Drawing and Composition for Visual Storytellers...,"Mateu-Mestre, Marcos",Paperback,0,Cooking & Food,http://www.periplus.com/p/9781933492957/framed-ink-drawing-and-composition-for-visual-storytellers?path=1_17,578000.0,578000.0,0.0,9781933492957.0,Design Studio Press,31 August 2010,128.0,English,0.66,0
"Practice-Led Research, Research-Led Practice in the...",-,Paperback,0,Cooking & Food,http://www.periplus.com/p/9780748636297/practice-led-research-research-led-practice-in-the-creative-arts?path=1_17,967000.0,967000.0,0.0,9780748636297.0,Edinburgh University Press,30 June 2009,288.0,English,0.5,0
"Mother, Brother, Lover","Cocker, Jarvis",Paperback,0,Cooking & Food,http://www.periplus.com/p/9780571281916/mother-brother-lover?path=1_17,288000.0,288000.0,0.0,9780571281916.0,Faber & Faber,04 October 2012,192.0,English UK / Other,0.16,0
The Telegraph: A History of Morse's Invention and ...,"Coe, Lewis",Paperback,0,Cooking & Food,http://www.periplus.com/p/9780786418084/the-telegraph-a-history-of-morse-s-invention-and-its-predecessors-in-the-united-states?path=1_17,805000.0,805000.0,0.0,9780786418084.0,McFarland & Company,10 December 2003,184.0,English,0.28,0
Richard Wagner,"Millington, Barry",Hardcover,0,Cooking & Food,http://www.periplus.com/p/9780500516430/richard-wagner?path=1_17,655000.0,655000.0,0.0,9780500516430.0,Thames & Hudson Ltd,22 October 2012,320.0,English UK / Other,1.04,0
Everything I Need to Know I Learned from a Little ...,"Muldrow, Diane",Hardcover,0,Cooking & Food,http://www.periplus.com/p/9780307977618/everything-i-need-to-know-i-learned-from-a-little-golden-book-an-inspirational-gift-book?path=1_17,227000.0,227000.0,0.0,9780307977618.0,Golden Books,24 September 2013,96.0,English,0.34,1
Greek Astronomy,"Heath, Sir Thomas L.",Paperback,0,Cooking & Food,http://www.periplus.com/p/9780486266206/greek-astronomy?path=1_17,309000.0,309000.0,0.0,9780486266206.0,Dover Publications,02 November 2011,256.0,English,0.27,0
Modern Chess Openings: MC0-15,"de Firmian, Nick",Paperback,1,Cooking & Food,http://www.periplus.com/p/9780812936827/modern-chess-openings-mc0-15?path=1_17,279300.0,540000.0,48.0,9780812936827.0,Random House Puzzles & Games,08 April 2008,768.0,English,0.98,0
Apollo's Angels: A History of Ballet,"Homans, Jennifer",Paperback,0,Cooking & Food,http://www.periplus.com/p/9780812968743/apollo-s-angels-a-history-of-ballet?path=1_17,476000.0,476000.0,0.0,9780812968743.0,Random House Trade,29 November 2011,720.0,English,0.82,0
Everything I Need to Know about Christmas I Learned...,"Muldrow, Diane",Hardcover,0,Cooking & Food,http://www.periplus.com/p/9780553497359/everything-i-need-to-know-about-christmas-i-learned-from-a-little-golden-book?path=1_17,227000.0,227000.0,0.0,9780553497359.0,Golden Books,09 September 2014,96.0,English,0.34,0
"How to Read a Film: Movies, Media, and Beyond: Art...","Monaco, James",Paperback,0,Cooking & Food,http://www.periplus.com/p/9780195321050/how-to-read-a-film-movies-media-and-beyond-art-technology-language-history-theory?path=1_17,703000.0,703000.0,0.0,9780195321050.0,Oxford University Press,08 May 2009,736.0,English,1.07,0
Mind Over Matter: The Images of Pink Floyd,"Thorgerson, Storm",Hardcover,0,Cooking & Food,http://www.periplus.com/p/9781783056217/mind-over-matter-the-images-of-pink-floyd?path=1_17,1034000.0,1034000.0,0.0,9781783056217.0,Omnibus Press,01 January 2015,296.0,English,2.25,0
Homo Ludens: A Study of the Play-Element in Culture...,"Huizinga, Johan",Paperback,0,Cooking & Food,http://www.periplus.com/p/9781614277064/homo-ludens-a-study-of-the-play-element-in-culture?path=1_17,229000.0,229000.0,0.0,9781614277064.0,Martino Fine Books,23 September 2014,234.0,English,0.35,0
How To Win The Lottery With The Law Of Attraction: ...,"Coronado, Eddie",Paperback,0,Cooking & Food,http://www.periplus.com/p/9781502379160/how-to-win-the-lottery-with-the-law-of-attraction-four-lottery-winners-share-their-manifestation-techniques?path=1_17,173000.0,173000.0,0.0,9781502379160.0,Createspace Independent Publishing Platform,10 September 2014,76.0,English,0.11,0
Nichijou 1,"Arawi, Keiichi",Paperback,0,Cooking & Food,http://www.periplus.com/p/9781942993308/nichijou-1?path=1_17,226000.0,226000.0,0.0,9781942993308.0,Vertical Comics,29 March 2016,200.0,English,0.18,0
Posh Adult Coloring Book: Thomas Kinkade Designs for...,"Kinkade, Thomas",Paperback,0,Cooking & Food,http://www.periplus.com/p/9781449478872/posh-adult-coloring-book-thomas-kinkade-designs-for-inspiration-and-relaxation?path=1_17,310000.0,310000.0,0.0,9781449478872.0,Andrews McMeel Publishing,03 May 2016,128.0,English,0.36,0
The Art of Castle in the Sky,"Miyazaki, Hayao",Hardcover,0,Cooking & Food,http://www.periplus.com/p/9781421582726/the-art-of-castle-in-the-sky?path=1_17,724000.0,724000.0,0.0,9781421582726.0,Viz Media,18 October 2016,194.0,English,1.18,0
Disney/Pixar the Art of Coco: (Pixar Fan Animation...,-,Hardcover,0,Cooking & Food,http://www.periplus.com/p/9781452156439/disney-pixar-the-art-of-coco-pixar-fan-animation-book-pixar-s-coco-concept-art-book?path=1_17,879000.0,879000.0,0.0,9781452156439.0,Chronicle Books,10 October 2017,160.0,English,1.2,0
The Peanuts Guide to Christmas,"Schulz, Charles M.",Hardcover,0,Cooking & Food,http://www.periplus.com/p/9780762491490/the-peanuts-guide-to-christmas?path=1_17,248000.0,248000.0,0.0,9780762491490.0,Running Press Adult,17 October 2017,80.0,English,0.18,0
We Have No Idea: We Have No Idea: A Guide to the Unknown...,"Cham, Jorge",Paperback,0,Cooking & Food,http://www.periplus.com/p/9780735211520/we-have-no-idea-we-have-no-idea-a-guide-to-the-unknown-universe?path=1_17,372000.0,372000.0,0.0,9780735211520.0,Penguin Adult Hc/Tr,08 May 2018,368.0,English,0.34,0
Chess Fundamentals,"Capablanca, Jose",Paperback,0,Cooking & Food,http://www.periplus.com/p/9780999319451/chess-fundamentals?path=1_17,393000.0,393000.0,0.0,9780999319451.0,Sde Publishing,19 June 2018,140.0,English,0.2,0
The Ride of a Lifetime: Lessons Learned from 15 Years...,"Iger, Robert",Hardcover,0,Cooking & Food,http://www.periplus.com/p/9780399592096/the-ride-of-a-lifetime-lessons-learned-from-15-years-as-ceo-of-the-walt-disney-company?path=1_17,620000.0,620000.0,0.0,9780399592096.0,Random House,23 September 2019,272.0,English,0.53,0
The Visual MBA: Two Years of Business School Packed...,"Barron, Jason",Paperback,1,Cooking & Food,http://www.periplus.com/p/9780358343646/the-visual-mba-two-years-of-business-school-packed-into-one-priceless-book-of-pure-awesomeness?path=1_17,368000.0,368000.0,0.0,9780358343646.0,Harper Business,07 April 2020,208.0,English,0.36,0
Who Ate the First Oyster?: The Extraordinary People...,"Cassidy, Cody",Paperback,0,Cooking & Food,http://www.periplus.com/p/9780143132752/who-ate-the-first-oyster-the-extraordinary-people-behind-the-greatest-firsts-in-history?path=1_17,372000.0,372000.0,0.0,9780143132752.0,Penguin Books,05 May 2020,240.0,English,0.25,0
What Cats Want: An Illustrated Guide for Truly Understanding...,"Hattori, Yuki",Hardcover,0,Cooking & Food,http://www.periplus.com/p/9781526623065/what-cats-want-an-illustrated-guide-for-truly-understanding-your-cat?path=1_17,414000.0,414000.0,0.0,9781526623065.0,Bloomsbury Publishing,24 November 2020,160.0,English,0.45,0
"Tal, Petrosian, Spassky and Korchnoi: A Chess Multibiography...","Soltis, Andrew",Paperback,0,Cooking & Food,http://www.periplus.com/p/9781476683645/tal-petrosian-spassky-and-korchnoi-a-chess-multibiography-with-207-games?path=1_17,1748000.0,1748000.0,0.0,9781476683645.0,McFarland & Company,04 June 2020,394.0,English,0.7,0
Harry Potter: A Pop-Up Guide to Diagon Alley and Beyond...,"Reinhart, Matthew",Hardcover,0,Cooking & Food,http://www.periplus.com/p/9781683839187/harry-potter-a-pop-up-guide-to-diagon-alley-and-beyond?path=1_17,1551000.0,1551000.0,0.0,9781683839187.0,Insight Editions,-,10.0,English,1.16,0
Science Fiction,"Vint, Sherryl",Paperback,0,Cooking & Food,http://www.periplus.com/p/9780262539999/science-fiction?path=1_17,330000.0,330000.0,0.0,9780262539999.0,MIT Press,-,218.0,English,0.2,0
Nöthin' But a Good Time: The Uncensored History of...,"Beaujour, Tom",Paperback,0,Cooking & Food,http://www.periplus.com/p/9781250830074/n-thin-but-a-good-time-the-uncensored-history-of-the-80s-hard-rock-explosion?path=1_17,455000.0,455000.0,0.0,9781250830074.0,St. Martin's Griffin,-,560.0,English,0.48,0
The Silicon Road to Chess Improvement: Chess Engine...,"Sadler, Matthew",Paperback,0,Cooking & Food,http://www.periplus.com/p/9789056919832/the-silicon-road-to-chess-improvement-chess-engine-training-methods-opening-strategies-and-middlegame-techniques?path=1_17,619000.0,619000.0,0.0,9789056919832.0,New in Chess,-,496.0,English,1.04,0
Overlord: The Complete Anime Artbook II III: Volume...,-,Paperback,0,Cooking & Food,http://www.periplus.com/p/9781975314354/overlord-the-complete-anime-artbook-ii-iii-volume-2?path=1_17,827000.0,827000.0,0.0,9781975314354.0,Yen Press,-,272.0,English,1.04,0
Kid a Mnesia: A Book of Radiohead Artwork,"Yorke, Thom",Hardcover,0,Cooking & Food,http://www.periplus.com/p/9781838857370/kid-a-mnesia-a-book-of-radiohead-artwork?path=1_17,1034000.0,1034000.0,0.0,9781838857370.0,Canongate Books,-,364.0,English,1.63,0
"Jigsaw Puzzle Gyeongbok Palace, Seoul",Unknown Author,Unknown,1,Cooking & Food,http://www.periplus.com/p/9780804854474/jigsaw-puzzle-gyeongbok-palace-seoul?path=1_17,75600.0,225000.0,66.0,9780804854474.0,Periplus / Tuttle,08 October 2021,0.0,English,0.0,0
Jazz Piano Fundamentals (Book 1),"Siskind, Jeremy",Paperback,0,Cooking & Food,http://www.periplus.com/p/9781735169538/jazz-piano-fundamentals-book-1?path=1_17,492000.0,492000.0,0.0,9781735169538.0,Jeremy Siskind,-,202.0,English,0.48,0
My Mess Is a Bit of a Life: Adventures in Anxiety,"Pritchett, Georgia",Paperback,0,Cooking & Food,http://www.periplus.com/p/9780063206380/my-mess-is-a-bit-of-a-life-adventures-in-anxiety?path=1_17,472000.0,472000.0,0.0,9780063206380.0,HarperOne,-,288.0,English,0.21,0
Mom Tell Me Your Life Story: A Guided Journal Filled...,"Lee, Jean",Paperback,0,Cooking & Food,http://www.periplus.com/p/9781088027950/mom-tell-me-your-life-story-a-guided-journal-filled-with-questions-for-mothers-to-answer-for-their-children?path=1_17,309000.0,309000.0,0.0,9781088027950.0,Ann Eckhart,-,102.0,English,0.26,0
Pusheen the Cat's Guide to Everything,"Belton, Claire",Paperback,0,Cooking & Food,http://www.periplus.com/p/9781982165413/pusheen-the-cat-s-guide-to-everything?path=1_17,372000.0,372000.0,0.0,9781982165413.0,Gallery Books,-,224.0,English,0.39,0
How to Survive History: How to Outrun a Tyrannosaurus...,"Cassidy, Cody",Paperback,0,Cooking & Food,http://www.periplus.com/p/9780143136408/how-to-survive-history-how-to-outrun-a-tyrannosaurus-escape-pompeii-get-off-the-titanic-and-survive-the-rest-of-history-s-deadliest-catastrophes?path=1_17,372000.0,372000.0,0.0,9780143136408.0,Penguin Books,-,224.0,English,0.2,0
"Verse, Chorus, Monster!","Coxon, Graham",Paperback,0,Cooking & Food,http://www.periplus.com/p/9780571374311/verse-chorus-monster?path=1_17,341000.0,341000.0,0.0,9780571374311.0,Faber & Faber,-,320.0,English,0.27,0
Superman for All Seasons,"Loeb, Jeph",Paperback,0,Cooking & Food,http://www.periplus.com/p/9781779523877/superman-for-all-seasons?path=1_17,413000.0,413000.0,0.0,9781779523877.0,DC Comics,-,232.0,English,0.39,0
The Alcatraz Escape Book: Solve the Puzzles to Escape...,"Phillips, Charles",Paperback,0,Cooking & Food,http://www.periplus.com/p/9781781454787/the-alcatraz-escape-book-solve-the-puzzles-to-escape-the-pages?path=1_17,262000.0,262000.0,0.0,9781781454787.0,Ammonite Press,09 April 2024,9.0,English,0.27,0
Murdle: The School of Mystery: 50 Seriously Sinister...,"Karber, G. T.",Paperback,0,Cooking & Food,http://www.periplus.com/p/9781250350718/murdle-the-school-of-mystery-50-seriously-sinister-logic-puzzles?path=1_17,372000.0,372000.0,0.0,9781250350718.0,St. Martin's Griffin,-,240.0,English,0.31,0
How to Win at Chess Beginners and Beyond: The Complete...,"Arthur, Ryan",Paperback,0,Cooking & Food,http://www.periplus.com/p/9798325787805/how-to-win-at-chess-beginners-and-beyond-the-complete-guide-to-logical-chess-move-by-move?path=1_17,173000.0,173000.0,0.0,9798325787805.0,Independently Published,-,76.0,English,0.08,0
You Don't Have to Have a Dream: And Other Life Lessons...,"Minchin, Tim",Hardcover,0,Cooking & Food,http://www.periplus.com/p/9781668080351/you-don-t-have-to-have-a-dream-and-other-life-lessons?path=1_17,414000.0,414000.0,0.0,9781668080351.0,S&s/Simon Element,-,128.0,English,0.29,0
F1 the Movie: The Making of the Most Authentic Racing...,"Salisbury, Mark",Hardcover,0,Cooking & Food,http://www.periplus.com/p/9781595911506/f1-the-movie-the-making-of-the-most-authentic-racing-film-of-all-time?path=1_17,1034000.0,1034000.0,0.0,9781595911506.0,Melcher Media Inc,-,304.0,English,2.28,0
A Little History of Music,"Philip, Robert",Paperback,0,Cooking & Food,http://www.periplus.com/p/9780300279085/a-little-history-of-music?path=1_17,310000.0,310000.0,0.0,9780300279085.0,Yale University Press,-,320.0,English,0.34,0
This American Woman: A One-In-A-Billion Memoir,"Garg, Zarna",Hardcover,0,Cooking & Food,http://www.periplus.com/p/9780593975022/this-american-woman-a-one-in-a-billion-memoir?path=1_17,620000.0,620000.0,0.0,9780593975022.0,Ballantine Books,-,320.0,English,0.44,0
Ultimate Anime: 100 Essential Films and Series,"O'Connell, Joe",Hardcover,1,Cooking & Food,http://www.periplus.com/p/9780500028087/ultimate-anime-100-essential-films-and-series?path=1_17,552300.0,1048000.0,47.0,9780500028087.0,Thames & Hudson,25 September 2025,304.0,English,1.72,0
Gwent: Art of the Witcher Card Game Volume 2,"Burza, Pawel",Hardcover,0,Cooking & Food,http://www.periplus.com/p/9781506750408/gwent-art-of-the-witcher-card-game-volume-2?path=1_17,1137000.0,1137000.0,0.0,9781506750408.0,Dark Horse Books,-,248.0,English,1.69,0
The Beatles Anthology (25th Anniversary Edition),Beatles,Paperback,0,Cooking & Food,http://www.periplus.com/p/9781797241487/the-beatles-anthology-25th-anniversary-edition?path=1_17,1034000.0,1034000.0,0.0,9781797241487.0,Chronicle Books,20 November 2025,368.0,English,2.52,0
Stranger Things Mad Libs: Updated Edition,"Degennaro, Gabriella",Paperback,0,Cooking & Food,http://www.periplus.com/p/9798217145157/stranger-things-mad-libs-updated-edition?path=1_17,145000.0,145000.0,0.0,9798217145157.0,Mad Libs,-,48.0,English,0.07,0
The Rest Is Noise: Listening to the Twentieth Century...,"Ross, Alex",Paperback,0,Cooking & Food,http://www.periplus.com/p/9780312427719/the-rest-is-noise-listening-to-the-twentieth-century?path=1_17,538000.0,538000.0,0.0,9780312427719.0,Picador USA,14 October 2008,720.0,English,0.57,0
Days at the Morisaki Bookshop,"Yagisawa, Satoshi",Paperback,1,Health & Fitness,http://www.periplus.com/p/9781786583239/days-at-the-morisaki-bookshop?path=1_22,258000.0,258000.0,0.0,9781786583239.0,Bonnier Books Ltd,04 July 2023,160.0,English UK / Other,0.17,4
The Housemaid,"McFadden, Freida",Paperback,1,Health & Fitness,http://www.periplus.com/p/9781538742570/the-housemaid?path=1_22,258000.0,258000.0,0.0,9781538742570.0,Grand Central Publishing,-,336.0,English,0.27,4
Batman: Hush: DC Compact Comics Edition,"Loeb, Jeph",Paperback,1,Health & Fitness,http://www.periplus.com/p/9781779527264/batman-hush-dc-compact-comics-edition?path=1_22,198000.0,198000.0,0.0,9781779527264.0,DC Comics,-,312.0,English,0.36,1
Strange Pictures,Uketsu,Paperback,1,Health & Fitness,http://www.periplus.com/p/9780063433083/strange-pictures?path=1_22,360000.0,360000.0,0.0,9780063433083.0,Harpervia,-,240.0,English,0.23,5
Strange Houses,Uketsu,Paperback,1,Health & Fitness,http://www.periplus.com/p/9780063433151/strange-houses?path=1_22,360000.0,360000.0,0.0,9780063433151.0,Harpervia,-,208.0,English,0.2,3
Madonna in a Fur Coat,"Ali, Sabahattin",Paperback,1,Health & Fitness,http://www.periplus.com/p/9780241422267/madonna-in-a-fur-coat?path=1_22,225000.0,225000.0,0.0,9780241422267.0,Penguin Books Ltd,04 March 2021,192.0,English,0.15,1
Watchmen: DC Compact Comics Edition,"Moore, Alan",Paperback,1,Health & Fitness,http://www.periplus.com/p/9781779527325/watchmen-dc-compact-comics-edition?path=1_22,198000.0,198000.0,0.0,9781779527325.0,DC Comics,-,416.0,English,0.54,0
"Jujutsu Kaisen, Vol. 26","Akutami, Gege",Paperback,1,Health & Fitness,http://www.periplus.com/p/9781974754977/jujutsu-kaisen-vol-26?path=1_22,238000.0,238000.0,0.0,9781974754977.0,Viz Media,-,192.0,English,0.18,0
There are Rivers in the Sky,"Shafak, Elif",Paperback,1,Health & Fitness,http://www.periplus.com/p/9780241988749/there-are-rivers-in-the-sky?path=1_22,250000.0,250000.0,0.0,9780241988749.0,Penguin Books Ltd,03 April 2025,496.0,English UK / Other,0.34,3
Good Material,"Alderton, Dolly",Paperback,1,Health & Fitness,http://www.periplus.com/p/9780241993163/good-material?path=1_22,250000.0,250000.0,0.0,9780241993163.0,Penguin Books Ltd,01 August 2024,352.0,English UK / Other,0.25,1
Supergirl: Woman of Tomorrow: DC Compact Comics,"King, Tom",Paperback,1,Health & Fitness,http://www.periplus.com/p/9781799506904/supergirl-woman-of-tomorrow-dc-compact-comics?path=1_22,198000.0,198000.0,0.0,9781799506904.0,DC Comics,-,216.0,English,0.25,2
Superman: Birthright: DC Compact Comics Edition,"Waid, Mark",Paperback,1,Health & Fitness,http://www.periplus.com/p/9781799501916/superman-birthright-dc-compact-comics-edition?path=1_22,198000.0,228000.0,13.0,9781799501916.0,DC Comics,-,312.0,English,0.36,0
What You Are Looking for Is in the Library,"Aoyama, Michiko",Paperback,1,Health & Fitness,http://www.periplus.com/p/9781804994139/what-you-are-looking-for-is-in-the-library?path=1_22,250000.0,250000.0,0.0,9781804994139.0,Penguin Books,20 June 2024,0.0,English,0.0,3
Everything I Know About Love,"Alderton, Dolly",Paperback,1,Health & Fitness,http://www.periplus.com/p/9780241982105/everything-i-know-about-love?path=1_22,275000.0,275000.0,0.0,9780241982105.0,Penguin Books Ltd,07 February 2019,384.0,English UK / Other,0.27,0
Days at the Torunka Café,"Yagisawa, Satoshi",Paperback,1,Health & Fitness,http://www.periplus.com/p/9780063445857/days-at-the-torunka-caf?path=1_22,258000.0,258000.0,0.0,9780063445857.0,Harper Perennial,-,240.0,English,0.18,0
All-Star Superman: DC Compact Comics Edition,"Morrison, Grant",Paperback,1,Health & Fitness,http://www.periplus.com/p/9781779527257/all-star-superman-dc-compact-comics-edition?path=1_22,198000.0,198000.0,0.0,9781779527257.0,DC Comics,-,296.0,English,0.39,0
Batman: Arkham Asylum: DC Compact Comics,"Morrison, Grant",Paperback,1,Health & Fitness,http://www.periplus.com/p/9781799506997/batman-arkham-asylum-dc-compact-comics?path=1_22,198000.0,198000.0,0.0,9781799506997.0,DC Comics,-,144.0,English,0.14,0
Strange Houses,Uketsu,Paperback,1,Health & Fitness,http://www.periplus.com/p/9781805335375/strange-houses?path=1_22,395000.0,395000.0,0.0,9781805335375.0,Pushkin Press,03 July 2025,208.0,English,0.22,1
"Jujutsu Kaisen, Vol. 25","Akutami, Gege",Paperback,1,Health & Fitness,http://www.periplus.com/p/9781974751884/jujutsu-kaisen-vol-25?path=1_22,238000.0,238000.0,0.0,9781974751884.0,Viz Media,-,208.0,English,0.18,3
Jane Eyre,"Brontë, Charlotte",Paperback,1,Health & Fitness,http://www.periplus.com/p/9780141441146/jane-eyre?path=1_22,225000.0,225000.0,0.0,9780141441146.0,Penguin Classics,01 November 2006,624.0,English,0.44,0
The Midnight Library: A GMA Book Club Pick,"Haig, Matt",Paperback,1,Health & Fitness,http://www.periplus.com/p/9780525559498/the-midnight-library-a-gma-book-club-pick?path=1_22,248000.0,248000.0,0.0,9780525559498.0,Penguin Books,-,304.0,English,0.23,0
Pablo and Splash: Roman Holiday,"Dempsey, Sheena",Paperback,1,Health & Fitness,http://www.periplus.com/p/9781526662859/pablo-and-splash-roman-holiday?path=1_22,200000.0,200000.0,0.0,9781526662859.0,Bloomsbury Publishing PLC,31 July 2025,240.0,English UK / Other,0.48,0
Love Poems,"Kaur, Rupi",Hardcover,1,Health & Fitness,http://www.periplus.com/p/9798881606343/love-poems?path=1_22,398000.0,398000.0,0.0,9798881606343.0,Andrews McMeel Publishing,-,144.0,English,0.27,0
Sunrise on the Reaping,"Collins, Suzanne",Hardcover,1,Health & Fitness,http://www.periplus.com/p/9780702340574/sunrise-on-the-reaping?path=1_22,515000.0,515000.0,0.0,9780702340574.0,Scholastic,18 March 2025,416.0,English UK / Other,0.69,1
Blue Lock 19,"Kaneshiro, Muneyuki",Paperback,1,Health & Fitness,http://www.periplus.com/p/9781646517985/blue-lock-19?path=1_22,245000.0,245000.0,0.0,9781646517985.0,Kodansha Comics,-,208.0,English,0.25,1
Letters from a Stoic,"Seneca, Lucius Annaeus",Paperback,1,Health & Fitness,http://www.periplus.com/p/9780008425050/letters-from-a-stoic?path=1_22,82000.0,82000.0,0.0,9780008425050.0,William Collins,17 September 2020,256.0,English,0.16,1
"Solo Leveling, Vol. 14 (Comic): Side Stories 1",-,Paperback,1,Health & Fitness,http://www.periplus.com/p/9798400904646/solo-leveling-vol-14-comic-side-stories-1?path=1_22,445000.0,445000.0,0.0,9798400904646.0,Ize Press,-,312.0,English,0.52,0
"Jujutsu Kaisen, Vol. 27","Akutami, Gege",Paperback,1,Health & Fitness,http://www.periplus.com/p/9781974755592/jujutsu-kaisen-vol-27?path=1_22,238000.0,238000.0,0.0,9781974755592.0,Viz Media,-,192.0,English,0.16,0
"Love Bullet, Vol. 1",Inee,Paperback,1,Health & Fitness,http://www.periplus.com/p/9798855430301/love-bullet-vol-1?path=1_22,285000.0,285000.0,0.0,9798855430301.0,Yen Press,-,196.0,English,0.2,2
Family Happiness,"Tolstoy, Leo",Paperback,1,Health & Fitness,http://www.periplus.com/p/9780241746936/family-happiness?path=1_22,138000.0,138000.0,0.0,9780241746936.0,Penguin Books Ltd,17 April 2025,144.0,English UK / Other,0.09,0
Almond (Nomad Edition),"Sohn, Won-Pyung",Paperback,1,Health & Fitness,http://www.periplus.com/p/9780063469228/almond-nomad-edition?path=1_22,258000.0,258000.0,0.0,9780063469228.0,Harpervia,-,352.0,English,0.38,0
Meditations,"Aurelius, Marcus",Paperback,1,Health & Fitness,http://www.periplus.com/p/9780008425029/meditations?path=1_22,82000.0,82000.0,0.0,9780008425029.0,HarperCollins Publishers,17 September 2020,256.0,English,0.09,2
Babel: Or the Necessity of Violence: An Arcane History...,"Kuang, R. F.",Paperback,1,Health & Fitness,http://www.periplus.com/p/9780063021433/babel-or-the-necessity-of-violence-an-arcane-history-of-the-oxford-translators-revolution?path=1_22,238000.0,238000.0,0.0,9780063021433.0,Harper Voyager,-,560.0,English,0.41,1
Loved One,"Muharrar, Aisha",Hardcover,1,Health & Fitness,http://www.periplus.com/p/9780593655849/loved-one?path=1_22,575000.0,575000.0,0.0,9780593655849.0,Viking,-,336.0,English,0.5,0
"One Piece (Omnibus Edition), Vol. 35: Includes Vols...","Oda, Eiichiro",Paperback,1,Health & Fitness,http://www.periplus.com/p/9781974755899/one-piece-omnibus-edition-vol-35-includes-vols-103-104-and-105?path=1_22,338000.0,338000.0,0.0,9781974755899.0,Viz Media,-,600.0,English,0.36,0
We'll Prescribe You a Cat,"Ishida, Syou",Hardcover,1,Health & Fitness,http://www.periplus.com/p/9781529936711/we-ll-prescribe-you-a-cat?path=1_22,308000.0,308000.0,0.0,9781529936711.0,Transworld Publishers Ltd,05 September 2024,256.0,English,0.31,0
Fantastic Four: Solve Everything [Marvel Premier Collection...,"Hickman, Jonathan",Paperback,1,Health & Fitness,http://www.periplus.com/p/9781302964870/fantastic-four-solve-everything-marvel-premier-collection?path=1_22,298000.0,298000.0,0.0,9781302964870.0,Marvel Universe,-,344.0,English,0.54,0
We'll Prescribe You a Cat,"Ishida, Syou",Hardcover,1,Health & Fitness,http://www.periplus.com/p/9780593818749/we-ll-prescribe-you-a-cat?path=1_22,305000.0,305000.0,0.0,9780593818749.0,Berkley Books,-,304.0,English,0.31,0
Batman: Gotham by Gaslight: DC Compact Comics Edition...,"Augustyn, Brian",Paperback,1,Health & Fitness,http://www.periplus.com/p/9781799506652/batman-gotham-by-gaslight-dc-compact-comics-edition?path=1_22,198000.0,198000.0,0.0,9781799506652.0,DC Comics,-,120.0,English,0.14,0
On the Calculation of Volume I,"Balle, Solvej",Paperback,1,Health & Fitness,http://www.periplus.com/p/9780571383375/on-the-calculation-of-volume-i?path=1_22,325000.0,325000.0,0.0,9780571383375.0,Faber & Faber,10 April 2025,192.0,English UK / Other,0.21,0
"Solo Leveling, Vol. 13 (Comic)",-,Paperback,1,Health & Fitness,http://www.periplus.com/p/9798400902598/solo-leveling-vol-13-comic?path=1_22,398000.0,398000.0,0.0,9798400902598.0,Ize Press,01 August 2025,296.0,English,0.5,0
Intermezzo,"Rooney, Sally",Paperback,1,Health & Fitness,http://www.periplus.com/p/9780374608538/intermezzo?path=1_22,278000.0,338000.0,18.0,9780374608538.0,"Farrar, Straus and Giroux",-,432.0,English,0.45,0
Wuthering Heights,"Brontë, Emily",Paperback,1,Health & Fitness,http://www.periplus.com/p/9780141439556/wuthering-heights?path=1_22,185000.0,189000.0,2.0,9780141439556.0,Penguin Classics,31 December 2002,416.0,English,0.29,1
Heaven Official's Blessing: Tian Guan CI Fu (Deluxe...,Mo Xiang Tong Xiu,Hardcover,0,Health & Fitness,http://www.periplus.com/p/9798888433201/heaven-official-s-blessing-tian-guan-ci-fu-deluxe-hardcover-novel-vol-1?path=1_22,620000.0,620000.0,0.0,9798888433201.0,Seven Seas,-,420.0,English,0.82,1
The Full Moon Coffee Shop : THE #1 INTERNATIONALLY...,"Mochizuki, Mai",Paperback,1,Health & Fitness,http://www.periplus.com/p/9781914240942/the-full-moon-coffee-shop-the-1-internationally-bestselling-healing-series?path=1_22,315000.0,315000.0,0.0,9781914240942.0,Octopus Publishing Group,08 May 2025,272.0,English UK / Other,0.2,0
"Jujutsu Kaisen, Vol. 29","Akutami, Gege",Paperback,1,Health & Fitness,http://www.periplus.com/p/9781974762019/jujutsu-kaisen-vol-29?path=1_22,238000.0,238000.0,0.0,9781974762019.0,Viz Media,-,192.0,English,0.16,0
The Poppy War,"Kuang, R. F.",Paperback,0,Health & Fitness,http://www.periplus.com/p/9780063429147/the-poppy-war?path=1_22,207000.0,207000.0,0.0,9780063429147.0,Harper Voyager,-,640.0,English,0.33,1
"Kagurabachi, Vol. 1","Hokazono, Takeru",Paperback,1,Health & Fitness,http://www.periplus.com/p/9781974747245/kagurabachi-vol-1?path=1_22,238000.0,238000.0,0.0,9781974747245.0,Viz Media,-,216.0,English,0.18,2
Whispering Rooms,"Kondo, Marie",Paperback,1,Health & Fitness,http://www.periplus.com/p/9781806170586/whispering-rooms?path=1_22,285000.0,288000.0,1.0,9781806170586.0,Bonnier Books Ltd,22 January 2026,224.0,English UK / Other,0.17,0
Problematic Summer Romance,"Hazelwood, Ali",Paperback,1,Health & Fitness,http://www.periplus.com/p/9781408729885/problematic-summer-romance?path=1_22,215000.0,215000.0,0.0,9781408729885.0,"Little, Brown Book Group",27 May 2025,416.0,English UK / Other,0.29,3
"Chinese Myths & Legends: Tales of Gods, Heroes & Monsters...",-,Hardcover,1,Health & Fitness,http://www.periplus.com/p/9781804178065/chinese-myths-and-legends-tales-of-gods-heroes-and-monsters?path=1_22,248000.0,248000.0,0.0,9781804178065.0,Flame Tree Collections,-,416.0,English,0.2,0
"Kagurabachi, Vol. 5","Hokazono, Takeru",Paperback,1,Health & Fitness,http://www.periplus.com/p/9781974758913/kagurabachi-vol-5?path=1_22,225000.0,225000.0,0.0,9781974758913.0,Viz Media,04 December 2025,192.0,English,0.18,0
Blue Lock 20,"Kaneshiro, Muneyuki",Paperback,1,Health & Fitness,http://www.periplus.com/p/9781646518265/blue-lock-20?path=1_22,245000.0,245000.0,0.0,9781646518265.0,Kodansha Comics,-,208.0,English,0.25,0
The Picture of Dorian Gray,"Wilde, Oscar",Paperback,1,Health & Fitness,http://www.periplus.com/p/9780141439570/the-picture-of-dorian-gray?path=1_22,225000.0,225000.0,0.0,9780141439570.0,Penguin Classics,04 February 2003,304.0,English,0.22,2
Blue Lock 21,"Kaneshiro, Muneyuki",Paperback,1,Health & Fitness,http://www.periplus.com/p/9781646519446/blue-lock-21?path=1_22,196000.0,245000.0,20.0,9781646519446.0,Kodansha Comics,-,208.0,English,0.25,0
Harley Quinn: Wild at Heart: DC Compact Comics Edition...,"Conner, Amanda",Paperback,1,Health & Fitness,http://www.periplus.com/p/9781799503033/harley-quinn-wild-at-heart-dc-compact-comics-edition?path=1_22,185000.0,185000.0,0.0,9781799503033.0,DC Comics,-,392.0,English,0.45,0
The Count of Monte Cristo,"Dumas, Alexandre",Paperback,1,Health & Fitness,http://www.periplus.com/p/9780140449266/the-count-of-monte-cristo?path=1_22,275000.0,286000.0,4.0,9780140449266.0,Penguin Group,27 May 2003,1312.0,English,0.89,5
Spider-Man: Fake Red,"Osawa, Yusuke",Paperback,1,Health & Fitness,http://www.periplus.com/p/9781974738786/spider-man-fake-red?path=1_22,298000.0,298000.0,0.0,9781974738786.0,Viz Media,13 June 2023,328.0,English,0.29,1
Michaelides- Silent Patient,"Michaelides, Alex",Paperback,1,Health & Fitness,http://www.periplus.com/p/9781250762481/michaelides-silent-patient?path=1_22,200000.0,200000.0,0.0,9781250762481.0,Penguin LCC US,10 December 2019,0.0,English,0.5,2
Murder at the Black Cat Café,"Yokomizo, Seishi",Paperback,1,Health & Fitness,http://www.periplus.com/p/9781805335511/murder-at-the-black-cat-caf?path=1_22,275000.0,275000.0,0.0,9781805335511.0,Pushkin Vertigo,-,224.0,English,0.21,0
Monkey King: Journey to the West,"Cheng'en, Wu",Paperback,1,Health & Fitness,http://www.periplus.com/p/9780143138938/monkey-king-journey-to-the-west?path=1_22,295000.0,295000.0,0.0,9780143138938.0,Penguin Classics,06 May 2025,384.0,English,0.25,1
Remarkably Bright Creatures,"Van Pelt, Shelby",Paperback,1,Health & Fitness,http://www.periplus.com/p/9780063204164/remarkably-bright-creatures?path=1_22,218000.0,218000.0,0.0,9780063204164.0,Ecco Press,-,384.0,English,0.32,0
Beauty is a Wound,"Kurniawan, Eka",Paperback,1,Health & Fitness,http://www.periplus.com/p/9781805331964/beauty-is-a-wound?path=1_22,328000.0,328000.0,0.0,9781805331964.0,Pushkin Press,14 August 2025,480.0,English,0.36,0
Transformers Vol. 4: Conquer and Control,"Johnson, Daniel Warren",Paperback,1,Health & Fitness,http://www.periplus.com/p/9781534332584/transformers-vol-4-conquer-and-control?path=1_22,325000.0,325000.0,0.0,9781534332584.0,Image Comics,-,144.0,English,0.29,0
"Omniscient Reader's Viewpoint, Vol. 1",Sleepy-C(3b2s Studio),Paperback,1,Health & Fitness,http://www.periplus.com/p/9798400901065/omniscient-reader-s-viewpoint-vol-1?path=1_22,398000.0,450000.0,12.0,9798400901065.0,Ize Press,-,252.0,English,0.43,1
Martyr! (National Book Award Finalist),"Akbar, Kaveh",Paperback,1,Health & Fitness,http://www.periplus.com/p/9780593685778/martyr-national-book-award-finalist?path=1_22,248000.0,248000.0,0.0,9780593685778.0,Vintage,-,352.0,English,0.27,2
"Chainsaw Man, Vol. 19","Fujimoto, Tatsuki",Paperback,1,Health & Fitness,http://www.periplus.com/p/9781974758548/chainsaw-man-vol-19?path=1_22,191250.0,225000.0,15.0,9781974758548.0,Viz Media,06 November 2025,184.0,English,0.16,0
On Earth We're Briefly Gorgeous,"Vuong, Ocean",Paperback,1,Health & Fitness,http://www.periplus.com/p/9780525562047/on-earth-we-re-briefly-gorgeous?path=1_22,248000.0,357000.0,31.0,9780525562047.0,Penguin Books,01 June 2021,256.0,English,0.2,2
The Apothecary Diaries 05 (Light Novel),"Hyuuga, Natsu",Paperback,1,Health & Fitness,http://www.periplus.com/p/9781646093243/the-apothecary-diaries-05-light-novel?path=1_22,350000.0,350000.0,0.0,9781646093243.0,Square Enix Books,-,336.0,English,0.41,0
With Love from the Morisaki Bookshop,"Yagisawa, Satoshi",Hardcover,1,Health & Fitness,http://www.periplus.com/p/9781786584960/with-love-from-the-morisaki-bookshop?path=1_22,395000.0,395000.0,0.0,9781786584960.0,Bonnier Books Ltd,07 November 2024,336.0,English UK / Other,0.44,0
The Menu of Happiness :,"Kashiwai, Hisashi",Paperback,1,Health & Fitness,http://www.periplus.com/p/9781035060733/the-menu-of-happiness?path=1_22,275000.0,275000.0,0.0,9781035060733.0,Pan Macmillan,09 October 2025,240.0,English,0.18,0
"Dandadan, Vol. 16","Tatsu, Yukinobu",Paperback,1,Health & Fitness,http://www.periplus.com/p/9781974757930/dandadan-vol-16?path=1_22,174400.0,218000.0,20.0,9781974757930.0,Viz Media,15 January 2026,202.0,English,0.2,0
On the Calculation of Volume III,"Balle, Solvej",Paperback,1,Health & Fitness,http://www.periplus.com/p/9780571383429/on-the-calculation-of-volume-iii?path=1_22,258000.0,318000.0,19.0,9780571383429.0,Faber & Faber,20 November 2025,208.0,English UK / Other,0.23,0
The Travelling Cat Chronicles and The Goodbye Cat :,"Arikawa, Hiro",Hardcover,1,Health & Fitness,http://www.periplus.com/p/9781529959871/the-travelling-cat-chronicles-and-the-goodbye-cat?path=1_22,450000.0,453000.0,1.0,9781529959871.0,Transworld Publishers Ltd,06 November 2025,512.0,English,0.59,0
Theo of Golden,"Levi, Allen",Paperback,1,Health & Fitness,http://www.periplus.com/p/9781668236512/theo-of-golden?path=1_22,398000.0,398000.0,0.0,9781668236512.0,Atria Books,-,400.0,English,0.32,0
White Nights,"Dostoyevsky, Fyodor",Paperback,1,Health & Fitness,http://www.periplus.com/p/9780241252086/white-nights?path=1_22,125000.0,125000.0,0.0,9780241252086.0,"Penguin Books, Limited (UK)",03 March 2016,128.0,English,0.0,5
The Hunger Games Deluxe :,"Collins, Suzanne",Paperback,1,Health & Fitness,http://www.periplus.com/p/9780702342387/the-hunger-games-deluxe?path=1_22,325000.0,325000.0,0.0,9780702342387.0,Scholastic,04 February 2025,384.0,English UK / Other,0.33,0
"Dragon Ball Super, Vol. 23","Toriyama, Akira",Paperback,1,Health & Fitness,http://www.periplus.com/p/9781974752812/dragon-ball-super-vol-23?path=1_22,182750.0,215000.0,15.0,9781974752812.0,Viz Media,-,192.0,English,0.16,0
Breasts and Eggs,"Kawakami, Mieko",Paperback,1,Health & Fitness,http://www.periplus.com/p/9781529074413/breasts-and-eggs?path=1_22,282000.0,282000.0,0.0,9781529074413.0,Pan Macmillan,10 June 2021,432.0,English,0.29,1
Batman: The Long Halloween: DC Compact Comics Edition...,"Loeb, Jeph",Paperback,1,Health & Fitness,http://www.periplus.com/p/9781799502883/batman-the-long-halloween-dc-compact-comics-edition?path=1_22,198000.0,198000.0,0.0,9781799502883.0,DC Comics,-,376.0,English,0.43,1
Blue Lock 18,"Kaneshiro, Muneyuki",Paperback,1,Health & Fitness,http://www.periplus.com/p/9781646517558/blue-lock-18?path=1_22,164500.0,235000.0,30.0,9781646517558.0,Kodansha Comics,-,208.0,English,0.24,3
"Jujutsu Kaisen, Vol. 23","Akutami, Gege",Paperback,1,Health & Fitness,http://www.periplus.com/p/9781974746293/jujutsu-kaisen-vol-23?path=1_22,172000.0,228000.0,25.0,9781974746293.0,Viz Media,20 August 2024,192.0,English,0.25,0
Katabasis (Deluxe Limited Edition),"Kuang, R. F.",Hardcover,1,Health & Fitness,http://www.periplus.com/p/9780063021471/katabasis-deluxe-limited-edition?path=1_22,645000.0,645000.0,0.0,9780063021471.0,Harper Voyager,-,560.0,English,0.98,0
The Healing Season of Pottery :,"Somin, Yeon",Paperback,1,Health & Fitness,http://www.periplus.com/p/9781405966771/the-healing-season-of-pottery?path=1_22,230000.0,230000.0,0.0,9781405966771.0,Penguin Books Ltd,28 August 2025,272.0,English,0.2,0
"Dandadan, Vol. 17","Tatsu, Yukinobu",Paperback,1,Health & Fitness,http://www.periplus.com/p/9781974761982/dandadan-vol-17?path=1_22,185300.0,218000.0,15.0,9781974761982.0,Viz Media,-,202.0,English,0.18,0
Crime and Punishment: Newly Translated and Fully Annotated...,"Dostoevsky, Fyodor",Paperback,1,Health & Fitness,http://www.periplus.com/p/9781847498830/crime-and-punishment-newly-translated-and-fully-annotated?path=1_22,205000.0,205000.0,0.0,9781847498830.0,Alma Books,25 October 2022,720.0,English,0.43,2
White Nights and Other Stories: New Translation,"Dostoevsky, Fyodor",Paperback,1,Health & Fitness,http://www.periplus.com/p/9781847499318/white-nights-and-other-stories-new-translation?path=1_22,208000.0,208000.0,0.0,9781847499318.0,Alma Books,24 July 2025,576.0,English,0.44,0
The World of Avatar Updated Edition :,"Beecroft, Simon",Paperback,1,Health & Fitness,http://www.periplus.com/p/9780241777183/the-world-of-avatar-updated-edition?path=1_22,425000.0,425000.0,0.0,9780241777183.0,Dorling Kindersley Ltd,06 November 2025,200.0,English UK / Other,0.62,0
A Hunger-Artist :,"Kafka, Franz",Paperback,0,Health & Fitness,http://www.periplus.com/p/9780241746929/a-hunger-artist?path=1_22,157000.0,157000.0,0.0,9780241746929.0,Penguin Books Ltd,17 April 2025,144.0,English,0.09,0
"Chainsaw Man, Vol. 14","Fujimoto, Tatsuki",Paperback,1,Health & Fitness,http://www.periplus.com/p/9781974743582/chainsaw-man-vol-14?path=1_22,218000.0,218000.0,0.0,9781974743582.0,Viz Media,06 February 2024,192.0,English,0.18,1
"Kagurabachi, Vol. 2","Hokazono, Takeru",Paperback,0,Health & Fitness,http://www.periplus.com/p/9781974752713/kagurabachi-vol-2?path=1_22,248000.0,248000.0,0.0,9781974752713.0,Viz Media,-,216.0,English,0.19,1
Self-Portraits: Stories,"Dazai, Osamu",Paperback,0,Health & Fitness,http://www.periplus.com/p/9780811232265/self-portraits-stories?path=1_22,330000.0,330000.0,0.0,9780811232265.0,New Directions Publishing Corporation,-,256.0,English,0.25,0
Someone Who Will Love You in All Your Damaged Glory...,"Bob-Waksberg, Raphael",Paperback,1,Health & Fitness,http://www.periplus.com/p/9780525432722/someone-who-will-love-you-in-all-your-damaged-glory-stories?path=1_22,385000.0,385000.0,0.0,9780525432722.0,Vintage,19 May 2020,256.0,English,0.25,1
Blue Lock 17,"Kaneshiro, Muneyuki",Paperback,1,Health & Fitness,http://www.periplus.com/p/9781646516742/blue-lock-17?path=1_22,132300.0,242000.0,45.0,9781646516742.0,Kodansha Comics,-,208.0,English,0.24,0
Apple and Knife,"Paramaditha, Intan",Paperback,1,Health & Fitness,http://www.periplus.com/p/9781529955644/apple-and-knife?path=1_22,229000.0,229000.0,0.0,9781529955644.0,Vintage Publishing,04 September 2025,192.0,English,0.14,0
"Chainsaw Man, Vol. 18","Fujimoto, Tatsuki",Paperback,1,Health & Fitness,http://www.periplus.com/p/9781974754939/chainsaw-man-vol-18?path=1_22,191250.0,225000.0,15.0,9781974754939.0,Viz Media,-,192.0,English,0.16,0
Rosalina's Storybook,-,Hardcover,1,Health & Fitness,http://www.periplus.com/p/9781506754901/rosalina-s-storybook?path=1_22,498000.0,498000.0,0.0,9781506754901.0,Dark Horse Books,-,112.0,English,0.42,0
"Dandadan, Vol. 15","Tatsu, Yukinobu",Paperback,1,Health & Fitness,http://www.periplus.com/p/9781974757923/dandadan-vol-15?path=1_22,150500.0,215000.0,30.0,9781974757923.0,Viz Media,06 November 2025,200.0,English,0.18,0
Gachiakuta 9,"Urana, Kei",Paperback,1,Health & Fitness,http://www.periplus.com/p/9798888772843/gachiakuta-9?path=1_22,204000.0,240000.0,15.0,9798888772843.0,Kodansha Comics,-,176.0,English,0.2,0
Lost Souls Meet Under a Full Moon,"Tsujimura, Mizuki",Paperback,1,Health & Fitness,http://www.periplus.com/p/9780857529657/lost-souls-meet-under-a-full-moon?path=1_22,368000.0,368000.0,0.0,9780857529657.0,Transworld Publishers Ltd,03 April 2025,320.0,English,0.32,1
"Chainsaw Man, Vol. 17","Fujimoto, Tatsuki",Paperback,1,Health & Fitness,http://www.periplus.com/p/9781974752690/chainsaw-man-vol-17?path=1_22,190400.0,224000.0,15.0,9781974752690.0,Viz Media,-,184.0,English,0.16,2
Kingdom Come: DC Compact Comics Edition,"Waid, Mark",Paperback,1,Health & Fitness,http://www.periplus.com/p/9781799501299/kingdom-come-dc-compact-comics-edition?path=1_22,200000.0,243000.0,18.0,9781799501299.0,DC Comics,-,208.0,English,0.25,2
The White Book,"Kang, Han",Paperback,1,Health & Fitness,http://www.periplus.com/p/9780525573074/the-white-book?path=1_22,218000.0,218000.0,0.0,9780525573074.0,Hogarth Press,-,160.0,English,0.14,0
We Solve Murders,"Osman, Richard",Paperback,1,Health & Fitness,http://www.periplus.com/p/9780241997482/we-solve-murders?path=1_22,230000.0,236000.0,3.0,9780241997482.0,Penguin Books Ltd,08 May 2025,464.0,English UK / Other,0.32,0
"Chainsaw Man, Vol. 11: Go Get 'Em, Chainsaw Man","Fujimoto, Tatsuki",Paperback,1,Health & Fitness,http://www.periplus.com/p/9781974727117/chainsaw-man-vol-11-go-get-em-chainsaw-man?path=1_22,82000.0,168000.0,51.0,9781974727117.0,Viz Media,-,192.0,English,0.19,1
"Kagurabachi, Vol. 6","Hokazono, Takeru",Paperback,1,Health & Fitness,http://www.periplus.com/p/9781974762873/kagurabachi-vol-6?path=1_22,202500.0,225000.0,10.0,9781974762873.0,Viz Media,-,216.0,English,0.18,2
Ultra 85,Logic,Paperback,0,Health & Fitness,http://www.periplus.com/p/9781982158279/ultra-85?path=1_22,393000.0,393000.0,0.0,9781982158279.0,Simon & Schuster,-,304.0,English,0.2,0
Strange News from Another Planet,"Hesse, Hermann",Paperback,1,Health & Fitness,http://www.periplus.com/p/9780241752074/strange-news-from-another-planet?path=1_22,138000.0,145000.0,5.0,9780241752074.0,Penguin Books Ltd,17 April 2025,144.0,English,0.09,0
The Calico Cat at the Chibineko Kitchen :,"Takahashi, Yuta",Paperback,1,Health & Fitness,http://www.periplus.com/p/9781399817660/the-calico-cat-at-the-chibineko-kitchen?path=1_22,238000.0,238000.0,0.0,9781399817660.0,John Murray Press,05 June 2025,224.0,English UK / Other,0.21,0
The Last Devil to Die,"Osman, Richard",Paperback,1,Health & Fitness,http://www.periplus.com/p/9780241992401/the-last-devil-to-die?path=1_22,230000.0,235000.0,2.0,9780241992401.0,Penguin Books,09 May 2024,0.0,English,0.0,0
The Midnight Library: A GMA Book Club Pick,"Haig, Matt",Hardcover,1,Health & Fitness,http://www.periplus.com/p/9780525559474/the-midnight-library-a-gma-book-club-pick?path=1_22,278000.0,390000.0,29.0,9780525559474.0,Viking,-,304.0,English,0.44,8
"Solo Leveling, Vol. 11 (Comic)",-,Paperback,1,Health & Fitness,http://www.periplus.com/p/9798400902550/solo-leveling-vol-11-comic?path=1_22,269500.0,385000.0,30.0,9798400902550.0,Ize Press,-,312.0,English,0.51,6
Tales of the Celestial Kingdom,"Tan, Sue Lynn",Hardcover,0,Health & Fitness,http://www.periplus.com/p/9780008640415/tales-of-the-celestial-kingdom?path=1_22,325000.0,325000.0,0.0,9780008640415.0,HarperCollins Publishers,01 February 2024,176.0,English UK / Other,0.43,0
Soon It Will Be Sunday,"Leav, Lang",Paperback,1,Health & Fitness,http://www.periplus.com/p/9798881600112/soon-it-will-be-sunday?path=1_22,370000.0,370000.0,0.0,9798881600112.0,Andrews McMeel Publishing,-,160.0,English,0.16,0
Blue Lock 24,"Kaneshiro, Muneyuki",Paperback,1,Health & Fitness,http://www.periplus.com/p/9798888770573/blue-lock-24?path=1_22,220500.0,245000.0,10.0,9798888770573.0,Kodansha Comics,-,208.0,English,0.25,0
Bunny vs Monkey: Multiverse Mix-up! (a Phoenix Comic...,"Smart, Jamie",Paperback,0,Health & Fitness,http://www.periplus.com/p/9781788452922/bunny-vs-monkey-multiverse-mix-up-a-phoenix-comic-book-from-the-multi-million-selling-creative-genius-jamie-smart?path=1_22,262000.0,262000.0,0.0,9781788452922.0,David Fickling Books,05 January 2023,256.0,English,0.46,0
My Year of Rest and Relaxation,"Moshfegh, Ottessa",Paperback,1,Health & Fitness,http://www.periplus.com/p/9780525522133/my-year-of-rest-and-relaxation?path=1_22,258000.0,258000.0,0.0,9780525522133.0,Penguin Books,25 June 2019,304.0,English,0.24,0
Hera,"Saint, Jennifer",Paperback,1,Health & Fitness,http://www.periplus.com/p/9781472292223/hera?path=1_22,215000.0,215000.0,0.0,9781472292223.0,Headline Publishing Group,10 April 2025,400.0,English UK / Other,0.28,0
The Future Saints : The new unforgettable romance ...,"Winstead, Ashley",Paperback,1,Health & Fitness,http://www.periplus.com/p/9781035920303/the-future-saints-the-new-unforgettable-romance-from-tiktok-sensation-and-international-bestseller-ashley-winstead?path=1_22,169000.0,218000.0,22.0,9781035920303.0,Bloomsbury Publishing PLC,22 January 2026,384.0,English UK / Other,0.27,0
The Apothecary Diaries 07 (Light Novel),"Hyuuga, Natsu",Paperback,0,Health & Fitness,http://www.periplus.com/p/9781646093267/the-apothecary-diaries-07-light-novel?path=1_22,393000.0,393000.0,0.0,9781646093267.0,Square Enix Books,-,288.0,English,0.36,0
"One Piece (Omnibus Edition), Vol. 34: Includes Vols...","Oda, Eiichiro",Paperback,1,Health & Fitness,http://www.periplus.com/p/9781974749553/one-piece-omnibus-edition-vol-34-includes-vols-100-101-and-102?path=1_22,338000.0,338000.0,0.0,9781974749553.0,Viz Media,10 December 2024,600.0,English,0.36,4
Mongrel,"Footman, Hanako",Paperback,1,Health & Fitness,http://www.periplus.com/p/9781804441565/mongrel?path=1_22,220000.0,220000.0,0.0,9781804441565.0,Bonnier Books Ltd,06 February 2025,352.0,English UK / Other,0.24,0
Onyx Storm (Wing and Claw Collection),"Yarros, Rebecca",Hardcover,0,Health & Fitness,http://www.periplus.com/p/9781649374189/onyx-storm-wing-and-claw-collection?path=1_22,511000.0,682000.0,25.0,9781649374189.0,Entangled: Red Tower Books,21 January 2025,544.0,English,0.7,0
The Restaurant of Lost Recipes :,"Kashiwai, Hisashi",Paperback,1,Health & Fitness,http://www.periplus.com/p/9781035009640/the-restaurant-of-lost-recipes?path=1_22,238000.0,238000.0,0.0,9781035009640.0,Pan Macmillan,03 April 2025,224.0,English,0.16,0
"Villains Are Destined to Die, Vol. 8",Suol,Paperback,0,Health & Fitness,http://www.periplus.com/p/9798400904189/villains-are-destined-to-die-vol-8?path=1_22,414000.0,414000.0,0.0,9798400904189.0,Ize Press,-,296.0,English,0.48,0
Blue Lock 22,"Kaneshiro, Muneyuki",Paperback,1,Health & Fitness,http://www.periplus.com/p/9781646519873/blue-lock-22?path=1_22,196000.0,245000.0,20.0,9781646519873.0,Kodansha Comics,-,208.0,English,0.25,0
The Wizard's Bakery : A magical coming-of-age story...,"Byeong-mo, Gu",Paperback,1,Health & Fitness,http://www.periplus.com/p/9781035428045/the-wizard-s-bakery-a-magical-coming-of-age-story-like-no-other-for-fans-of-korean-translated-fiction?path=1_22,238000.0,238000.0,0.0,9781035428045.0,Headline Publishing Group,05 June 2025,256.0,English UK / Other,0.18,1
"Omniscient Reader's Viewpoint, Vol. 9",Sleepy-C(3b2s Studio),Paperback,1,Health & Fitness,http://www.periplus.com/p/9798400904400/omniscient-reader-s-viewpoint-vol-9?path=1_22,324000.0,405000.0,20.0,9798400904400.0,Ize Press,-,288.0,English,0.48,0
The Man Who Died Seven Times,"Nishizawa, Yasuhiko",Paperback,1,Health & Fitness,http://www.periplus.com/p/9781805335436/the-man-who-died-seven-times?path=1_22,358000.0,358000.0,0.0,9781805335436.0,Pushkin Vertigo,-,288.0,English,0.34,0
Bad Bishop,"Shen, L.J.",Paperback,1,Health & Fitness,http://www.periplus.com/p/9781399752503/bad-bishop?path=1_22,222000.0,222000.0,0.0,9781399752503.0,Hodder & Stoughton,04 November 2025,448.0,English UK / Other,0.31,0
The Hunger Games: Catching Fire Deluxe :,"Collins, Suzanne",Paperback,0,Health & Fitness,http://www.periplus.com/p/9780702342394/the-hunger-games-catching-fire-deluxe?path=1_22,341000.0,341000.0,0.0,9780702342394.0,Scholastic,04 February 2025,400.0,English UK / Other,0.34,1
"Spy X Family, Vol. 13","Endo, Tatsuya",Paperback,1,Health & Fitness,http://www.periplus.com/p/9781974751983/spy-x-family-vol-13?path=1_22,190400.0,224000.0,15.0,9781974751983.0,Viz Media,-,200.0,English,0.18,1
Your Neighbour's Table,"Byeong-mo, Gu",Paperback,0,Health & Fitness,http://www.periplus.com/p/9781035416479/your-neighbour-s-table?path=1_22,294000.0,393000.0,25.0,9781035416479.0,Headline Publishing Group,03 December 2024,224.0,English UK / Other,0.23,1
The Inmate,"McFadden, Freida",Paperback,1,Health & Fitness,http://www.periplus.com/p/9781728296173/the-inmate?path=1_22,238000.0,238000.0,0.0,9781728296173.0,Poisoned Pen Press,-,336.0,English,0.29,0
Notes from the Ginza Shihodo Stationery Shop,"Ueda, Kenji",Paperback,1,Health & Fitness,http://www.periplus.com/p/9781786584670/notes-from-the-ginza-shihodo-stationery-shop?path=1_22,178000.0,245000.0,27.0,9781786584670.0,Bonnier Books Ltd,06 November 2025,240.0,English UK / Other,0.22,0
"Chainsaw Man, Vol. 13","Fujimoto, Tatsuki",Paperback,0,Health & Fitness,http://www.periplus.com/p/9781974741021/chainsaw-man-vol-13?path=1_22,248000.0,248000.0,0.0,9781974741021.0,Viz Media,-,184.0,English,0.17,0
Hop-Frog,"Poe, Edgar Allan",Paperback,1,Health & Fitness,http://www.periplus.com/p/9780241746714/hop-frog?path=1_22,138000.0,145000.0,5.0,9780241746714.0,Penguin Books Ltd,17 April 2025,144.0,English UK / Other,0.09,0
More Days at the Morisaki Bookshop,"Yagisawa, Satoshi",Paperback,0,Health & Fitness,http://www.periplus.com/p/9780063278714/more-days-at-the-morisaki-bookshop?path=1_22,372000.0,372000.0,0.0,9780063278714.0,Harper Perennial,02 July 2024,176.0,English,0.14,0
Ballad of Sword and Wine: Qiang Jin Jiu (Novel) Vol...,Tang Jiu Qing,Paperback,0,Health & Fitness,http://www.periplus.com/p/9798888432587/ballad-of-sword-and-wine-qiang-jin-jiu-novel-vol-1?path=1_22,413000.0,413000.0,0.0,9798888432587.0,Seven Seas,-,446.0,English,0.54,1
The Rainfall Market :,"Yeong-Gwang, You",Paperback,1,Health & Fitness,http://www.periplus.com/p/9781405964685/the-rainfall-market?path=1_22,225000.0,225000.0,0.0,9781405964685.0,Penguin Books Ltd,02 October 2025,224.0,English UK / Other,0.16,0
Blue Lock 23,"Kaneshiro, Muneyuki",Paperback,1,Health & Fitness,http://www.periplus.com/p/9798888770283/blue-lock-23?path=1_22,220500.0,245000.0,10.0,9798888770283.0,Kodansha Comics,-,208.0,English,0.25,0
"Chainsaw Man, Vol. 16","Fujimoto, Tatsuki",Paperback,1,Health & Fitness,http://www.periplus.com/p/9781974748747/chainsaw-man-vol-16?path=1_22,164000.0,218000.0,25.0,9781974748747.0,Viz Media,03 September 2024,184.0,English,0.16,1
The Longing,"Adji, Alberta Natasia",Paperback,1,Health & Fitness,http://www.periplus.com/p/9789815295405/the-longing?path=1_22,310000.0,310000.0,0.0,9789815295405.0,Penguin Books,-,256.0,English,0.0,0
Blue Lock: Episode Nagi 1,"Sannomiya, Kota",Paperback,1,Health & Fitness,http://www.periplus.com/p/9798888771754/blue-lock-episode-nagi-1?path=1_22,262000.0,262000.0,0.0,9798888771754.0,Kodansha Comics,-,208.0,English,0.25,0
Days at the Torunka Cafe,"Yagisawa, Satoshi",Paperback,1,Health & Fitness,http://www.periplus.com/p/9781786585226/days-at-the-torunka-cafe?path=1_22,242000.0,242000.0,0.0,9781786585226.0,Bonnier Books Ltd,25 September 2025,240.0,English UK / Other,0.22,0
No One Knows,"Dazai, Osamu",Paperback,0,Health & Fitness,http://www.periplus.com/p/9780811239332/no-one-knows?path=1_22,330000.0,330000.0,0.0,9780811239332.0,New Directions Publishing Corporation,-,256.0,English,0.26,0
DC: The New Frontier: DC Compact Comics Edition,"Cooke, Darwyn",Paperback,1,Health & Fitness,http://www.periplus.com/p/9781799502340/dc-the-new-frontier-dc-compact-comics-edition?path=1_22,198000.0,198000.0,0.0,9781799502340.0,DC Comics,-,416.0,English,0.4,1
"Chainsaw Man, Vol. 15","Fujimoto, Tatsuki",Paperback,1,Health & Fitness,http://www.periplus.com/p/9781974746408/chainsaw-man-vol-15?path=1_22,150500.0,215000.0,30.0,9781974746408.0,Viz Media,07 May 2024,200.0,English,0.19,0
The Elsewhere Express,"Sotto Yambao, Samantha",Hardcover,1,Health & Fitness,http://www.periplus.com/p/9780593725023/the-elsewhere-express?path=1_22,585000.0,585000.0,0.0,9780593725023.0,Del Rey Books,-,432.0,English,0.5,0
Blue Sisters,"Mellors, Coco",Paperback,1,Health & Fitness,http://www.periplus.com/p/9780008623036/blue-sisters?path=1_22,235000.0,235000.0,0.0,9780008623036.0,HarperCollins Publishers,30 January 2025,352.0,English UK / Other,0.31,0
Moan: Junji Ito Story Collection,"Ito, Junji",Hardcover,0,Health & Fitness,http://www.periplus.com/p/9781974754663/moan-junji-ito-story-collection?path=1_22,517000.0,517000.0,0.0,9781974754663.0,Viz Media,06 November 2025,272.0,English,0.48,0
Conclave,"Harris, Robert",Paperback,1,Health & Fitness,http://www.periplus.com/p/9780593689585/conclave?path=1_22,228000.0,228000.0,0.0,9780593689585.0,Vintage,-,304.0,English,0.18,0
Super-Frog Saves Tokyo,"Murakami, Haruki",Hardcover,1,Health & Fitness,http://www.periplus.com/p/9781787304710/super-frog-saves-tokyo?path=1_22,278000.0,338000.0,18.0,9781787304710.0,Vintage Publishing,02 October 2025,96.0,English,0.29,0
The Master and Margarita,"Bulgakov, Mikhail Afanasevich",Paperback,1,Health & Fitness,http://www.periplus.com/p/9780140455465/the-master-and-margarita?path=1_22,250000.0,250000.0,0.0,9780140455465.0,"Penguin Books, Limited (UK)",06 September 2007,432.0,English,0.0,0
The Bonnie Dead: A Scottish Detective Mystery,"Raymond, Andrew",Paperback,1,Health & Fitness,http://www.periplus.com/p/9781036705114/the-bonnie-dead-a-scottish-detective-mystery?path=1_22,248000.0,248000.0,0.0,9781036705114.0,Vinci Books Ltd,31 July 2025,350.0,English,0.31,2
No Longer Human: A New Translation,"Dazai, Osamu",Paperback,1,Health & Fitness,http://www.periplus.com/p/9784805317426/no-longer-human-a-new-translation?path=1_22,268000.0,268000.0,0.0,9784805317426.0,Tuttle Publishing,-,160.0,English,0.18,0
Superman/Batman: DC Compact Comics Edition,"Loeb, Jeph",Paperback,1,Health & Fitness,http://www.periplus.com/p/9781799502135/superman-batman-dc-compact-comics-edition?path=1_22,195000.0,195000.0,0.0,9781799502135.0,DC Comics,-,304.0,English,0.36,0
Strange Pictures,Uketsu,Paperback,1,Health & Fitness,http://www.periplus.com/p/9781805335399/strange-pictures?path=1_22,395000.0,395000.0,0.0,9781805335399.0,Pushkin Press,16 January 2025,240.0,English,0.25,2
Letters to a Young Poet,"Rilke, Rainer Maria",Paperback,1,Health & Fitness,http://www.periplus.com/p/9780241252055/letters-to-a-young-poet?path=1_22,105000.0,105000.0,0.0,9780241252055.0,Penguin Books,03 March 2016,64.0,English,0.05,1
A Midnight Pastry Shop Called Hwawoldang :,"Onhwa, Lee",Hardcover,1,Health & Fitness,http://www.periplus.com/p/9780241776858/a-midnight-pastry-shop-called-hwawoldang?path=1_22,258000.0,355000.0,27.0,9780241776858.0,Penguin Books Ltd,13 November 2025,288.0,English,0.33,0
Heaven Official's Blessing: Tian Guan CI Fu (Novel...,Mo Xiang Tong Xiu,Paperback,1,Health & Fitness,http://www.periplus.com/p/9781685798468/heaven-official-s-blessing-tian-guan-ci-fu-novel-vol-8-special-edition?path=1_22,258000.0,550000.0,53.0,9781685798468.0,Seven Seas,-,384.0,English,0.75,1
The Housekeeper and the Professor,"Ogawa, Yoko",Paperback,1,Health & Fitness,http://www.periplus.com/p/9781250375971/the-housekeeper-and-the-professor?path=1_22,325000.0,325000.0,0.0,9781250375971.0,Picador USA,-,192.0,English,0.16,0
Gachiakuta 8,"Urana, Kei",Paperback,1,Health & Fitness,http://www.periplus.com/p/9798888772836/gachiakuta-8?path=1_22,164500.0,235000.0,30.0,9798888772836.0,Kodansha Comics,-,192.0,English,0.24,0
Blue Lock: Episode Nagi 3,"Sannomiya, Kota",Paperback,1,Health & Fitness,http://www.periplus.com/p/9798888772409/blue-lock-episode-nagi-3?path=1_22,209600.0,262000.0,20.0,9798888772409.0,Kodansha Comics,-,208.0,English,0.24,0
The Dream of a Ridiculous Man :,"Dostoyevsky, Fyodor",Paperback,1,Health & Fitness,http://www.periplus.com/p/9780241746912/the-dream-of-a-ridiculous-man?path=1_22,150000.0,150000.0,0.0,9780241746912.0,Penguin Books Ltd,17 April 2025,144.0,English,0.09,0
The Book of Disquiet,"Pessoa, Fernando",Paperback,0,Health & Fitness,http://www.periplus.com/p/9780241200131/the-book-of-disquiet?path=1_22,341000.0,341000.0,0.0,9780241200131.0,"Penguin Books, Limited (UK)",28 May 2015,560.0,English,0.0,0
Blue Lock: Episode Nagi 4,"Sannomiya, Kota",Paperback,1,Health & Fitness,http://www.periplus.com/p/9798888773710/blue-lock-episode-nagi-4?path=1_22,212500.0,250000.0,15.0,9798888773710.0,Kodansha Comics,-,208.0,English,0.25,0
Arabian Nights,"Lang, Andrew",Hardcover,1,Health & Fitness,http://www.periplus.com/p/9781035054916/arabian-nights?path=1_22,278000.0,278000.0,0.0,9781035054916.0,MacMillan Collector's Library,02 October 2025,544.0,English,0.3,0
Maid For Each Other,"Painter, Lynn",Paperback,1,Health & Fitness,http://www.periplus.com/p/9781405959889/maid-for-each-other?path=1_22,218000.0,218000.0,0.0,9781405959889.0,Penguin Books Ltd,17 July 2025,384.0,English UK / Other,0.27,0
"Haikyu!!, Vol. 45: Challengers","Furudate, Haruichi",Paperback,1,Health & Fitness,http://www.periplus.com/p/9781974723645/haikyu-vol-45-challengers?path=1_22,238000.0,238000.0,0.0,9781974723645.0,Viz Media,-,232.0,English,0.2,0
Mina's Matchbox (EXP),"Ogawa, Yoko",Paperback,0,Health & Fitness,http://www.periplus.com/p/9780593701935/mina-s-matchbox-exp?path=1_22,295000.0,295000.0,0.0,9780593701935.0,Random House USA Inc,13 August 2024,0.0,English UK / Other,0.34,0
The Passengers on the Hankyu Line,"Arikawa, Hiro",Hardcover,1,Health & Fitness,http://www.periplus.com/p/9798217187188/the-passengers-on-the-hankyu-line?path=1_22,298000.0,335000.0,11.0,9798217187188.0,Berkley Books,-,256.0,English,0.34,0
Watching You,"Jewell, Lisa",Paperback,0,Health & Fitness,http://www.periplus.com/p/9781668091685/watching-you?path=1_22,227000.0,227000.0,0.0,9781668091685.0,Pocket Books,-,384.0,English,0.2,0
The Ballad of Songbirds and Snakes Deluxe :,"Collins, Suzanne",Paperback,0,Health & Fitness,http://www.periplus.com/p/9780702342370/the-ballad-of-songbirds-and-snakes-deluxe?path=1_22,341000.0,341000.0,0.0,9780702342370.0,Scholastic,04 February 2025,528.0,English UK / Other,0.44,1
The Passengers on the Hankyu Line :,"Arikawa, Hiro",Hardcover,1,Health & Fitness,http://www.periplus.com/p/9781529934915/the-passengers-on-the-hankyu-line?path=1_22,330000.0,345000.0,4.0,9781529934915.0,Transworld Publishers Ltd,05 June 2025,240.0,English,0.3,0
Blue Lock 26,"Kaneshiro, Muneyuki",Paperback,1,Health & Fitness,http://www.periplus.com/p/9798888772393/blue-lock-26?path=1_22,188000.0,235000.0,20.0,9798888772393.0,Kodansha Comics,-,208.0,English,0.25,0
People from Oetimu,"Nesi, Felix",Paperback,1,Health & Fitness,http://www.periplus.com/p/9781953861986/people-from-oetimu?path=1_22,209000.0,279000.0,25.0,9781953861986.0,Archipelago Books,-,250.0,English,0.32,0
"Spy X Family, Vol. 11","Endo, Tatsuya",Paperback,1,Health & Fitness,http://www.periplus.com/p/9781974743292/spy-x-family-vol-11?path=1_22,92650.0,218000.0,58.0,9781974743292.0,Viz Media,19 March 2024,208.0,English,0.19,0
"Sapiens A Graphic History, Volume 3","Harari, Yuval Noah",Hardcover,1,Health & Fitness,http://www.periplus.com/p/9781911717263/sapiens-a-graphic-history-volume-3?path=1_22,530000.0,530000.0,0.0,9781911717263.0,Vintage Publishing,31 October 2024,288.0,English UK / Other,1.43,0
Grandmaster of Demonic Cultivation: Mo DAO Zu Shi (...,Mo Xiang Tong Xiu,Paperback,1,Health & Fitness,http://www.periplus.com/p/9781685797652/grandmaster-of-demonic-cultivation-mo-dao-zu-shi-the-comic-manhua-vol-5?path=1_22,90300.0,350000.0,74.0,9781685797652.0,Seven Seas,-,224.0,English,0.52,2
Marigold Mind Laundry,"Yun, Jungeun",Paperback,1,Health & Fitness,http://www.periplus.com/p/9781804993798/marigold-mind-laundry?path=1_22,225000.0,225000.0,0.0,9781804993798.0,Transworld Publishers Ltd,23 October 2025,256.0,English,0.19,0
The Correspondent,"Evans, Virginia",Hardcover,1,Health & Fitness,http://www.periplus.com/p/9780593798430/the-correspondent?path=1_22,535000.0,535000.0,0.0,9780593798430.0,Crown Publishing Group (NY),-,304.0,English,0.52,0
Five Nights at Freddy's: Tales from the Pizzaplex ...,"Cawthon, Scott",Paperback,0,Health & Fitness,http://www.periplus.com/p/9781546128434/five-nights-at-freddy-s-tales-from-the-pizzaplex-graphic-novel-collection-vol-1?path=1_22,310000.0,310000.0,0.0,9781546128434.0,Graphix,-,192.0,English,0.41,0
A Little Life,"Yanagihara, Hanya",Paperback,1,Health & Fitness,http://www.periplus.com/p/9780804172707/a-little-life?path=1_22,245000.0,245000.0,0.0,9780804172707.0,Vintage,26 January 2016,832.0,English,0.54,7
The Orange and Other Poems,"Cope, Wendy",Hardcover,0,Health & Fitness,http://www.periplus.com/p/9780571389513/the-orange-and-other-poems?path=1_22,217000.0,290000.0,25.0,9780571389513.0,Faber & Faber,09 April 2024,48.0,English,0.14,0
The Healing Hippo of Hinode Park,"Aoyama, Michiko",Hardcover,1,Health & Fitness,http://www.periplus.com/p/9781335016331/the-healing-hippo-of-hinode-park?path=1_22,278000.0,345000.0,19.0,9781335016331.0,Hanover Square Press,-,256.0,English,0.28,0
The City and Its Uncertain Walls,"Murakami, Haruki",Paperback,1,Health & Fitness,http://www.periplus.com/p/9780593687840/the-city-and-its-uncertain-walls?path=1_22,258000.0,258000.0,0.0,9780593687840.0,Vintage,-,464.0,English,0.36,0
"Kagurabachi, Vol. 3","Hokazono, Takeru",Paperback,1,Health & Fitness,http://www.periplus.com/p/9781974754786/kagurabachi-vol-3?path=1_22,225000.0,225000.0,0.0,9781974754786.0,Viz Media,06 May 2025,192.0,English,0.16,1
One Piece: Pirate Recipes,Sanji,Hardcover,1,Health & Fitness,http://www.periplus.com/p/9781974724468/one-piece-pirate-recipes?path=1_22,388000.0,388000.0,0.0,9781974724468.0,Viz Media,-,96.0,English,0.52,1
